cutter_id,cut_number,source_file,source_sha256,n_samples,sample_rate_hz,duration_s,last_sample_time_s,wear_flute_1_um,wear_flute_2_um,wear_flute_3_um,wear_mean_um,wear_max_um,wear_level,force_x_mean,force_x_sd,force_x_rms,force_x_peak_to_peak,force_x_crest_factor,force_x_kurtosis,force_y_mean,force_y_sd,force_y_rms,force_y_peak_to_peak,force_y_crest_factor,force_y_kurtosis,force_z_mean,force_z_sd,force_z_rms,force_z_peak_to_peak,force_z_crest_factor,force_z_kurtosis,vibration_x_mean,vibration_x_sd,vibration_x_rms,vibration_x_peak_to_peak,vibration_x_crest_factor,vibration_x_kurtosis,vibration_y_mean,vibration_y_sd,vibration_y_rms,vibration_y_peak_to_peak,vibration_y_crest_factor,vibration_y_kurtosis,vibration_z_mean,vibration_z_sd,vibration_z_rms,vibration_z_peak_to_peak,vibration_z_crest_factor,vibration_z_kurtosis,ae_rms_mean,ae_rms_sd,ae_rms_rms,ae_rms_peak_to_peak,ae_rms_crest_factor,ae_rms_kurtosis
c1,1,c1/c1/c_1_001.csv,a4b24c44792d1b402ae70b6e0a4c746aaa96a9585064ea1057b2a2b412bb8f3f,127399,50000,2.54798,2.54796,32.31711361,48.89261732,37.72082548,39.643518803333336,48.89261732,0,0.4008572987229099,0.8424709781714367,0.9329728569808687,6.245,4.0129784826921,2.754811345167422,0.6294631041059977,1.6359635519650146,1.7528775014122076,22.775,6.874981275240911,8.844452277200277,0.7051320418527618,1.1274905474639574,1.3298256098802979,7.802999999999999,3.429021043150508,2.857464966930553,0.009306533018312546,0.07634965730909303,0.07691447179838719,0.646,4.290479961495618,3.1322931587713896,0.013555608756740634,0.0763149482885211,0.07750922620324599,0.6639999999999999,4.476886391435398,3.1254590894507936,0.018199554156626038,0.07656390953524728,0.0786969503961136,0.669,4.498268334645431,3.1329498719009017,-5.9804237081923665e-05,0.002229608968521521,0.002230402133901929,0.015,4.483496427841788,3.6568025756065143
c1,2,c1/c1/c_1_002.csv,86d2081bc7b5d47a70733f00474fc7e46039b2742981cadf2b349e167b02ca69,217295,50000,4.3459,4.34588,37.914879,49.57081504,37.72082548,41.73550650666667,49.57081504,0,1.0281508640327666,1.8649813124518229,2.1296087641631645,12.646,3.9570648570801747,3.0226391582826513,1.1185804827538601,3.1499549620253093,3.3426625460495507,24.128,4.278625138784198,3.5308679406113814,1.0240950459053362,1.6835546992641768,1.9705618601415125,12.102,3.760348837497476,2.7666916838713296,-0.0032302445983570724,0.08535023789724983,0.08541114719391601,0.812,4.8354344083721505,3.2751716034332596,-0.010850203640212613,0.08502675752811785,0.08571606117941281,0.736,4.503240054300454,3.235982303641234,-0.012855468372489014,0.0869505033248191,0.08789549648479109,0.844,4.949059023465097,3.2773565972515497,0.03855607354057848,0.012941059231254009,0.04066990349367985,0.127,2.9997612366835082,7.87683896718826
c1,3,c1/c1/c_1_003.csv,1fff6f8a41187ebf4622e6f20197179e4c5ea6b3a0f105bcf1fb66cb2d7a2425,218388,50000,4.36776,4.36774,43.08790971,50.30286727,37.72082548,43.70386748666667,50.30286727,0,1.7760923539754934,2.6720945249421053,3.208513753369851,17.528,3.5948108334851376,3.0733174529786735,2.3478862620656815,4.816030479400877,5.3578552865825815,33.604,3.8870030797870836,3.8129799315681643,1.8339880075828343,2.689691300452996,3.2554443901175785,17.426,3.6293048149943274,2.609174508519265,-0.0049068218033957904,0.09564133389811413,0.09576690328416745,0.854,4.521395024282728,3.2627204749701413,-0.00985904445299192,0.09381670458259017,0.09433310401869073,0.8480000000000001,4.749128152416519,3.1945425738373388,-0.011772510394344014,0.09803841053574888,0.09874248290430036,0.8979999999999999,4.861129534946051,3.243209675932561,0.06657051669505651,0.019153434851260337,0.06927110566333727,0.185,2.598486024964195,8.27288839040617
c1,4,c1/c1/c_1_004.csv,2b66403fe4ec0a656f72ccf504a444423906487b58672ccea899a4d2a1715207,218736,50000,4.37472,4.3747,47.8590723,51.08365203,37.84985103,45.59752512,51.08365203,0,2.1049203423304808,2.9925614307317177,3.658698214195686,17.945,3.221910993987633,3.102547926062997,2.7214464651451977,5.532474865146849,6.165582621587361,38.063,3.9165803918434836,3.681622736575949,2.02451409004462,3.121341519845284,3.7204012744673522,21.341,3.4544660782162575,2.5728344774543603,-0.001283382707921879,0.0990317869583733,0.09903987612636804,0.873,4.472945820678961,3.1919806995210127,-0.004830604015799869,0.09712531452325268,0.09724514553364001,0.886,4.781729694045679,3.1430433384814704,-0.0059066957428132545,0.10208823224442908,0.10225873346995827,0.844,4.253915389317774,3.1313649674823054,0.08000284361056251,0.022859672158673267,0.08320467058980795,0.23900000000000002,2.8123421238406245,9.440491071028175
c1,5,c1/c1/c_1_005.csv,54b7c3c9f66d65fc05b7b6fd7618f04160bdd21a0a74fe87d35532b3c7501ce5,219497,50000,4.38994,4.38992,52.25032922,51.90828793,38.17266456,47.443760569999995,52.25032922,0,2.831384114589266,2.9797637720231887,4.110436435449184,16.843,3.054420180719326,3.016936047680474,2.3511685079978317,5.747391944545236,6.209698625968367,46.82,3.9191918104084773,3.4978230404091413,1.1502546230700192,3.2946587016137827,3.4896722202887758,19.509,3.3538966588189982,2.552256694871346,0.015474976878955065,0.08367228542708637,0.08509109449354693,0.8300000000000001,5.253193682141428,3.303040459734072,0.021317475865273786,0.08134976423112508,0.08409630650602812,0.7330000000000001,4.744560332996304,3.253100745951261,0.028552208002842864,0.0875165066507277,0.09205613843810793,0.8460000000000001,4.899184428675777,3.169434554167315,0.08919642181897701,0.02468803750294988,0.09254997614400708,0.246,2.603998510221178,8.279772768048462
c1,6,c1/c1/c_1_006.csv,af66f0b2818c9c1283da334c250caee493cd4ce07197e2b5788dc1d3ab9acf80,218846,50000,4.37692,4.3769,56.28276562,52.77212655,38.61755643,49.22414953333333,56.28276562,0,2.9306678486241466,2.9870730915445947,4.184659952974359,18.458,3.4150923039379317,2.9493527525848893,2.332707895049487,5.896997979690059,6.341604875447297,42.174,4.191841106802637,3.555551994192179,1.1921905632271095,3.4817896416913596,3.680233967231265,20.023,3.3563083515836163,2.557011171127352,-0.004698418065671751,0.08319939709460203,0.08333176572615716,0.815,5.2200981967607225,3.426084869871,-0.015314577374043847,0.0810152151650365,0.0824498112619597,0.729,4.548221448422111,3.2560162737973553,-0.018278556610584612,0.08699822065366641,0.0888974771527321,0.8,4.702045697898116,3.2843434738461497,0.09528322656114344,0.028012561829019438,0.09931562464428174,0.259,2.5575029197042305,8.806173747724152
c1,7,c1/c1/c_1_007.csv,9b4357026c625c2ae9c1bcf139938b50830c5edb7d200d8ec9302d4aca05404e,219026,50000,4.38052,4.3805,59.97661561,53.6707451,39.17455623,50.940638979999996,59.97661561,1,3.0169100152493313,3.015805695483667,4.265769392253815,17.924,3.0507978287884114,3.0067080552387506,2.4431466218622444,6.012859642375331,6.490245097487881,43.159,4.193216063678991,3.5076366589901657,1.2744270954133299,3.6549641494928045,3.8707707712966974,21.622999999999998,3.4155987996083277,2.574082846568567,-0.008552222110617005,0.08340141902437316,0.0838385677385414,0.808,5.0811936736386265,3.442255442180907,-0.014361578077488519,0.08176241543441531,0.08301395654124935,0.74,4.5414050324498145,3.3245716952286037,-0.01844172837927917,0.08763034559786212,0.08954964966485113,0.901,5.293153036041953,3.3296632974252427,0.10294943066120003,0.0273592751918006,0.10652282288292363,0.249,2.290588940439307,7.263684903174666
c1,8,c1/c1/c_1_008.csv,cc6b3938127bab8af041edb43a489f566d03fa1703f99fa56cb1686defc7e71c,218962,50000,4.37924,4.37922,63.3512879,54.5999392,39.83415523,52.59512744333333,63.3512879,1,3.0945889012705403,2.976187878371593,4.293499074428794,17.469,3.102830527981971,2.946770363173356,2.5315786255149297,6.084958243842888,6.590556734098229,43.167,4.077349013774454,3.5055493234557225,1.3611336624619796,3.7445871866409277,3.9842883940847833,22.176000000000002,3.6029018434789877,2.5848181818174707,-0.004029137475909063,0.08586825911043626,0.08596253950013794,0.823,4.8742161694667905,3.465009156178566,-0.008580333573862132,0.08427529459502997,0.08471077243763377,0.765,4.6983398751677985,3.342901520762784,-0.010350590513422422,0.0895999784597706,0.09019564401543344,0.861,4.900458384934522,3.338130846734477,0.11154573396297075,0.03067129195697999,0.11568567162505622,0.281,2.3857751450372486,7.5790007029902595
c1,9,c1/c1/c_1_009.csv,88845fec17c759cd4261f9b0bbde5ddca789672871aeb5ac4de2e86e3470b032,219749,50000,4.39498,4.39496,66.4253909,55.55571585,40.58729178,54.18946617666666,66.4253909,1,2.7109238221789407,2.87349516044876,3.950448687454194,16.231,2.6870365469398547,2.427511027306602,2.546445781323237,5.8611527675985045,6.3904101240437985,45.971000000000004,4.118827976465506,3.4112986294296115,2.0017639761728154,3.687847606957557,4.1960954587155745,21.866,3.3879114857771895,2.606575897538003,0.008268829437221558,0.0805167651420602,0.08094006120329261,0.7849999999999999,5.102541236813388,3.2148407289373417,0.010666633295259591,0.07717221958142008,0.07790572148032174,0.722,4.697986143321299,3.140317475720249,0.014353257580239273,0.08374797554186054,0.0849688619056973,0.7,4.2250771864925785,3.0268907854581992,0.1150515724758702,0.03236778155374247,0.11951791850718675,0.291,2.3929466273528055,8.594930667448784
c1,10,c1/c1/c_1_010.csv,1107c2eab358f223de55d7b77a945a226b64f70f92c816f67a9b10cd72374b95,218928,50000,4.37856,4.37854,69.21675719,56.53428648,41.42533708,55.72546025,69.21675719,1,2.689304597858657,2.8618032135423936,3.927115919338542,17.066,2.798491367642411,2.4849749389066202,2.525279571365928,5.897866506258069,6.415739033979242,42.013,4.015749372527137,3.4813317701981807,1.9951421426222322,3.7312151279508736,4.231133997971154,22.642,3.4291043505020458,2.6822019760570566,-0.0033245678944675877,0.0787304277986704,0.07880041053303848,0.762,5.114186554028612,3.215261273579233,-0.01098633340641672,0.07560961761900363,0.07640345336075521,0.658,4.476237459911322,3.09266807530138,-0.013223895527296647,0.08202598790464263,0.08308491663283307,0.707,4.344952304584029,3.044048238850955,0.11726233738946139,0.03307223445975351,0.12183687235875021,0.307,2.478724167432312,7.895065726236363
c1,11,c1/c1/c_1_011.csv,6eb325609365d4674d382821d94f3eb90e3e48f5a4155b3d2f6f54c57ff58849,218907,50000,4.37814,4.37812,71.74246752,57.53206029,42.34008123,57.20486968,71.74246752,1,2.768736175636229,2.947110821466116,4.043676857488216,17.396,2.818474473026858,2.512330029073342,2.6337443343520306,6.030967560721372,6.58095834828428,42.806,4.0884622840706255,3.534234414578697,2.082584015129713,3.8633913091346592,4.388949806538376,24.222,3.658278337127666,2.688255047933094,-0.005054648777791482,0.07718237349350217,0.07734753415168111,0.77,5.09389218830626,3.2676831491560976,-0.010076384035229573,0.07483356307616965,0.07550874185136996,0.687,4.767659891733032,3.101970729107695,-0.012541654675273062,0.08145360440210811,0.082413302711587,0.833,5.496685426930595,3.1256233176275523,0.12443853325841568,0.034851847097752055,0.12922690995656397,0.337,2.569124341916034,9.12693420174668
c1,12,c1/c1/c_1_012.csv,e3df4996e383677215e93f4bb31f2cae41dfdfff4381ffc3d235eebbfd0bf07b,218992,50000,4.37984,4.37982,74.01887416,58.54563763,43.32371962,58.62941046999999,74.01887416,1,2.859315728428436,2.9981083519119465,4.142981906678117,17.235,2.678988286699829,2.5478028827194414,2.748919348652005,6.190801922086432,6.773655660927359,45.838,4.2409891258137975,3.559671012816965,2.1907490775918754,4.024310699614117,4.581962917263228,23.907,3.4736204302383373,2.6904750404042272,-0.001607720829984657,0.07871251331603452,0.07872875095590422,0.825,5.258561770297618,3.310924898475845,-0.0055046622707678825,0.07611318567006169,0.07631180698652294,0.749,4.927153671861073,3.16848340012592,-0.00651720610798568,0.08295716389769293,0.08321258073209056,0.8029999999999999,5.107400783161874,3.1676186986461623,0.12782397073865712,0.03628886624885193,0.13287529226927594,0.334,2.476005842630782,7.87078642145548
c1,13,c1/c1/c_1_013.csv,39a62fda291ca346cdfabc6259af76e16ff9e88f6e99e2fd1a8d76cd8e68e42e,219847,50000,4.39694,4.39692,76.06162381,59.57180359,44.36883963,60.00075567666667,76.06162381,1,4.791268454879985,3.1640551030327697,5.741729057037514,19.532,2.737851236768537,3.0382010916109845,2.526244956719901,6.350965750596874,6.834946677126947,51.768,4.1236605538300255,3.643785400842784,1.2382476858906422,3.789462178179797,3.986629605720636,20.916,3.2104813503702485,2.487366962454665,0.007839583892434283,0.08030770312851598,0.08068926150275074,0.702,4.411987337222857,3.1462594234266357,0.012903078049734588,0.07577894418029835,0.07686944571177033,0.635,4.292993099460714,3.0235221483818653,0.016140293021965277,0.08287940245337806,0.0844362076684445,0.729,4.393849632101018,3.0201511515216155,0.1276045931943579,0.03557574622449865,0.13247097858339882,0.31,2.302391084157224,6.484159765437452
c1,14,c1/c1/c_1_014.csv,ddbb01b5e63755672b27148ad84b8b607f63091e5b42d5c9915bc834db3c913e,218983,50000,4.37966,4.37964,77.88567991,60.60752172,45.46840765,61.32053642666667,77.88567991,1,6.0267627487065205,3.3054292595242454,6.873694925239193,19.545,2.418204500023193,3.0196699500709427,2.5619296520734487,6.624679363103742,7.102792394272471,46.301,4.227351488438868,3.652910908897887,1.232498148258084,4.097628801144535,4.278964454426435,24.904,3.657894372973481,2.5260799547294805,-0.003425562714913943,0.08006961927845258,0.08014267985541595,0.719,4.579332768283996,3.1912471932361877,-0.00934652004950156,0.07552791040373623,0.07610385428598135,0.635,4.336179857066548,3.012391949631456,-0.012298507190055848,0.08255502056668133,0.0834658827139468,0.704,4.624644075506806,3.0003274661879433,0.14246224136120156,0.03775275576822874,0.14737962638425556,0.367,2.456241808187079,7.002107637667752
c1,15,c1/c1/c_1_015.csv,b3b9b208fcda0398668734c92cb6776ffafae89385db01724a676a44c9687692,219084,50000,4.38168,4.38166,79.50534445,61.64992794,46.61575637,62.59034291999999,79.50534445,1,7.169776971389969,3.3340728571005824,7.907066010677309,20.46,2.3164091428182063,3.0191760608637526,2.6340435814573406,6.692254745965408,7.191957643701082,48.012,4.311343522324106,3.6824171945034467,1.310684349381972,4.275941474386882,4.472302035977019,24.71,3.4420752167819604,2.505946837142293,-0.007286721075021453,0.0811100502077085,0.08143651834326941,0.746,4.739888294007626,3.1706856779522963,-0.01228289149367366,0.07624241736438749,0.07722531383061554,0.645,4.260261094200563,3.0157099795464344,-0.01639139782001424,0.08395524750708878,0.08554022056292643,0.7350000000000001,4.606020389088892,3.012433085190395,0.14467850687407569,0.042651839214971385,0.15083448357773324,0.366,2.3933519142123556,6.486753559940529
c1,16,c1/c1/c_1_016.csv,11805a2aacf1c2463373d7406bbe5cd06033a03afeb6cf45076cf41eaa38d224,219177,50000,4.38354,4.38352,80.93427925,62.69632451,47.8045724,63.81172538666666,80.93427925,1,8.26441219653522,3.296780316998251,8.897708683915358,19.343,2.139090037236946,3.0218202483442784,2.7183128476071854,6.666134587110685,7.19905357144449,47.275,4.232500799946984,3.688189889617102,1.385716306911765,4.359760779543697,4.574673432702883,25.403000000000002,3.5600355390565315,2.474938112134878,-0.003044767471039388,0.08157395009865044,0.0816305677011594,0.728,4.581617040434819,3.15541958997401,-0.00542335190280002,0.07682676672282672,0.0770177765280905,0.634,4.167868957927167,3.01204569832424,-0.0077243780141164455,0.08449489086813784,0.08484703898729391,0.747,4.973656182193885,3.017086921519062,0.14292798514442667,0.04314229931821081,0.14929721509752292,0.386,2.5519565100469275,7.365727435392429
c1,17,c1/c1/c_1_017.csv,b433ad1e5d90d5da087f6293a45191f85a6b9d380022376590a7b970f72bd6e7,219087,50000,4.38174,4.38172,82.18552678,63.74417426,49.0288842,64.98619508,82.18552678,1,9.352744229461356,3.3530327939276385,9.935622890495827,19.75,2.0251372482390866,3.0266111425585023,2.753795775194329,6.74775905218447,7.288033724575484,49.417,4.371961108324313,3.699771239154855,1.445106761240968,4.469688810753364,4.697484478771609,25.195999999999998,3.3458333009990042,2.47611535603675,-0.001122745758534281,0.082387864285258,0.08239532606582486,0.789,4.915327353355568,3.168034431402799,-0.003077745370560553,0.07737238457530077,0.07743339774759489,0.644,4.2617269756866625,3.0280888248641764,-0.004971810285411732,0.08531153842482081,0.08545609554605528,0.748,4.8211891424171,3.0127168968905833,0.14004328873917665,0.042462113372310276,0.14633914569648854,0.40800000000000003,2.7538769485222585,8.417395617290113
c1,18,c1/c1/c_1_018.csv,fa7d23f44d959e51cfad2bbf48d3a8639d6e88de6c94632f035dcb7b99922e65,219022,50000,4.38044,4.38042,83.27153045,64.79109482,50.28305022,66.11522516333333,83.27153045,1,10.394296435974468,3.3505928835007377,10.920980716611224,21.097,2.015295198399488,3.017669316327534,2.771960547342276,6.732701079687014,7.280990464373075,48.516000000000005,4.198604592271254,3.735803791258908,1.4986443370985565,4.5034895410285385,4.746289107856627,25.861,3.521909352788829,2.4697478395450143,-0.0009866406114454258,0.08193310583618368,0.08193885916716141,0.738,4.51556201490641,3.174722723141193,-0.003613942891581667,0.0769724317630087,0.07705704889090384,0.659,4.360405762173731,3.0317305882239394,-0.004828556035466757,0.08535594074576217,0.08549221198200575,0.736,4.561819035423794,3.019147935493586,0.13721845750655184,0.03833872831465024,0.14247370444490917,0.35,2.4214994713877354,7.046159696273477
c1,19,c1/c1/c_1_019.csv,c9c67cb15bf225fad119b623e5908c68a44e36aa64bf7d51e9ed2eab34ab2004,219118,50000,4.38236,4.38234,84.20415441,65.83485314,51.56174741,67.20025165333334,84.20415441,1,11.439309381246634,3.3615154849641162,11.922983431428525,19.988,1.90791173457787,3.015974038388846,2.7981866163437052,6.70772911556886,7.267962086307971,49.693,4.325008802566286,3.7358711173667936,1.548826787393094,4.5509554108454,4.807282501383818,26.362000000000002,3.5539829404828893,2.425216731885357,-0.0017287580207924497,0.08157508150996212,0.0815932114712852,0.753,4.681762037696431,3.1605286972424764,-0.004561546746501885,0.07674688379235843,0.07688215007191551,0.627,4.175221422654502,3.0292364193559846,-0.006722227293056709,0.08532832026679807,0.0855925075635499,0.761,5.012120946234461,3.0072558957279467,0.1363987714382205,0.04021973321286221,0.14220493805463683,0.366,2.5385897630453558,8.05339681832839
c1,20,c1/c1/c_1_020.csv,02703949a91806b9e0e5cae041631fe5027a7d25fd724ed6511a8966372e7950,218994,50000,4.37988,4.37986,84.99470288,66.87336002,52.85995997,68.24267429000001,84.99470288,1,12.483285149364823,3.387354558558592,12.934702417559905,20.389,1.8150398240417247,3.0034812307376293,2.841012543722659,6.779058451087769,7.350290872341683,50.102000000000004,4.315339426818472,3.738641005555003,1.621182548380321,4.670462745614108,4.9438199306668364,25.701,3.400609293173093,2.439711399654987,-0.0006494561494835477,0.08119143028812509,0.0811938424021149,0.761,4.840268527429161,3.1878539786881994,-0.0031617030603578182,0.0766287497917702,0.07669377319919832,0.658,4.459292922147883,3.036875197447289,-0.004762427281112725,0.08508561494721861,0.08521859847643819,0.8089999999999999,4.998908778320067,3.0283886430377325,0.1319227832726011,0.036050434338440226,0.13675982095563113,0.323,2.325244342804225,6.760949432662448
c1,21,c1/c1/c_1_021.csv,ec36ee7bb70f39acf340cafcf65cb9b89b6d4fcc18dfb1098af14348f7639e4c,222337,50000,4.44674,4.44672,85.653939,67.90466485,54.17296838,69.24385740999999,85.653939,1,3.09082804931253,3.0074560797008605,4.312536309550791,17.216,2.7192814525477065,2.3341165856251953,2.554461268254946,5.839993962018905,6.37421747760289,48.269,3.9931176006206712,3.522426804387202,0.4276533460467669,3.9619475404891986,3.9849523331918264,23.89,3.5468429276490476,2.5155257034931093,0.009753590270625221,0.08758991823304324,0.08813110570671895,0.8220000000000001,4.799667456886919,3.1401681993232593,0.013168330057525287,0.08319256715418208,0.08422812486200984,0.724,4.452194568196301,3.1297187991631685,0.016664914071881875,0.09065487485834949,0.09217368785786562,0.862,4.6976529860419385,3.0722526733547597,0.115810027120992,0.03182811481806241,0.12010406620243949,0.28400000000000003,2.3229854643700074,5.505100895364319
c1,22,c1/c1/c_1_022.csv,43197bb7c787778369ed0b3514c89bbd9af1aa3cc1e5bc218d073b94175f87c6,218959,50000,4.37918,4.37916,86.19210327,68.92695045,55.49633868,70.2051308,86.19210327,1,3.502538539178568,3.234538510137525,4.767595600537639,18.267,2.6317248884500777,2.38798259982609,2.5883197128229485,6.296077675315135,6.807335160561508,47.902,4.195474341481404,3.563635835214669,0.47108191031197627,4.391614419331023,4.416798307894127,25.762999999999998,3.5036691560811346,2.5395843624834122,-0.0021489319918340877,0.08807245059030437,0.08809846216634686,0.808,4.665234669181317,3.1839762533576788,-0.008930000593718459,0.08356871409897187,0.08404429184430255,0.7190000000000001,4.485729985070452,3.119108617794637,-0.011558899154636256,0.09151139875285852,0.09223831094092007,0.76,4.23901951381613,3.077636261108069,0.1297747432167666,0.035201039487462525,0.1344640899975346,0.317,2.320322102397157,6.788786716169452
c1,23,c1/c1/c_1_023.csv,b3b88f5911d37e1e01b2f407771d6bc064095311c0ef40b180757a2f636c6e5b,218933,50000,4.37866,4.37864,86.61893145,69.93852803,56.82591204,71.12779050666667,86.61893145,1,3.6275317288850926,3.2628455553878997,4.87904692895015,18.759,2.6771621979070854,2.389421579978426,2.7015300525731614,6.364589999539494,6.914194491227815,47.1,4.078710836928178,3.638273143988359,0.5468971511832387,4.532144668571885,4.5650123735482415,26.681,3.5625314170527167,2.5200319568655183,-0.006163241722353414,0.08831539822285828,0.08852999201533633,0.765,4.529538418240606,3.1900806062985416,-0.01095264304604605,0.08386748942606784,0.0845794540351878,0.716,4.33911526370596,3.135987670595358,-0.014946348882991602,0.09235860088239076,0.09355995692434695,0.788,4.328774972903045,3.087780047174265,0.12453654771094352,0.0338093791432584,0.12904425834843974,0.317,2.4177751415917403,6.789097916013184
c1,24,c1/c1/c_1_024.csv,3966bac0419325d6dc613ab16851dba980ca639fde89c50602ce90cd96e698a2,219039,50000,4.38078,4.38076,86.94367205,70.93783235,58.15779461,72.01309966999999,86.94367205,1,3.7797003912545253,3.3135074638679445,5.026471589072179,19.218,2.6652891123717484,2.3874928893330236,2.7909997260761785,6.374445203220787,6.958666942132365,49.752,4.546129346766235,3.6785448324523533,0.634605202726455,4.632750032500984,4.676002421161908,27.066000000000003,3.5096217926940563,2.5037750050493908,-0.0019640520637877273,0.08768067287624742,0.08770246745800911,0.81,4.720505728053983,3.1794371361895326,-0.004845096078780492,0.08294554684823795,0.0830867455626938,0.755,4.561497714626726,3.1380200150829727,-0.006738526015914974,0.09199032094391717,0.09223658843887217,0.8220000000000001,4.83539132950019,3.0914373398119435,0.12194741575701132,0.03343278036237538,0.12644729301015506,0.287,2.2301782291009773,6.786227825466829
c1,25,c1/c1/c_1_025.csv,7be702d1dc609c2782e483b50e10100776be2e57660fecca25fe2a2be4954959,218936,50000,4.37872,4.3787,87.17510345,71.92341685,59.48834755,72.86228928333333,87.17510345,1,3.9595617623415063,3.363737109464603,5.195460038424088,18.787,2.557232641910566,2.3380845053170134,2.8771315361566847,6.441866289725673,7.055163898075892,46.925,4.148167274750558,3.655421515726383,0.7352841378302335,4.80869770584048,4.864577142110148,27.813000000000002,3.535353535896417,2.4654519150624394,-0.0004934821134943546,0.08744275789810561,0.0874439506706872,0.8,4.665845914676508,3.183096319939686,-0.003277683889355794,0.08264669344099518,0.0827114741127443,0.71,4.43711110141431,3.1128519350338095,-0.0045997323418715975,0.09220743965367853,0.09232188597981139,0.868,4.852587176327474,3.074052880306785,0.11986957375671428,0.032786502592166006,0.1242725414359038,0.281,2.2209250475685565,6.994366451890414
c1,26,c1/c1/c_1_026.csv,3e336b7a6f500d420a380cdb3b60644bfe1c4d3a3083c1a97e74c4863049f646,218955,50000,4.3791,4.37908,87.32155046,72.89394911,60.81417738,73.67655898333332,87.32155046,1,4.102309958667306,3.4031266092526082,5.33011864991774,20.233,2.6220804672360707,2.3336584564598497,2.9790016259048664,6.516753594461968,7.165356525676915,49.114999999999995,4.329442629802616,3.7102112753215444,0.8195217784476262,4.990448830195506,5.057280072255895,28.623,3.421997546653637,2.453130774842504,0.00015800050238633508,0.08763103222344863,0.08763097455049264,0.853,4.884117769948889,3.2056747627595237,-0.0024465803475600006,0.08273769235158847,0.08277366867869616,0.756,4.614994189550971,3.1094742445829637,-0.0038688497636500657,0.09246470952434122,0.09254540214436456,0.873,5.294698479300281,3.088572634882935,0.11972869767760498,0.031182633853437926,0.12372272734108182,0.263,2.0853080557199433,6.865094218403247
c1,27,c1/c1/c_1_027.csv,50790e3ca49a2ef07efb189906828eefd1b9f5686039a0c9b3c36681ce1b19d9,218965,50000,4.3793,4.37928,87.39090058,73.84820624,62.13212659,74.45707780333333,87.39090058,1,4.158333692599274,3.3697751801318914,5.352295956342401,19.938000000000002,2.616073571830013,2.3440507254603293,2.970004046308771,6.567607779709667,7.207926123041108,50.61,4.381565440722801,3.7116040154022003,0.8596373986710205,4.945491412511719,5.019636448063564,27.628999999999998,3.35123871500484,2.4673591207665146,-1.1189002808668033e-05,0.08725858330063696,0.08725838476542962,0.8979999999999999,5.592585759086132,3.2440363789840467,-0.003015107437261663,0.08231023169967111,0.0823652485846515,0.726,4.49218579871983,3.1312881996717583,-0.004527212111524673,0.09216817515796905,0.09227908411673633,0.845,4.746471036122491,3.123449668589224,0.12059098029365424,0.03304526177889495,0.12503667008990024,0.373,2.943136599330511,10.13813342566429
c1,28,c1/c1/c_1_028.csv,3b90d05d9c57293a71a709a2d104465da8b1c2d49436372d9268f1d27a9f652d,218962,50000,4.37924,4.37922,87.39090058,74.78507049,63.43926441,75.20507849333333,87.39090058,1,4.244649902722847,3.3779392555219663,5.424709605040617,20.007,2.6065911411849907,2.3192161447144506,3.0043029932134346,6.571765744724962,7.2259078487335,51.347,4.429201239482951,3.7348896666144737,0.9149105232871457,5.020240630225065,5.102917023591572,30.149,3.5777575679939684,2.4588634969201477,0.00041042738009334964,0.08772777263488694,0.08772853238098358,0.855,5.152257626254073,3.260815126716822,-0.0021782364063170786,0.08302459439802518,0.08305297410731234,0.751,4.6957981239309134,3.144326401830379,-0.0034537134297275324,0.09290687710684217,0.09297083698268391,0.89,4.937032029576007,3.122207006177419,0.11785971081740212,0.030499812702569587,0.12174212812519578,0.271,2.1849461981349134,7.009630457625152
c1,29,c1/c1/c_1_029.csv,50db301d867fd8589b7932df4480a708d749e57e7b8bdb597717ba5e65346492,218948,50000,4.37896,4.37894,87.39090058,75.70352498,64.73287786,75.94243447333334,87.39090058,1,4.366203696768182,3.3800357403756403,5.521623325452929,18.956,2.5045170930535416,2.2979776295269483,3.049281400149807,6.5820636701301485,7.254066538396158,49.376000000000005,4.2559576530746694,3.714001938653514,0.9767426740595939,5.073698544027728,5.166848710171271,28.320999999999998,3.429556581580771,2.4216800496236974,-0.001087979794289055,0.08815933608106725,0.08816584792855635,0.874,5.251466535831243,3.2707250829066132,-0.004445292946270348,0.08346869065216266,0.08358678799978946,0.825,5.000790316300381,3.1914111595205576,-0.006172218974368344,0.09384150256503081,0.09404405175286303,0.9179999999999999,5.16779095478736,3.1492347998361474,0.1170849014377843,0.028342609536045105,0.12046648492873295,0.256,2.083567061398776,6.435434529481758
c1,30,c1/c1/c_1_030.csv,02b7629ee4fc666feb2d745532240332661f985f7e136b6a05bd1b537cca7915,218914,50000,4.37828,4.37826,87.39090058,76.6026495,66.0104631,76.66800439333332,87.39090058,1,4.481391240395772,3.4048778188102156,5.628144228142293,20.076,2.6299965672496213,2.2967237771423794,3.1252299304749807,6.64104093788713,7.339637960581869,49.606,4.183040112453451,3.7566493894123494,1.056745155631892,5.197218090674374,5.303551905966906,30.09,3.509157698458874,2.4446692154029512,9.177576582584945e-05,0.08931261958781384,0.0893124627509015,0.878,4.971310680776389,3.3022920306179264,-0.0028986496980549442,0.08417354874570783,0.08422325161948799,0.7789999999999999,4.927380408855828,3.2162763138537462,-0.00407578318426414,0.09494736566307682,0.09503458883142477,0.894,4.829820443735366,3.1462877249414567,0.11594359428816796,0.029634216906578494,0.1196707978437709,0.276,2.2645457779414824,7.169386853962591
c1,31,c1/c1/c_1_031.csv,15ee6c5743fdf91a90a77b781a016474b4a9e296e1c671d32b70119a55d84420,219087,50000,4.38174,4.38172,87.39090058,77.48161641,67.26971691,77.38074463333334,87.39090058,1,4.570001328239467,3.421006727086129,5.708602784257569,19.848,2.5656015234391165,2.2794814295051515,3.156421417062628,6.626603519429372,7.339936643772045,50.998000000000005,4.282462032784844,3.7651220192000805,1.1225006960705108,5.219849589388306,5.339167836205733,29.015,3.355391804414834,2.4187706071580357,0.0008574356305942389,0.08968977749848411,0.08969367127290007,0.841,4.716051801614733,3.280698330601843,-0.0017719079635030832,0.08489082666271491,0.08490912328013864,0.777,4.7698054620561,3.221753294324813,-0.0028393332329166047,0.095450477256963,0.09549248052340266,0.881,4.879965390424599,3.1307714863425637,0.1179085751322534,0.03201141519565427,0.12217674948724605,0.298,2.398164963707649,6.9536007612598025
c1,32,c1/c1/c_1_032.csv,650a86b2bf2b4b49ab8ea5f6b0e4a6e56c82a6d7919d64778d32b7f0cfccca6b,219004,50000,4.38008,4.38006,87.39090058,78.33968677,68.50852841,78.07970525333333,87.39090058,1,4.61704818176837,3.3775566266658865,5.720574323373517,19.713,2.5118107357315766,2.256345758187155,3.1583192133477014,6.635002806470689,7.348335966699153,50.522999999999996,4.24626747353473,3.7703918264666445,1.141090610217165,5.201542555849687,5.325223863812041,29.108,3.419950121488979,2.4328464287761853,0.00019521104637358212,0.09049925209694884,0.09049925602102528,0.8879999999999999,5.31496082010057,3.2884114556456057,-0.002849683110810761,0.08566543630054073,0.08571262545020905,0.8140000000000001,4.935095591555798,3.211956764898548,-0.004104783474274443,0.09619383441418493,0.09628115482868732,0.933,5.369690474941811,3.1429567333288992,0.11509293437562786,0.029279334092132518,0.11875882718191923,0.263,2.172470090200419,6.799410497841271
c1,33,c1/c1/c_1_033.csv,b84bd396577937d9e5ad5593ac798a068397c2d60787d30639c8dc9338926083,219174,50000,4.38348,4.38346,87.39090058,79.17620637,69.72497111,78.76402602,87.39090058,1,4.236528361028225,3.919856950304833,5.771774506965833,22.735,2.8365626516145044,2.485909820311623,3.4142100385994687,7.582656361950789,8.315843033489095,57.225,4.335218913442382,3.86134961598887,3.298668966209496,5.95682711733355,6.809173544317247,33.47,3.3084778722964496,2.4864712538964087,0.013676964420962341,0.08121121336453023,0.08235466253025359,0.843,5.452028898000239,3.274004162432733,0.018169650597242373,0.07501421670198963,0.07718317974771298,0.782,5.312038210140581,3.1460039077987454,0.0239165138200699,0.09222340253084751,0.09527390409852764,0.941,4.954137278890981,3.1576086671749675,0.14494518510407256,0.036915479376332994,0.14957223366909952,0.322,2.1193773217380905,6.375212232021213
c1,34,c1/c1/c_1_034.csv,ee01b6ac0b4719e1e068447a773b892e34f7f032154f146c2a3a94563191c553,219204,50000,4.38408,4.38406,87.39090058,79.99060207,70.91729498,79.43293254333332,87.39090058,1,3.895738526669221,3.6452695508536714,5.3352327172550975,21.865000000000002,2.9224592114928147,2.4662607196265576,2.9814302841189027,7.10334409153115,7.703648073259828,55.205,4.557840605657655,3.903863308908675,3.1001033740260215,5.589447990556661,6.391590353295383,31.787,3.423248173080912,2.4900327595337397,-0.0029779246729074284,0.08116333867159244,0.08121776608488339,0.802,4.986593691541836,3.3886951775908036,-0.011393140636119781,0.07575575551846378,0.07660751899738634,0.6890000000000001,5.116991192644864,3.241915766710444,-0.013603711611101986,0.09085862417215801,0.09187117554352985,0.913,5.246476897115806,3.2208665230637656,0.13445962664914876,0.03265365354642006,0.13836779764207086,0.28500000000000003,2.0235922286217396,6.786675634516573
c1,35,c1/c1/c_1_035.csv,0bb84b66ecf6159cd8cf35c5881de71840c5ee3dae01f003680600ddf94cd244,219017,50000,4.38034,4.38032,87.39090058,80.78237816,72.08391897,80.08573257,87.39090058,1,3.85150186515202,3.61563351479212,5.2826899059110115,21.418,2.823940126280677,2.415644194336354,3.0195008971906288,7.028733065980173,7.6498528491448,55.451,4.4735501028396625,3.8795887252746626,3.1471265929128784,5.526895473747434,6.360097475534844,33.7,3.61205155870164,2.480071678599943,-0.006300542880233041,0.08344045420409567,0.08367780141394704,0.773,4.780240317515439,3.252115498124215,-0.012196683362478714,0.07889218453118081,0.07982923930094223,0.6859999999999999,4.697526912242215,3.1543686842622405,-0.015574425729509582,0.0940037238131526,0.09528495411368325,0.827,4.544264139366571,3.1147565759237588,0.12561652748416788,0.03288609540662276,0.12984992225767,0.296,2.2410487040766105,7.495282302102707
c1,36,c1/c1/c_1_036.csv,e49f3c9add4937b223af349e076b14998e3e4e02623490f5a5ad473463d05005,219070,50000,4.3814,4.38138,87.39090058,81.55111275,73.22342351,80.72181228000001,87.39090058,1,3.9059635367690695,3.680572423666746,5.36685221330985,21.764,2.7133223389095913,2.380769788828368,3.061732218012507,6.951772367405176,7.596125500653474,55.622,4.691075732876517,3.9359251553872934,3.236651691240243,5.634446936609376,6.497904395630993,31.769999999999996,3.292446102221005,2.4210678103280006,-0.004136513443191673,0.08315926026935756,0.08326188650665939,0.7909999999999999,5.224479269578022,3.199458427506785,-0.008565453964486238,0.07877659284552477,0.07924071083891557,0.683,4.707176349771178,3.085574786312084,-0.01096869493769115,0.09397366537927591,0.09461142500728428,0.817,4.74572706166756,3.002916109297648,0.11881666134112383,0.030613381965449164,0.12269708183010843,0.28200000000000003,2.257592404549164,6.583720893778933
c1,37,c1/c1/c_1_037.csv,252cf6492a844745274a7607532e7c6591e33e18fa6e90dcf31ffb0dd9b63d70,218952,50000,4.37904,4.37902,87.39090058,82.2964544,74.33454341,81.34063279666667,87.39090058,1,3.9930179491395372,3.7300153605645328,5.4641690483113265,22.311,2.760529527295945,2.3712209955529215,3.1553874958895096,7.020124008569959,7.696647728912597,54.086,4.423224395747397,3.8750565245533974,3.3201240134824075,5.775154815973808,6.661492646986648,30.381,3.16445594359931,2.4007705813087745,-0.0004651841499506739,0.08217362071840507,0.08217474976022042,0.8400000000000001,5.390950398907692,3.2009695738941195,-0.003315393328218057,0.07755946672039044,0.07763011810468223,0.688,4.701783391696079,3.0806323870345844,-0.0037575404654901527,0.09330851784534241,0.09338393249652074,0.845,5.011568773005319,3.028675512221649,0.11912203588001022,0.030190361085269155,0.12288821412908868,0.289,2.3110434309157624,6.9403719560980175
c1,38,c1/c1/c_1_038.csv,f4090a2cc504e34e236c2d19f35d226a41e306ce9d5084d6187e8197006ff8c7,219014,50000,4.38028,4.38026,87.39090058,83.01811874,75.41616079,81.94172670333334,87.39090058,1,3.995565151086232,3.709050159799322,5.451745697563634,21.67,2.731968955678926,2.3350858298447594,3.19553425351804,7.042627321354446,7.733680384509604,56.589999999999996,4.56367450492176,3.9447199549568968,3.383504406111025,5.762624123345505,6.682498576795299,33.205,3.446166091223312,2.401470034985267,0.0014626279598564476,0.08208091666962547,0.08209375981169391,0.813,5.274456925754313,3.2681933021156007,-0.0017999899549800467,0.07755413143262986,0.07757484001748617,0.7350000000000001,5.091857100974529,3.102216230060925,-0.0020015706758472057,0.09347627515955738,0.09349748877233009,0.91,4.909222761241025,3.094677474203069,0.11588485210991077,0.029235104633176776,0.11951563240429246,0.247,2.024839722902294,5.855907864420839
c1,39,c1/c1/c_1_039.csv,c5b94f54a1f6e4e604314334a513bc8d0778cd0e4469063dea50a2136ce06eff,219123,50000,4.38246,4.38244,87.39090058,83.71588526,76.46729838,82.52469473999999,87.39090058,1,4.052088187912725,3.7291616768792446,5.5069049410627215,21.598,2.733840544030653,2.31035961834295,3.282179287432173,7.061318302568624,7.786827947983125,55.724000000000004,4.544340806857736,3.9339916699886546,3.466337746379887,5.824127150323393,6.777595416821758,33.335,3.4165509411387416,2.392495000420089,-0.0012254259023470834,0.08435891923505898,0.08436762676695461,0.853,5.464181199186772,3.321773253680619,-0.005300831040100766,0.08006378498665803,0.08023888846545683,0.761,4.748321011002315,3.1644914348475894,-0.006705736047790511,0.09571200489012188,0.09594640675621015,0.9279999999999999,5.1070177254791735,3.1497890501829824,0.11464058086097761,0.028159910021674794,0.11804846332624588,0.26,2.160129770560982,7.413252645662955
c1,40,c1/c1/c_1_040.csv,f314a0a9e3c6b249ece7e9d70fb63c5ff37fa8af5b5f5aec172a0fd66f620fa4,219058,50000,4.38116,4.38114,87.39090058,84.38959411,77.48711287,83.08920252,87.39090058,1,4.074667005998411,3.729827555909348,5.523989618026276,21.293,2.7103599092840986,2.293191513485261,3.2994229564772803,7.0468197274541104,7.780978950598562,55.19800000000001,4.465504947462571,3.9721546847773594,3.5293257767349284,5.887148673694251,6.864000417273273,34.539,3.448572051428184,2.3896949344168474,0.0007226351012060733,0.08721503740648454,0.08721783205167137,0.783,4.574752554771326,3.2019645180443947,-0.002596969752303043,0.08309517865038614,0.0831355606607361,0.699,4.270134190213769,3.116154212519142,-0.0026024705785682336,0.09838263650267215,0.09841682698111397,0.859,4.3793324091083345,3.0508384490099636,0.11495321330423906,0.029774306631605487,0.11874656431849598,0.309,2.5600740682031584,7.6032475556200945
c1,41,c1/c1/c_1_041.csv,477b6d840cf73a3f79af8afda00cb091dd117616fbf371d81abfdbecd8b41f72,219077,50000,4.38154,4.38152,87.39090058,85.03914309,78.47488851,83.63497739333333,87.39090058,1,4.147359458090078,3.743173122897379,5.586758590303774,21.914,2.639455376789102,2.270528477102256,3.390029975761947,7.091371821190118,7.86000178117696,55.785,4.418065156570501,4.0122306385636515,3.6250383244247453,6.006649632953578,7.015737878255379,35.844,3.492861396083646,2.3975425983986756,-0.00041411923661543646,0.08746197321358767,0.08746275399144364,0.8240000000000001,4.939245339133295,3.167267765298757,-0.004515804945293207,0.08297462022342918,0.08309722419665636,0.687,4.392445157207631,3.0512761117843996,-0.005934986329007608,0.09878357022094532,0.09896147364515458,0.842,4.385545041054972,2.996289041349718,0.1139699557689762,0.02998129397947502,0.11784746371323829,0.276,2.299582795090375,7.118309222284806
c1,42,c1/c1/c_1_042.csv,b5792aed8bb9ff06b56d09dfe2d6923c27d0c6639a5f640ed59219f2b8d7ace8,219002,50000,4.38004,4.38002,87.39090058,85.66448465,79.43003091,84.16180538,87.39090058,1,4.1815236299211875,3.739407870392748,5.609656606177484,20.993,2.6506078792106296,2.2392373425654717,3.458665587528881,7.087730804749941,7.886575062804747,55.072,4.433356649948064,4.008212242947067,3.6911614734112015,6.0107226354652346,7.0536015377371255,34.139,3.2719455269093642,2.3834363978079343,0.0012146099122382445,0.08438097664771602,0.08438952533022875,0.792,4.929521743037778,3.171063227525536,-0.0018000520543191387,0.07975627967762086,0.07977640810241698,0.719,4.58782249922971,3.048607571391442,-0.0023295905973461433,0.09617118688498728,0.09619917851622659,0.877,4.8960917054042525,2.999117356773781,0.11455761134601511,0.03107403679371265,0.11869725216233462,0.277,2.2915442021185384,6.804160377666424
c1,43,c1/c1/c_1_043.csv,32ad88537e43b6a63661c370b0c876a438a199dde2dc5c2b02cab6ce4536f4bb,219054,50000,4.38108,4.38106,87.39090058,86.26562303,80.35206101,84.66952820666667,87.39090058,1,4.220621942534717,3.7676541235037297,5.65763222327094,21.996000000000002,2.7520346649535767,2.2324377544575444,3.4680331470778896,7.126708850963158,7.925717702207551,59.094,4.712885495479616,4.057819799652343,3.750592990769399,6.083429008937161,7.146669668037525,36.79,3.4259313970395535,2.3814768604639527,0.0016294612287381194,0.0835033134040732,0.08351901976148295,0.825,5.196421141429043,3.2747512028727948,-0.0016692961552859118,0.07850705512297043,0.07852462109101203,0.716,4.610019061160865,3.094460939403391,-0.0017661718115167951,0.09557640834043243,0.09559250751373949,0.879,4.770248337030591,3.089914637706638,0.1126870908543099,0.028529679571000454,0.11624250232128826,0.259,2.1850871662927314,7.092215451184566
c1,44,c1/c1/c_1_044.csv,bc9c9f2fa06152437195a5c88f2e9094d2852442ec56a3e8a4df37897bb51233,219154,50000,4.38308,4.38306,87.39090058,86.84261145,81.24060921,85.15804041333332,87.39090058,1,4.296572569973626,3.814430115441277,5.745463128723925,21.364,2.6067524348252866,2.211774869160332,3.5442992416291736,7.161878669540154,7.990890384910332,56.492,4.444185602528259,4.048572211312599,3.836116580121741,6.214581175090442,7.30319336799392,34.251000000000005,3.276785755786923,2.3697651087021154,0.0001852578552068409,0.08635387612210028,0.08635387782560595,0.827,4.944769253586252,3.339568562845973,-0.0035577174041997862,0.08143001014430021,0.08150750670132872,0.745,4.797104166524897,3.181498982289394,-0.004272242350128221,0.09838512798046195,0.09847761824013468,0.935,4.965595317380528,3.1383230036674923,0.11309463208520036,0.027819119046232778,0.11646585619688334,0.263,2.2152415173409783,7.211493779164669
c1,45,c1/c1/c_1_045.csv,be0b1af0edc72e4a5f7a5896a98dce819904ad8687cd9034c408b426d33e757d,219049,50000,4.38098,4.38096,87.39090058,87.39554943,82.09540971,85.62728657333334,87.39554943,1,4.3587851622239775,3.8092508739897197,5.788724735961975,22.216,2.740672725624695,2.1901970968090505,3.619970139101297,7.135075439467809,8.000828264893473,57.717,4.518282208183519,4.063806522930744,3.910478568722067,6.226230564808264,7.352388231637884,33.787,3.2245304862959596,2.352681900236353,0.001041597998621313,0.08955705715693435,0.08956290972304821,0.856,4.86808659241002,3.2332445989366048,-0.0021898753246990398,0.08517918215874572,0.08520713294364603,0.768,4.7648593019614776,3.1293290601811696,-0.002649786120913586,0.10162254425976686,0.10165685280868228,0.866,4.505352933382207,3.062262745494437,0.11402328246191493,0.02907742988639911,0.11767243522735109,0.258,2.1500362384035556,6.45950191276091
c1,46,c1/c1/c_1_046.csv,000c8209732121d5caaa77959a3aa33e1acfba8a60ce8da62915eb90da3ba19d,219216,50000,4.38432,4.3843,87.39090058,87.92458016,82.91629497,86.07725856999998,87.92458016,1,4.390463579300781,3.8221174924332306,5.821055396318051,21.4,2.63388663328953,2.1800017939888052,3.641878270746661,7.170177928758987,8.04204540803049,57.364999999999995,4.578561563856865,4.05945625296025,3.979882380848113,6.285052850234707,7.439164798512836,35.318,3.2582958781670786,2.360388899338118,0.0008152415882052408,0.08657982930605135,0.0865834699386833,0.851,4.9894050250692645,3.197332928994521,-0.0029821956426538208,0.08147859213750877,0.08153296378431096,0.71,4.562571783654237,3.091295933771246,-0.003597620611634187,0.09881239718968911,0.09887764242939946,0.861,4.682555010659674,3.0085483919970373,0.11236058499379606,0.028664532304923804,0.11595927183392325,0.253,2.1386819361472478,6.633888852512691
c1,47,c1/c1/c_1_047.csv,a829632c98cac2d885fac2a7d58ac7cf4bc28936f126b5dc96c02c080fbaa876,219030,50000,4.3806,4.38058,87.39090058,88.42988794,83.70319044,86.50799298666668,88.42988794,1,4.466083335616125,3.853078413536951,5.898478264763677,21.988,2.5882946947862786,2.1763845368762267,3.736919558964525,7.244093430274162,8.151148252180949,60.370999999999995,4.752949989547062,4.130829019534365,4.063661977811258,6.410580849579789,7.590040044275877,35.485,3.226596942458747,2.355946802499862,0.0007355659042140346,0.08703329348288148,0.08703620308993848,0.806,4.848557094843948,3.1671464947027053,-0.0026939323380358858,0.08204026131287195,0.08208429215496671,0.745,4.873039524356757,3.0755702082642307,-0.0030550426882162258,0.09956098677284109,0.09960762077849716,0.865,4.638199330424469,3.007089489918317,0.11356490891658678,0.02892897119659602,0.11719159564941137,0.249,2.0820605662708678,6.365860258832137
c1,48,c1/c1/c_1_048.csv,7637a48e83a5c1587db8614d4600095913c61b0b316aad2b2aebfafaec05a279,219071,50000,4.38142,4.3814,87.39090058,88.91169574,84.45610931,86.91956854333334,88.91169574,1,4.478944296597907,3.858241111092642,5.911590186461464,21.962,2.647003514525846,2.161491144189595,3.7987432476229173,7.181850551705188,8.12460412354199,57.619,4.517389332687812,4.122383287214299,4.133871283739062,6.42770598850785,7.642258008700721,35.102,3.1840066080334957,2.33470811761887,0.00033000716662634494,0.087612036305055,0.08761245785833219,0.9359999999999999,5.752606562127948,3.2384911155349903,-0.0037289737117190314,0.08281979435493347,0.08290351181893228,0.773,4.8731349388716785,3.068398541308887,-0.004785914155684687,0.10036521221130736,0.10047902674288252,1.0,5.125447734658519,3.079227537630754,0.11304936755663687,0.028618197981647622,0.1166154236031951,0.252,2.1180731704963986,6.445162448103187
c1,49,c1/c1/c_1_049.csv,4314fd6603a80d4c1de3c59884cd00d519396c4ff4e601f34333e51e555dfb9c,219161,50000,4.38322,4.3832,87.39090058,89.37026282,85.17514756,87.31210365333334,89.37026282,1,4.53131977404739,3.851245232963271,5.946837904501075,21.28,2.4979661861569267,2.1402810614905836,3.836955722049087,7.210037837776438,8.167413154524564,55.658,4.30234143114626,4.1193811787599515,4.2035081697929835,6.48343377438761,7.726849464118289,33.95,3.1201591427342605,2.332060523461746,0.001214025305597255,0.0894470808089091,0.08945511509283842,0.858,4.929846655971778,3.3156056359249586,-0.0019280483297667013,0.08467049912531792,0.08469225514150738,0.802,4.7347894955683065,3.164013911408868,-0.0018107144975611541,0.1021261442156753,0.10214196214050451,0.96,4.983260447844437,3.1285462646749522,0.11445873581522262,0.028174246390783208,0.11787530166309954,0.254,2.112401805016535,6.933552307234879
c1,50,c1/c1/c_1_050.csv,381f1abb603a3449c8b38e5fd2ed3960a62aa1036c76a658a214dba637379f59,219065,50000,4.3813,4.38128,87.39090058,89.80588243,85.86047909,87.68575403333334,89.80588243,1,4.563345084792185,3.8560390269608025,5.974369210664951,21.284,2.481098753243975,2.130732194944517,3.888856316618356,7.182231065570972,8.167460502202813,58.638,4.572779995682504,4.174331776783798,4.26426150229384,6.506527614532382,7.7793723722369075,37.296,3.321990356475122,2.3310567107580913,0.0006029078127496407,0.09066075151639484,0.09066254928638356,0.849,4.709772705058166,3.246673299523643,-0.0030357382512039804,0.08581323090200045,0.08586671467678514,0.769,4.565214838782936,3.1032641800620775,-0.003815009243831739,0.10334599993638922,0.10341615562339879,0.968,4.902522211774104,3.075759531312311,0.11241356218473969,0.027853040858238656,0.11581276832342556,0.257,2.175925881473189,6.744781321478859
c1,51,c1/c1/c_1_051.csv,1696c4cb24c725b2a6783656ee5ea15a65f0f9aa300ba054f41901738e97fbdf,219093,50000,4.38186,4.38184,87.39090058,90.21887955,86.51235104,88.04071039,90.21887955,1,4.631483420282711,3.8798513362324805,6.041838822453864,21.432000000000002,2.4835154397425305,2.1239533620676707,3.972441337696777,7.236607174679512,8.255212568921136,59.147999999999996,4.448219799723343,4.197270664193898,4.35515447321457,6.604822193087306,7.911437769302411,35.56,3.199418454407166,2.3177278010535334,0.0006328454126786341,0.08979211097604517,0.08979413614956791,0.821,4.888960669645158,3.1186781231574985,-0.0026633301839857964,0.08504978047444217,0.08509127729044112,0.741,4.477544727640377,3.042954297756479,-0.003351124864783448,0.10260866679402533,0.10266314082471557,0.9079999999999999,4.724188215009676,2.9781366915481806,0.11432533672915156,0.029426759742455233,0.11805173804233074,0.262,2.177011573585181,6.630756400394099
c1,52,c1/c1/c_1_052.csv,be96edcfd0c4dbf414d29c67e639614d51297328ce9486b98ed9a4891a926a1d,219097,50000,4.38194,4.38192,87.39090058,90.60960878,87.13107922,88.37719619333332,90.60960878,1,4.653747285448911,3.8702876760986364,6.052802832161876,21.265,2.5545190267625895,2.108482243562973,4.0240031538542285,7.24238388869189,8.285196821562634,58.877,4.528317287811142,4.197678269345004,4.421799481508191,6.643702032956705,7.980656984213999,37.151,3.299477731230093,2.318325208588218,0.0010355367713843636,0.08648938435149321,0.08649538600346103,0.827,4.832627719393889,3.1706885387391983,-0.0024028261454972005,0.0814496150261094,0.08148486413057973,0.704,4.467087279137988,3.0718410267835115,-0.0023690694076139796,0.09957604003599192,0.09960399080061588,0.921,5.049998458464275,3.0261517346483386,0.11212225178802082,0.030342931587215956,0.11615545032887681,0.275,2.3244712085014982,7.138944881497495
c1,53,c1/c1/c_1_053.csv,8a7d741f8094ffd82ae5737968284260c219d63ea16e2c2dd422ed8097fef81a,219161,50000,4.38322,4.3832,87.39090058,90.97845225,87.71704374,88.69546552333333,90.97845225,1,4.7135217716655795,3.8766017674655355,6.102889494714764,22.115,2.5042236162452904,2.1161627597133172,4.114520275048937,7.277945052702938,8.360473646654613,59.384,4.592921600245113,4.199834912450635,4.508479524185416,6.685827415472746,8.06389929801488,37.143,3.2945599911621044,2.307141367463036,0.0012656905197548835,0.08552853899382348,0.08553770850930766,0.915,5.424508185761261,3.2745533423073083,-0.0023620625932533616,0.08040291998169297,0.0804374252702419,0.77,4.836057328949735,3.1268207852934418,-0.0027085384717171392,0.09946663793004089,0.09950328184856642,0.906,4.663162775938983,3.075616684220151,0.11267907155013894,0.027525851269761273,0.11599242301278209,0.266,2.2501469770248566,6.713833993443083
c1,54,c1/c1/c_1_054.csv,ea19418a272cd950ffae050f760447c18ce49003b53e04b2516b6bc3bdf737d8,219221,50000,4.38442,4.3844,87.39090058,91.32581757,88.27068479,88.99580098,91.32581757,1,4.779500586166471,3.927414962712786,6.1861251023236985,21.702,2.4939683153521695,2.1054997093124763,4.160584912029413,7.283221506592973,8.387820953765901,59.168,4.556606562141776,4.239392733021342,4.5943423212192265,6.839727247341248,8.239516780860294,37.53,3.2097756098311687,2.2897282056283643,-0.00029480296139512176,0.08893902281894153,0.08893930855241332,0.916,5.74549103559603,3.325409266257086,-0.004276761806578749,0.0838087534996124,0.08391761325494466,0.762,4.659331752109396,3.1713334704370526,-0.0053388726445003,0.10260253635427614,0.10274111156752587,0.98,5.10019788578601,3.103887131510172,0.11258787707382048,0.02835857584132781,0.11610441515831184,0.23800000000000002,2.0068142945494154,6.021793020442269
c1,55,c1/c1/c_1_055.csv,13220c221e13e5322a3f477aa8871e56a43f67f6c7fa8e5aacffb494281dbb30,219204,50000,4.38408,4.38406,87.39090058,91.65213593,88.79249847,89.27851165999999,91.65213593,1,4.818915653911424,3.9502845675266247,6.231101431986652,22.546999999999997,2.5979355619057554,2.1223856189979267,4.218861909454207,7.281074770472084,8.415022505985648,58.864000000000004,4.479013570455718,4.230652836946454,4.6549664787138925,6.849354026297264,8.281434022998761,36.903999999999996,3.221181250242026,2.290266946833867,0.001297946205361216,0.09179681933237357,0.09180578555744752,0.994,5.947337596260099,3.226975353036741,-0.0017056029999452564,0.0866637579807318,0.08668034244189214,0.8049999999999999,4.810779333036716,3.0926119600064546,-0.0020323762340103283,0.10512042612479418,0.1051398313236427,0.9830000000000001,4.9457945048373695,3.0424721432657456,0.1131840887940001,0.02895159973451492,0.1168282040412441,0.27,2.268287886257727,7.353185656698296
c1,56,c1/c1/c_1_056.csv,fc2a29d5a00bde5419f780471756640301134ffd2b7d50a5ff183b53e96c3d78,219178,50000,4.38356,4.38354,87.39090058,91.95786023,89.2830329,89.54393123666667,91.95786023,1,4.8180245873217205,3.924674344504829,6.21420625324938,21.668,2.4883306684444966,2.0997467746024454,4.25764042467766,7.243880844142162,8.402444421603315,59.787,4.432281623220026,4.213092906013507,4.710627667922876,6.8544191905527985,8.317022370134412,37.42,3.230483074865865,2.266590840392183,0.002194431010411629,0.09000535384238115,0.09003189594299821,0.842,4.742763612024188,3.141405589649406,-0.000889710646141492,0.08520783568899838,0.08521228621720371,0.739,4.342096855104678,3.0549566337083784,-0.0006824544434204166,0.10364084229721773,0.10364285276070824,0.923,4.602343406171025,2.997181732547813,0.11121887233207713,0.03022240720769251,0.11525201643739355,0.27,2.2993090116037282,6.854515734520898
c1,57,c1/c1/c_1_057.csv,8c76fe5850005dee09a759f028283f971d2fbe781f2a37916b0ed27fc6f0042b,219147,50000,4.38294,4.38292,87.39090058,92.24346325,89.74288435,89.79241606,92.24346325,1,4.898863539085636,3.9509915737509793,6.293578247561675,21.749000000000002,2.5390961026330516,2.094134018605691,4.339968943220761,7.309545129102779,8.500855052056263,60.431,4.645179779938524,4.227651213570437,4.802857401652772,6.970959616534727,8.465311302789145,37.007,3.140699620962567,2.2611701944708997,-0.0009726074278908677,0.0874340558891189,0.08743926583906775,0.8220000000000001,4.860516564517066,3.181571144753103,-0.005483752914710218,0.08225576071531579,0.08243816375068717,0.71,4.609515577629936,3.066648432856657,-0.0066214915102648,0.10171185533819271,0.10192692705573547,0.9099999999999999,4.748499871239521,3.0095400288470535,0.11107519610124712,0.029223133942562485,0.11485506888886682,0.243,2.0721767206485904,6.322864378782913
c1,58,c1/c1/c_1_058.csv,39f4193c844b7d535fe782e2356ff757e4cf63ae41216b4de6b368a7568e1ed4,219100,50000,4.382,4.38198,87.39090058,92.50943591,90.17269359,90.02434335999999,92.50943591,1,4.903231729803743,3.9575014628828002,6.301065603718486,21.498,2.461805823898391,2.0892048415766458,4.3697903377453216,7.27810158663686,8.489145336017321,59.05800000000001,4.428007592297311,4.2534604974922114,4.857393637608398,6.946171397814789,8.476045647743346,36.711,3.070181672149009,2.2657948034832955,0.002158799634869922,0.08701100915041135,0.08703758713695744,0.8440000000000001,5.147201510711142,3.2861906022632996,-0.0004856823368324966,0.08166251439148847,0.08166377230438913,0.749,4.9348687750778835,3.11562886527371,-0.0002784801460520315,0.10143245992039968,0.10143261072497697,0.933,4.801217246792999,3.0856634783428185,0.11104727065267002,0.029776970606224012,0.11497025811498786,0.258,2.200569122380862,7.006997442924576
c1,59,c1/c1/c_1_059.csv,6329b2f5c1875a6f7c2571175b56db260c31056e726a0454b19c04c6725eb828,219248,50000,4.38496,4.38494,87.39090058,92.7562856,90.57314227,90.24010948333334,92.7562856,1,4.965173046048311,3.996192953141346,6.373572676142288,21.826,2.492636517579631,2.078965522379916,4.429395807487412,7.290068669758507,8.530205509363888,60.09,4.546901004603386,4.297091073482164,4.944278410749471,7.020069726912026,8.586445318006836,38.041000000000004,3.101982137374487,2.250304558747063,0.0006749799314018828,0.09011429784741914,0.09011662019893829,0.883,4.915852359110326,3.318126021104652,-0.0032558290155440418,0.0848989245723153,0.0849611378271787,0.7989999999999999,4.849275922340613,3.1557911603667868,-0.0036566399693497777,0.10468942415953847,0.10475302648723532,1.03,5.11679727043795,3.1030583537206264,0.11206151025322922,0.030071138103359398,0.11602608026919836,0.248,2.094356712182318,6.139308446784546
c1,60,c1/c1/c_1_060.csv,59ff61558cb6644c845dfd692cab09ab65e874d9d303b027c53c0ede179af8ab,219316,50000,4.38632,4.3863,87.39090058,92.98453457,90.94494956,90.44012823666667,92.98453457,1,5.015632589505554,3.9993895875965713,6.414952409368035,22.037,2.4879373971181633,2.072377592051262,4.502988227033139,7.278731299413007,8.55900641038043,61.001999999999995,4.576582622077851,4.329708978160587,5.031342797607105,7.117583315116917,8.71631640108366,38.376999999999995,3.1636070481071252,2.259433802690219,0.0007190629046672382,0.09197698878154631,0.09197958981953216,0.848,4.707566111672864,3.191244659861446,-0.002745700268106294,0.08702713681104668,0.08707024105922728,0.731,4.375777479940989,3.0767011349618185,-0.0032514636415035846,0.10617086603774138,0.10622040017672889,0.923,4.500077190489834,3.0229537897760994,0.11134412901931459,0.03022169720077603,0.11537270857625669,0.272,2.3142388117162374,6.132149626915957
c1,61,c1/c1/c_1_061.csv,59a9d2bc0dc93f8264e426f7c6045130a3ecd7de6581c76a6f3e96e845b5c165,219164,50000,4.38328,4.38326,87.39090058,93.19471836,91.2888688,90.62482924666666,93.19471836,1,5.099733254549104,4.080796264998537,6.531470082626899,21.138,2.386752109829805,2.0728837477999122,4.600353119125404,7.35152041881712,8.67224623113578,61.013999999999996,4.518206581741431,4.3771514365681465,5.112199311930792,7.219441961180834,8.8461678834071,38.892,3.1370645872607734,2.2600489526273315,0.0007296545053019656,0.0909576088305358,0.090960327893925,0.9099999999999999,5.331994851267372,3.1486280696645528,-0.002659702323374277,0.08570257258422832,0.08574363795992797,0.756,4.53677974547567,3.0544314707250364,-0.003294806628825902,0.10546104476842445,0.10551225979400507,0.966,4.63453252688067,2.9879005115161683,0.11208306564946798,0.029252492407176502,0.11583746377141912,0.254,2.1495636376444596,6.387137934781136
c1,62,c1/c1/c_1_062.csv,de806fc049119a9e25b96f98f86321553d67d9e53238138be9d9d17316b7f750,219232,50000,4.38464,4.38462,87.39090058,93.38738431,91.60568433,90.79465640666668,93.38738431,1,5.086443028390016,4.067742748048846,6.512937760364384,21.704,2.460794282041984,2.077178459114591,4.623606676944972,7.313847648593599,8.652737262336444,63.56399999999999,4.7131906081923365,4.41079553103016,5.15138699642388,7.197208651838322,8.850783247063617,41.371,3.339026521726725,2.268760565656614,0.0007867099693475404,0.08830565024459194,0.08830895316208143,0.837,4.8352968154462,3.170572816345394,-0.002793638702379215,0.08300173012622769,0.08304854120635811,0.746,4.840542581008314,3.0696004924598768,-0.0031402806159684716,0.10305866774116199,0.1031062651448961,0.889,4.412922913661791,3.00960815144885,0.11032466063348416,0.029451326073084344,0.11418803525284887,0.278,2.3907933908792685,7.343406165535004
c1,63,c1/c1/c_1_063.csv,776411f8c007e8d96941e5c44f594f075857c69367b8cdd843d5e697b6e2be15,219256,50000,4.38512,4.3851,87.39090058,93.56309014,91.89620842,90.95006638,93.56309014,1,5.141123914510892,4.081713582316968,6.56440895179677,20.923,2.3281608614309186,2.06824902789395,4.661295184624366,7.293353061085272,8.655658788621093,62.027,4.542808463255529,4.363050612617446,5.209944142919692,7.265937557690979,8.940756443292306,38.373,3.0643939552290362,2.246688786104232,0.0017416672747838145,0.08855993509903969,0.0885768578089118,0.833,5.001306333937592,3.2798642121786585,-0.001607997044550662,0.08277679387565559,0.0827922219033815,0.808,5.000469735951016,3.0996880837714533,-0.001795791221220856,0.10376392994895114,0.10377923163039281,1.006,5.376798336562207,3.07893819762565,0.11028101397453206,0.02970748144008358,0.1142122255786627,0.287,2.469087688040672,7.356146080245232
c1,64,c1/c1/c_1_064.csv,30d5777ca2e5c91facfad49e06aad8d50a12996d82eccf4cb7bb23e7aea15758,219207,50000,4.38414,4.38412,87.39090058,93.72240252,92.16127833,91.09152714333334,93.72240252,1,5.165876646274982,4.092072343967895,6.590239844160185,22.295,2.4725958971644264,2.0487066968225363,4.704496343638661,7.267174039240051,8.65701238544677,61.542,4.541867130292991,4.354178337611503,5.27418913629583,7.26608797321923,8.978466719315284,38.305,3.0711257124426754,2.2392842962998407,0.001843015962081503,0.09065754955652952,0.09067607460704612,0.875,4.896550737602158,3.302237486066183,-0.001490518094768872,0.08538319806795702,0.085396012195771,0.7649999999999999,4.812871109926999,3.14056777330219,-0.0015707527588078845,0.10555997142984415,0.10557141658465037,1.006,5.05818731315235,3.1048617425730987,0.11030002691519888,0.030043582707474585,0.11431845293629678,0.258,2.2131160237182588,5.883452407926181
c1,65,c1/c1/c_1_065.csv,6bb37c82d32b95f4527b92bddaf5fd897e41ee84a93487c51d36ecff8120dcc8,220888,50000,4.41776,4.41774,87.39090058,93.86589581,92.40175351,91.21951663333333,93.86589581,1,5.0376122197674835,3.779517640876424,6.297795313026527,21.042,2.404968603643185,2.0741226391248695,3.564067473108544,7.030437206856645,7.882220531501601,66.465,4.599845926042983,4.2504028133188765,3.0787468717177937,7.1757471587988855,7.80831585404069,37.566,3.193262217626227,2.2157170355805764,0.009770136901959364,0.0910233921770808,0.09154603208026992,0.8480000000000001,4.89371292037193,3.1038311994319723,0.012592829850421934,0.08541494268873827,0.08633804937077266,0.723,4.354974460742037,3.0319214575485445,0.01716821194451487,0.10297966740537241,0.10440072504723275,0.9770000000000001,5.220270259171403,3.0362947294819773,0.1260073974140741,0.03745403728440969,0.13145593467477365,0.301,2.2517051111637816,5.042722280931549
c1,66,c1/c1/c_1_066.csv,2cb8d73ed641e043b53f6d2382504b876ac84fb7767b9a8dbc5eb8311bead4a5,219244,50000,4.38488,4.38486,87.39090058,93.99415074,92.61851282,91.33452138,93.99415074,1,5.131865829851671,3.787443065071267,6.378142867530129,20.227,2.271350814944969,2.077122286251406,3.5472353587783476,7.021515640750702,7.866659755740075,56.606,4.558351462173602,4.375548725580637,3.13765630530368,7.411551393837448,8.048337132969849,38.985,3.2309779735089807,2.2018831492848596,-0.0018697432997026142,0.09117727735095711,0.09119623855802067,0.933,5.208548154075418,3.2131460934326235,-0.009628026308587691,0.08540081201818607,0.08594163320704216,0.79,4.945216702783989,3.0267030021134516,-0.011708721789421832,0.10356113472269232,0.10422069791221944,0.9910000000000001,5.392402960814446,3.0305151100618537,0.12138453503858715,0.03858193419669572,0.12736861545668673,0.318,2.4574342657154777,6.779340974956687
c1,67,c1/c1/c_1_067.csv,9596f7eb0a20f2d5da8b4e8b7415db4d17e8880f7713694b80718c880f3d6dad,219180,50000,4.3836,4.38358,87.39090058,94.10775318,92.81245198,91.43703524666667,94.10775318,1,5.141887425860023,3.812947378657376,6.401367641449192,19.919999999999998,2.2403025108480366,2.059500578593581,3.546438771785747,6.977400955136967,7.8269489541837975,57.07,4.644977271835452,4.438449547444845,3.1969276211333146,7.43490222689155,8.093075134680147,38.944,3.1845744134461933,2.2064883698937985,-0.003917145724974907,0.09242507425251385,0.09250783430002127,0.985,5.545476271082503,3.2415460866376438,-0.008937900355871886,0.08698219691879999,0.08744000299899303,0.862,5.798261466274638,3.0753428627952215,-0.01086262432703714,0.10513199001341209,0.10569144479941052,1.0310000000000001,5.1092120182939516,3.073311183961993,0.11601788028104754,0.035762764260067366,0.12140476933446581,0.28300000000000003,2.289860616876755,6.250603177653971
c1,68,c1/c1/c_1_068.csv,391d34bd9f7e8424dae50b8c9edd9f43d53a7597a715861b3fdf4665b49d461c,219093,50000,4.38186,4.38184,87.39090058,94.20729304,92.98448102,91.52755821333334,94.20729304,1,5.13940428493836,3.815999553518655,6.4011922742754965,21.015,2.3122254989091413,2.0756108057701774,3.5839130369295233,6.957838573221142,7.826603944492983,57.533,4.600590531393316,4.421710159115821,3.256437029024204,7.42665120800222,8.10920948960093,40.699,3.3206689301259105,2.198543990004343,-0.0017051389136120278,0.09446256312422377,0.09447773601707926,0.99,5.55686474012346,3.2072247176241713,-0.0057540587786921536,0.08915845866222373,0.08934373879014916,0.789,4.544246810105116,3.0805082249632836,-0.006915743542696481,0.10703196085816416,0.10725491068627864,1.0,5.090676002677899,3.0783512317878756,0.11093905784301643,0.03210959641841128,0.11549240681259386,0.274,2.3291574521994196,6.087326886555478
c1,69,c1/c1/c_1_069.csv,5fc0dfa642585625d9d2f919d998e02e8561a783b696d4b60a9eb648505a2c25,219183,50000,4.38366,4.38364,87.39090058,94.29336308,93.13552193,91.60659519666666,94.29336308,1,5.220683907967316,3.851271949762887,6.487508645628832,20.779,2.323542182892749,2.076369175682352,3.652604116195142,7.009782538208604,7.904324378456,57.809999999999995,4.631009337087742,4.4537197917714835,3.348291427711091,7.5186669523430725,8.230501218710318,39.409,3.183888721190932,2.1877260744441833,-0.00043043940451586104,0.09548270170053748,0.09548345410059518,0.846,4.4719789833968555,3.13081361314168,-0.004091138455080914,0.0903847932577801,0.09047712967379973,0.815,4.973632581210305,3.023870834776105,-0.004779371575350278,0.10810101604772587,0.10820637110542218,0.937,4.648524803682237,3.0131245227817915,0.11018252784203156,0.030380079679111407,0.11429407015286393,0.279,2.3973247223896705,6.007071193797207
c1,70,c1/c1/c_1_070.csv,8573537ae141e6898a09adcfb80a36af84bfd01afd5862aa3ec41ce560606482,219246,50000,4.38492,4.3849,87.39090058,94.36655788,93.26650631,91.67465492333334,94.36655788,1,5.253441344425895,3.904754433439395,6.545661433454315,20.722,2.265317286991863,2.0914034456762063,3.748268073305784,7.043250499150868,7.9785126984674,57.09,4.447445450179726,4.454033380749061,3.4400724118113897,7.600419464917898,8.34267407752233,42.169,3.3586353415740278,2.182982410328321,0.0011475420304133256,0.09605884337359566,0.09606547848453946,0.883,4.694714554225458,3.0841364496073704,-0.0019296452386816636,0.09082206843113023,0.0908423580828757,0.732,4.227102951793434,3.0086231550666382,-0.0017992939437891683,0.10862582094485346,0.10864047411431517,0.946,4.537903612987263,2.9728359333796095,0.10975579486056758,0.031028413493102897,0.11405740904531828,0.279,2.4022990026990003,6.248218142327943
c1,71,c1/c1/c_1_071.csv,a60ff3bf9cdfdd2196dede8686c5c0809ee51b6b3bc1b354efd9ef45a8fd7e01,219215,50000,4.3843,4.38428,87.39090058,94.42747281,93.37837323,91.73224887333333,94.42747281,1,5.311725776064594,3.9710160652690836,6.631992715385875,22.067,2.379978488725108,2.1000631185716827,3.7943583422667246,7.095923405431691,8.046679719759126,59.098,4.610845875832949,4.481023326871806,3.5314771708140404,7.681184155975317,8.454090838235004,39.169,3.0320232524673827,2.1801422029212256,0.0004655794539607233,0.09443460288591338,0.09443553518357342,0.847,4.59572764803362,3.0583722787368153,-0.003712893734461601,0.08924942601548348,0.08932641987500455,0.758,4.366009524905748,3.007542279959725,-0.004223821362589239,0.10747113732737264,0.10755386249286808,0.9390000000000001,4.4907731698806055,2.99344739181088,0.1080849029491595,0.030250264573797387,0.1122382313562157,0.287,2.5125128629745013,6.5709463261741226
c1,72,c1/c1/c_1_072.csv,c75f3e45dd0a500933380ac34c1904eec383fde59f4227272e529967d5b7eed5,219198,50000,4.38396,4.38394,87.39090058,94.47670304,93.47206707,91.77989022999999,94.47670304,1,5.357216393397751,3.9949870571259534,6.68278506775191,21.242,2.320290095042099,2.0878381961865617,3.868642660973184,7.097787971838052,8.083610597995241,60.80500000000001,4.894223876866575,4.497591631542795,3.6034283524484714,7.773874518112818,8.568403889495098,42.396,3.3680718570446087,2.1569338020131386,0.0006212830409036578,0.09299134092014151,0.0929932042066161,0.891,5.000365391935996,3.130983091797782,-0.0028213989178733387,0.08744589884561468,0.08749120316628332,0.761,4.389012679025346,3.031835329834074,-0.0032447421965528882,0.10641284507378733,0.10646206032649609,0.963,4.621364629720132,3.033750390000949,0.10846736740298726,0.032217535291145356,0.11315093740780467,0.26,2.2536269326780776,5.984418758589947
c1,73,c1/c1/c_1_073.csv,7ddd0c0394b792b9b5769e2e54b4ac2f7b8ed63ca3a6fc7964905bc9c9d05c54,219332,50000,4.38664,4.38662,87.39090058,94.51484266,93.54853556,91.81809293333333,94.51484266,1,5.431681382561596,4.0368867583579275,6.767535965259049,21.422,2.3191601907355692,2.092711454836169,3.9569666259369356,7.1430871504954725,8.16584633005754,59.419,4.518453875893597,4.494138904590089,3.6920213147192382,7.85831474499746,8.682387371508916,40.468,3.1696351271202596,2.1579798878965573,0.0018614110116170917,0.09227065434669397,0.09228921761090046,0.937,5.298560467395741,3.169064662383036,-0.0015905385443072601,0.08687340917772282,0.08688777029045203,1.048,6.111331873576123,3.0452643617306787,-0.001406511589736108,0.10627247523371225,0.10628154014301772,0.9990000000000001,5.146707502205272,3.0581134817419477,0.10892013021355754,0.03164526610720655,0.11342404095670695,0.276,2.389264195792835,5.893936521076682
c1,74,c1/c1/c_1_074.csv,c6830ce58cea6c137272a25731565dc56c94b0d0bcfb83b2859fd56d2282177b,219240,50000,4.3848,4.38478,87.39090058,94.54248373,93.60872787,91.84737072666667,94.54248373,1,5.4610524174420725,4.07311793659614,6.812731284855695,22.662000000000003,2.376433081397094,2.104477997318143,3.997301947637293,7.141511248214919,8.18409268897813,58.724,4.563609115803332,4.522566522839941,3.7679375798212007,7.915832795108717,8.76683960376673,40.225,3.0658710795223962,2.1575258631411423,0.0013759168035030103,0.09288810862320958,0.09289808671656992,0.962,5.231539390932513,3.2248936300921915,-0.0021803046889253786,0.08782000230430125,0.08784686309477445,0.819,4.701363093118429,3.07733640251274,-0.0019685276409414343,0.10691715086396678,0.10693502751422974,0.987,4.759899649647239,3.071570252457379,0.10767533752964788,0.03278112497999858,0.11255476696075657,0.28500000000000003,2.487677843956845,7.443250657911055
c1,75,c1/c1/c_1_075.csv,8882d9a3109df72495edbc46f14f047542dab1ee5f2aab54055c0d7402a97738,219297,50000,4.38594,4.38592,87.39090058,94.5602155,93.65359272,91.86823626666667,94.5602155,1,5.519801962635148,4.141218912887129,6.900567338133557,22.13,2.3476330577163416,2.1233027464042435,4.075949784994779,7.168060840872459,8.245861299410668,58.839,4.520085731088374,4.467634130878296,3.854027656557089,8.006215141353271,8.885534186071665,40.099,3.0882780286878613,2.144636615302936,8.680465305042922e-05,0.09044275733110257,0.09044259277674155,0.955,5.296177224622654,3.4523599000785867,-0.004127639684993411,0.08505539853785034,0.08515530071965789,0.765,4.532894567195074,3.245112462057808,-0.004986169441442427,0.10505368666712302,0.10517171027583173,1.02,5.04888623192831,3.1581853610463506,0.10874712376366297,0.03275689070645339,0.11357352650443167,0.271,2.3420951007418145,6.707359138927693
c1,76,c1/c1/c_1_076.csv,9e0170e2593073ea7f1c083e303e8683f5e511f71e64dad68324092c288704f4,219271,50000,4.38542,4.3854,87.39090058,94.56862356,93.68407674,91.88120029333334,94.56862356,1,5.559096624724655,4.1652259581827105,6.946407952602901,22.361,2.314001727177121,2.1363043802183226,4.129921927660292,7.165623471216994,8.270561086906007,61.489,4.632696572504675,4.534430507449601,3.9415696330112056,8.10467243368304,9.012290877745704,40.458,3.0670337181697804,2.1371383061222056,0.0005883039708853429,0.08741956937599528,0.08742134955930762,0.882,5.193239435087894,3.276261753966718,-0.0029933780572898383,0.08153765226632824,0.08159239381755432,0.7430000000000001,4.914673797862348,3.1086085420242062,-0.0029677248701378655,0.10265123095167061,0.10269388760219665,0.962,4.937002696440476,3.0596891525117065,0.10732405562067031,0.032927639772021004,0.11226164719584353,0.3,2.6277896981625823,7.392365432968708
c1,77,c1/c1/c_1_077.csv,e4f30677e2a72f47a7351e0a51af9b9340c0154f67cef053c2860a31f31a6e0c,219333,50000,4.38666,4.38664,87.39090058,94.56862356,93.70112274,91.88688229333333,94.56862356,1,5.647385760464681,4.230891457936103,7.056438679904477,22.803,2.3419745780634647,2.139015060768907,4.21944928943661,7.167359608605173,8.31712461433342,60.375,4.625035908889404,4.499767011911161,4.024622637724374,8.16179550022278,9.10012029852918,42.228,3.09523380746434,2.1389094580236625,0.0017546743992012143,0.08737638844093189,0.08739380602088807,0.857,4.908814703612569,3.1660813570410506,-0.0017769282324137273,0.0816489700164172,0.08166811730421035,0.726,4.567265810849912,3.0741667854572774,-0.0016465192196340721,0.10295919714642829,0.10297212715836357,0.9570000000000001,5.156735270539386,3.0199301910641436,0.10952329562810886,0.03328295103058591,0.11446878204988861,0.287,2.463553773788706,6.6153241995331316
c1,78,c1/c1/c_1_078.csv,57900dcd765c06002f43a6ba0934929770b8bf375aeeb4df7686d5484c292779,219261,50000,4.38522,4.3852,87.39090058,94.56862356,93.70566818,91.88839743999999,94.56862356,1,5.658686820729633,4.247688641733434,7.07555743689487,23.558,2.4032028785935853,2.1535340283213005,4.25218815019543,7.150780842449701,8.319527481310455,61.291000000000004,4.584995973111633,4.547783312156208,4.0844758347357715,8.177971850013838,9.14121771992632,45.260000000000005,3.2707896164452137,2.14701134713123,0.00027827110156388964,0.08565727700083141,0.08565753367234333,0.843,5.160083194675388,3.196881767226797,-0.003855578511454385,0.07981672894574415,0.07990961550328606,0.796,5.068226113331074,3.129192435505595,-0.0043880261423600185,0.10127233999089208,0.10136712901604972,0.9450000000000001,4.705667454826262,3.037255081898113,0.10817969908009176,0.0332138733403696,0.11316361448831029,0.288,2.5008038253252654,6.823803578096476
c1,79,c1/c1/c_1_079.csv,48099f25fbcb96ea327f0343d8dfab6652c4c709b1f23098308bee24b606c433,219361,50000,4.38722,4.3872,87.39090058,94.56862356,93.70566818,91.88839743999999,94.56862356,1,5.708419659830143,4.283720816249147,7.136962616620306,23.829,2.4426357452682526,2.16337279715013,4.318071845040823,7.2071672511398805,8.401712173797295,60.664,4.64488656511093,4.577995488046362,4.166495963275149,8.24425210322132,9.237265369655855,41.967,3.0329322455141035,2.1402064966905874,0.0015035626205205117,0.08356144787005279,0.08357478351471324,0.8029999999999999,5.037404612910345,3.2836024578032847,-0.0019520789930753417,0.07749398485675345,0.07751839088215978,0.747,4.850461880350167,3.1381235640805047,-0.0019268055853137065,0.09977391046407294,0.09979228631514185,0.895,4.880136711790175,3.0724130946202104,0.10726047474254767,0.032256982136921825,0.11200588196696169,0.279,2.446300097711133,6.736678482136623
c1,80,c1/c1/c_1_080.csv,d4d28c880cb4473098e57ba49ddf33864fea28fc8e7fb777c5db71efa96ade1d,219222,50000,4.38444,4.38442,87.39090058,94.56862356,93.70566818,91.88839743999999,94.56862356,1,5.742439340029741,4.3468823006479145,7.202146146578865,24.017000000000003,2.3440235252681205,2.1759292101654135,4.383991875815384,7.21443166095412,8.441988600812932,58.637,4.442318246720767,4.560708533461067,4.231524555017288,8.321846038004274,9.335877336163657,40.791000000000004,2.9498031099149444,2.1404781267961246,0.0013833556851045971,0.08389230367207347,0.083903517115125,0.897,5.446732338680689,3.3996057196405873,-0.002355730720456889,0.07781941521924807,0.07785488570385739,0.726,5.137763627596998,3.168039491972102,-0.002042746622145588,0.10051792803855564,0.10053845324714578,1.002,5.162203945232608,3.1252987180010607,0.1086017872293839,0.03416118629643047,0.11384783491698855,0.319,2.758067382036305,8.08105231819766
c1,81,c1/c1/c_1_081.csv,d0dd1cd86dfe1f24327392bef04e00c3af706d32ab1e2b2a81dcd4e88e92ce5a,219357,50000,4.38714,4.38712,87.39090058,94.56862356,93.70566818,91.88839743999999,94.56862356,1,5.805977424928313,4.390317780855904,7.2790230254972705,23.269,2.316519667671756,2.1817171522447025,4.459387701327061,7.230137484102747,8.494750637901806,62.578,4.667588454343788,4.587211841435766,4.324654271347621,8.379390860033787,9.429554902589516,41.914,3.00703482750954,2.140463328093754,0.0006478844987850854,0.08547789226869654,0.08548015273993832,0.9099999999999999,5.556845475523687,3.4516715271395437,-0.003503220777089402,0.07922863447741103,0.07930586649618153,0.745,5.018544246271658,3.1763651861178865,-0.003747398077107181,0.10184050972240563,0.10190920042637738,1.039,5.730591522223757,3.1237629958679882,0.10826644237475895,0.0327427724794714,0.11310926932268789,0.281,2.4401183179125967,6.626123049445921
c1,82,c1/c1/c_1_082.csv,8037995fe28cb3cc012f1c85b8aa55cd0c7f98dcb63ec135e59c853b1b569b8a,219398,50000,4.38796,4.38794,87.39090058,94.56862356,93.70566818,91.88839743999999,94.56862356,1,5.81526138342191,4.448871640219445,7.321859983371056,24.222,2.3823181595408047,2.2141052138680175,4.480782764656014,7.198177107227964,8.478852026528612,61.937,4.845939034133862,4.626307089088433,4.3715487379101,8.35607223842921,9.43048585012226,41.104,2.9844697767756174,2.1495608789343628,0.001246155388836726,0.0876084533726571,0.08761711603571463,0.931,5.364248690956888,3.3571935738906062,-0.002413887091040028,0.08165412494254629,0.08168961122149204,0.71,4.504856792649068,3.1520272560408418,-0.002691875039881858,0.10381970746368933,0.10385436303458438,0.9750000000000001,5.0551559381782605,3.0750983554301663,0.10974296028222681,0.035518360522442206,0.11534758565153519,0.316,2.704868058032453,7.149218647700371
c1,83,c1/c1/c_1_083.csv,486db60ec90a28b443a8cb8dc6329a0294b31c3405e8326db7996b6242679a25,219285,50000,4.3857,4.38568,87.39090058,94.56862356,93.70566818,91.88839743999999,94.56862356,1,5.868424734933989,4.491662120681951,7.390084266925966,24.392,2.415939975123813,2.2300370746147755,4.568694794445584,7.239537378476179,8.560586111417908,60.709,4.515461850029506,4.625620434531724,4.4608755546435,8.41510431110166,9.524340835432197,44.623999999999995,3.222060248603801,2.1383822173011993,0.0007024283466721388,0.08905055741821546,0.08905312470140929,0.827,4.862266219762951,3.221356255977373,-0.002929347652598217,0.08315571585635324,0.08320710680901279,0.754,4.723154248134863,3.069516709198122,-0.0031736780901566457,0.10495612392027459,0.1050038568146939,1.0,5.2188559222837485,3.0001157713732547,0.10776411975283308,0.03261020201433154,0.11259007918998146,0.256,2.2293260809992805,6.515313250166482
c1,84,c1/c1/c_1_084.csv,66566b299c5ed64442e3e6a73af40e780a8107248c2c65b29c57c190a16fe371,219289,50000,4.38578,4.38576,87.39090058,94.56862356,93.70566818,91.88839743999999,94.56862356,1,5.90185273315123,4.528007234696778,7.438724467564004,24.113999999999997,2.3641149872780507,2.226216900262386,4.605338357145137,7.21613287114484,8.560460124132481,60.571,4.480016195845138,4.618530474051146,4.535297260692511,8.44443502725061,9.585253204371298,45.727000000000004,3.2848375863082047,2.134629163035934,0.0010811987833407057,0.08833774460571368,0.08834415955292474,0.831,4.833369881618435,3.1630846621815483,-0.0024907724509665333,0.08232790615691975,0.08236538818660624,0.735,4.492178184867307,3.0876325339406585,-0.002410394502232214,0.10419462929663818,0.10422226858065538,0.933,4.7782494737639345,2.9746993161469053,0.1081854949404667,0.034107362300564645,0.11343459866235081,0.35,3.041400102511283,8.510302324062504
c1,85,c1/c1/c_1_085.csv,031464aaefed8f9a8d50587525085dbae8812d7fe13a86b55084cf0090cf11a7,219510,50000,4.3902,4.39018,87.39090058,94.56862356,93.70566818,91.88839743999999,94.56862356,1,5.958285567855678,4.596284453890044,7.525084813364589,25.858999999999998,2.432796500510755,2.2313288266968536,4.661134335565578,7.276964062920957,8.64176706634655,62.653999999999996,4.780850916578408,4.683801837667416,4.6065438886611085,8.525296716391917,9.690232174539398,44.047,3.094146709794925,2.1362335419145304,0.0009298665208874312,0.08638517183021706,0.08638997955882713,0.865,5.208937451982764,3.2144477609540396,-0.003059869709808209,0.08026520780433152,0.0803233280998555,0.778,4.942524287669727,3.1517395620602873,-0.0032237529041957086,0.1031234809307649,0.10317362286816499,0.94,4.894661890910701,3.0338450467077047,0.10753006241173522,0.03440838800126849,0.11290104558227992,0.301,2.6306222273517617,7.721658922173515
c1,86,c1/c1/c_1_086.csv,dbb25fc1af38b88e000f62ec8cb49871f1489b693526ccc0fb0ca94ab7b73eb4,219361,50000,4.38722,4.3872,87.39090058,94.56862356,93.70566818,91.88839743999999,94.56862356,1,5.999497932631598,4.661579084782552,7.59764410494617,25.941,2.3970588446152328,2.243964476634452,4.726374145814433,7.247291197358213,8.652259983849245,62.267,4.650808005667197,4.657933436679491,4.680244159171411,8.560513107121208,9.756368995408904,43.872,3.0379129790957426,2.130145340814244,0.00042977101672585374,0.08426383529394725,0.08426473920352752,0.819,5.008025942864772,3.337005490872004,-0.0035845660805703845,0.07846765698362962,0.07854931086781672,0.752,4.824994590185312,3.1880815061190786,-0.004222628452641992,0.10154426293294752,0.10163179089169676,0.958,4.919720449803169,3.0661104823180394,0.10794460273248209,0.03392187956553401,0.1131491313562275,0.318,2.7662607414508718,7.773534478013833
c1,87,c1/c1/c_1_087.csv,6bd94a888e96225147225a9764987a88fd2c4e372fd46a58302d9e24e83412bb,219327,50000,4.38654,4.38652,87.39090058,94.56862356,93.70566818,91.88839743999999,94.56862356,1,6.032108878523848,4.700991682275443,7.647585210998881,25.838,2.473068227183532,2.2487056798377014,4.7882561928079985,7.257390358180708,8.694646170866667,61.018,4.532444360075884,4.661818583789621,4.730072307559032,8.621572250506265,9.833857493282949,44.864999999999995,3.0786494537549935,2.1327765631041964,0.0011640244931084636,0.08516839105232737,0.08517615109367828,1.018,6.445466165713451,3.438820206957102,-0.002114737355637929,0.07894041182966646,0.07896855273842868,0.766,5.369225917112037,3.1906271207195815,-0.0020628604777341592,0.10221805132286259,0.10223863149780286,1.036,5.545848880148449,3.1003048912937445,0.10841311375252477,0.033802118349590626,0.11356047388480406,0.271,2.3423643007146207,6.468806201464827
c1,88,c1/c1/c_1_088.csv,c29b7914cd8b4d146d75aeeca326d6ecaf005ac4c36f22a8562b484c02e01aa5,219393,50000,4.38786,4.38784,87.39090058,94.56862356,93.70566818,91.88839743999999,94.56862356,1,6.069701467230039,4.751405194823536,7.7082439196791235,26.433999999999997,2.469693512344439,2.2525112361967423,4.850061496948399,7.247785013111631,8.720851144547451,62.101,4.51756363536055,4.64670558520186,4.81480138837611,8.690949036959191,9.93552028293702,45.075,3.0771413201687285,2.113263822450937,0.0009813257487704713,0.08758634352806959,0.08759164119089412,0.878,5.023310375485254,3.4370180624375903,-0.0027852164836617396,0.08146572097002708,0.08151313313761899,0.747,4.870380817404517,3.168686098337757,-0.0033569895119716676,0.10432063800210209,0.10437439957975575,0.9550000000000001,5.077873521993393,3.095674710039781,0.10717453154840857,0.033026244355108335,0.11214770642875685,0.262,2.291620650871378,6.852335126910753
c1,89,c1/c1/c_1_089.csv,2b275bfed06ca459fc226b1693164932b58f20df829bab81e5aadf057f09d391,219385,50000,4.3877,4.38768,87.39090058,94.56862356,93.70566818,91.88839743999999,94.56862356,1,6.116677648882102,4.8016838426806485,7.776233541428965,25.795,2.337635553659002,2.252142471831473,4.913790295599061,7.318448242873326,8.815031231774341,60.938,4.484385699906723,4.661503099100591,4.880288301387971,8.738507305761628,10.008914814640253,43.138,2.968853322293765,2.1197213672605217,0.0014733596189347492,0.08974066375285021,0.08975255322522802,0.8799999999999999,5.225478085543438,3.318271799583911,-0.00225168083506165,0.08350330086060113,0.08353346358076412,0.761,4.848356366887946,3.094389580868371,-0.0024540556555826517,0.10623521111888229,0.10626330988252551,1.026,5.034663427964408,3.0165345542732642,0.10709362992000364,0.034525648061737337,0.11252137801352337,0.289,2.5239648235188468,7.549273775197928
c1,90,c1/c1/c_1_090.csv,48a72c22cfe03da4bf2305ce31e246c1abb0307bbb449f22851a32356e87a6c9,219351,50000,4.38702,4.387,87.39090058,94.56862356,93.70566818,91.88839743999999,94.56862356,1,6.136314299912014,4.861439640924779,7.828655109684121,26.782,2.441415509077292,2.256575774036297,4.961310470433234,7.262475756079174,8.795334856553488,61.717,4.555596876467409,4.626128891814295,4.935659358744661,8.78906971454574,10.080085693470165,44.925,3.0658469520769525,2.1107842084268875,0.0015803210379711056,0.09014258665802505,0.09015623272833737,0.831,4.802773883695143,3.1740248866373366,-0.001858012956403208,0.08420637729300054,0.08422668142030705,0.6859999999999999,4.191070977122597,3.041319349534435,-0.0016337012368304682,0.10706615013317697,0.10707836954600515,1.053,4.996340551955665,2.982255155315454,0.1088091187184011,0.03329376302000944,0.11378881280195725,0.289,2.4958516835419076,7.200138655133314
c1,91,c1/c1/c_1_091.csv,a33c130e0a911d267e1021c99f2adf3bbcb81b25918ac3d7c6f0aeb096193314,219318,50000,4.38636,4.38634,87.39090058,94.56862356,93.70566818,91.88839743999999,94.56862356,1,6.190164911224797,4.916499344552296,7.905061493682759,27.082,2.4758820681712272,2.2713474284060933,5.03249047501801,7.324935797741235,8.88709177283854,61.885000000000005,4.493933563515323,4.611295860615419,5.023335654164273,8.817832331464476,10.148286239220512,44.04,3.0235646962158245,2.112074998291954,0.0010252327670323457,0.08898446337005551,0.08899016642070774,0.8520000000000001,5.045501295922052,3.177914722950678,-0.002893643020636701,0.08281492366408076,0.08286527306619156,0.763,4.863315899268075,3.108703143962622,-0.0030893269134316384,0.10633251674064584,0.10637714276905047,0.9199999999999999,4.596852173982909,3.0107657876158944,0.10917352884852133,0.03641165204232664,0.1150854541658007,0.292,2.4937990824324885,7.335714266350778
c1,92,c1/c1/c_1_092.csv,32ebe2eb530872f32bd9b512934b68a7eb30eb7c3f48b86b5b9730e1db49c0b6,219420,50000,4.3884,4.38838,87.39090058,94.56862356,93.70566818,91.88839743999999,94.56862356,1,6.216630302615988,4.967307532227401,7.9574194301583985,26.807000000000002,2.4115858373972894,2.251068119442557,5.0804403518366605,7.30348270361635,8.896712351832129,62.172000000000004,4.618897225730535,4.668022433280597,5.091237886245556,8.8719703351402,10.228988323145364,43.297,2.947798848471859,2.103156369284561,0.001599794913863823,0.08639532373924214,0.08640993745009032,0.856,5.08043418332021,3.244152131875135,-0.00197749065718713,0.0802348728210668,0.08025905523108563,0.733,4.659910323179879,3.112029113210461,-0.0017938565308540698,0.10400203853057534,0.1040172708940391,0.958,4.662687223298355,3.0135423440586533,0.10768695652173912,0.034250053291463994,0.11300239559040168,0.272,2.362781767634303,6.681773603608151
c1,93,c1/c1/c_1_093.csv,6ec521439b357772d9a7e64edf068bf5a2fd9e7ec6262d592a6b442a1a102675,219426,50000,4.38852,4.3885,87.39090058,94.56862356,93.70566818,91.88839743999999,94.56862356,1,6.257542734224749,5.022846224509814,8.024070680679142,28.087999999999997,2.5035921042385065,2.265330220158615,5.139257749765297,7.351028367888125,8.96935571911083,61.951,4.575467991815623,4.724699504212223,5.15931725046257,8.902114378482482,10.289112388328823,45.653,3.091034367170098,2.1088758958326945,0.0003547710845569805,0.08598588379156716,0.08598641973520842,0.8859999999999999,5.559017359624706,3.3807431091250146,-0.00340698002971389,0.07963604998629713,0.07970871387818322,0.722,4.704629917540796,3.156341454437798,-0.003935545468631794,0.10394819169991783,0.10402242946918956,1.0350000000000001,5.316161166604874,3.0780858311278108,0.10662545459517102,0.033063590354249356,0.11163415065581979,0.277,2.4365303843140755,6.899054729046234
c1,94,c1/c1/c_1_094.csv,45a108808edb445a821595c66484d2d57c1dc67635c042b1b4b4a9ae58d9703a,219423,50000,4.38846,4.38844,87.39090058,94.56862356,93.70566818,91.88839743999999,94.56862356,1,6.305713339075667,5.1008708648498065,8.11053547651561,28.951,2.577881578909306,2.2636265756014056,5.196280280553998,7.35870716599305,9.00842123364017,64.146,4.633664314466417,4.695563496069875,5.242485322869525,9.010935876399278,10.424981903170512,44.437,2.9609643725724095,2.106940142364944,0.0003996891848165418,0.08795827948833726,0.08795898716382759,0.989,5.718574260787471,3.4795529760000488,-0.003419632399520561,0.08134733345221547,0.08141899279282357,0.8220000000000001,5.170783690130686,3.1582882264296894,-0.0038247038824553493,0.10581435064648316,0.10588320988101865,1.057,5.354956660618241,3.120644723818924,0.10781014296586956,0.03369110200649595,0.11295181321105116,0.278,2.416959871993359,6.811207177988528
c1,95,c1/c1/c_1_095.csv,b560e2ac8f1de8b20fd24163aa80ee8b0777694d52e1c74ecb390293a28f12eb,219434,50000,4.38868,4.38866,87.39090058,94.56862356,93.70566818,91.88839743999999,94.56862356,1,6.389118454751771,5.187845955624121,8.230094631131571,29.226,2.539460472415785,2.2535097553975305,5.2814044769725745,7.401886525778382,9.092904250651292,63.47,4.545742356963607,4.685784398368949,5.33508101752691,9.096263445937577,10.545364909349418,46.055,3.060207046167634,2.094229573361976,0.0014033194491282115,0.09076878620623231,0.09077942668004109,1.0110000000000001,6.025594344497709,3.3828098134094717,-0.0019948731737105463,0.08430162622514153,0.08432503374672734,0.8089999999999999,4.945150704030211,3.117889880040449,-0.0019825232188266178,0.10838649747744564,0.10840438043583271,1.069,5.516382249460586,3.074435180746149,0.10917517340065805,0.035096127541571966,0.11467759607799084,0.316,2.7119508137273183,6.713139006557338
c1,96,c1/c1/c_1_096.csv,9371814a1555ddca57d7b7f228b1678ce3469a7dff670a5647b9d5a0e443bff5,219363,50000,4.38726,4.38724,87.39090058,94.56862356,93.70566818,91.88839743999999,94.56862356,1,6.418768543464486,5.2471012777566495,8.2905087856185,28.493,2.502379592913281,2.260244441093448,5.315431549532054,7.396804293562453,9.108582595480902,62.891999999999996,4.568658137946316,4.670261701944874,5.398751995550755,9.093496036228679,10.575340009080728,44.506,2.922459228115781,2.0895807088626053,0.0014992364254682877,0.09224162491428638,0.09225359770383643,0.984,5.961827112322232,3.26433346634475,-0.002093324763063963,0.08593793699703016,0.08596323258643844,0.774,4.816012468862329,3.057008503142992,-0.0019377698153289298,0.1098050476201057,0.10982189431230767,0.955,4.388924476473746,2.9903245040622655,0.10968396219964169,0.036010949983831905,0.11544416040207665,0.3,2.555347961928557,7.14716777360566
c1,97,c1/c1/c_1_097.csv,4ce5906dbc08f9ce00404b0d0edb026b957b5ad3b174eb6d13e1e2d0a62571ce,222452,50000,4.44904,4.44902,87.39090058,94.56862356,93.70566818,91.88839743999999,94.56862356,1,6.172727653606171,5.649140665593523,8.367509395634846,32.482,2.667460404842076,2.431092565420151,3.7985468056030065,7.713594656623152,8.598152876616354,62.852,4.3838485475770455,4.45366007309446,3.612087537985723,9.105140384501672,9.795426745312863,43.19,2.7503651143010526,2.089410138636281,0.004719719310233219,0.09125144838731264,0.09137321900389482,1.021,5.680001270152006,3.3205493470979204,0.005208157265387589,0.08594974834118323,0.08610720604708431,0.879,5.1679762987161535,3.1399566708007143,0.007813744088612375,0.11180390030287023,0.11207636025145917,1.0110000000000001,4.755686201837204,3.08445683975775,0.11103514466042114,0.039251487885621356,0.11776873831836804,0.292,2.4369794913157987,6.222105025948198
c1,98,c1/c1/c_1_098.csv,55f123c370ab609098111af302163ba19cabb4b5d5825e79476bcb2ce71a987d,219531,50000,4.39062,4.3906,87.39090058,94.56862356,93.70566818,91.88839743999999,94.56862356,1,6.339621852950153,5.71703410382315,8.53669346406879,32.306,2.5834358575514016,2.412241161709636,3.768635482004819,7.661120379476172,8.537863404259898,62.888000000000005,4.669552335553669,4.6188957592796935,3.6798040413426807,9.454221848179717,10.145090506549343,47.275,3.0797162410556993,2.081900600499832,-0.00038667887450975037,0.09481587393662165,0.09481644646238054,0.998,5.927241749383422,3.3551088063259877,-0.005980426454578168,0.08958956201922363,0.08978874407351246,0.835,4.978352293624122,3.1395316442115724,-0.00770711653479463,0.11383834256891119,0.11409868032963316,1.098,4.8379174798977695,3.0809671648347354,0.1118066150110918,0.037866667024232255,0.11804489442657717,0.318,2.6515335671267266,7.0608272244492944
c1,99,c1/c1/c_1_099.csv,af90692c24951cc7cc8f0405f170fe2f576f1e0133250386800c35ccdfb1a713,219440,50000,4.3888,4.38878,87.39090058,94.56862356,93.70566818,91.88839743999999,94.56862356,1,6.393120657127232,5.775674344114159,8.615698105768343,31.125999999999998,2.5260866540145672,2.4152720119830438,3.8543642635800213,7.679280738327386,8.59227605461739,65.926,4.907896316638748,4.584964809559102,3.748553208166242,9.558106727200867,10.266870947000474,46.207,2.9418895158923055,2.0743224815085157,-0.0014499453153481588,0.09739116403321833,0.0974017348373506,1.026,5.318180429383511,3.221442369264412,-0.005342398833394094,0.09204161980162279,0.09219632528028301,0.817,4.729038805771605,3.0799772009734623,-0.0059865384615384615,0.11648721540197109,0.11664067969173557,1.048,4.509575916311032,3.019860573862283,0.11236053590958804,0.03766770923821761,0.11850628626085373,0.316,2.6243333565903235,7.766358153811444
c1,100,c1/c1/c_1_100.csv,da0bee30686b9594e103d3fbc045da6fe81f9ff4e0f0a931e9700e36cbc592fb,219397,50000,4.38794,4.38792,87.39090058,94.56862356,93.70566818,91.88839743999999,94.56862356,1,6.420231252022588,5.830525657335893,8.67261458977288,32.076,2.608440599525411,2.4150139706421867,3.9284323988021717,7.673225978239398,8.620365981815771,62.743,4.679267688296399,4.627381052364321,3.822756295664936,9.616327010697228,10.348274705584434,46.837,2.937881034757765,2.0750777293347697,-0.00041908047967839114,0.09831813204451254,0.09831880114187815,0.9490000000000001,5.2889172158397075,3.1468256107582167,-0.004419764171798156,0.09322017029369839,0.09332467442405726,0.794,4.403980003535403,3.0605588533254946,-0.005047571297693223,0.11709839909784922,0.1172068707395133,1.048,4.496323437993942,2.997381913981194,0.11042560290250096,0.03495736451039764,0.11582670477917788,0.278,2.3569694097787814,6.972501349229246
c1,101,c1/c1/c_1_101.csv,e85273a92b2b63084f027e511d76ae25089fee958e40362586d1c1aeae33a5f0,219485,50000,4.3897,4.38968,87.7061647,94.56862356,93.70566818,91.99348548,94.56862356,1,6.492476255780578,5.880022495885539,8.759380968862677,31.63,2.5523493132075568,2.4096864010315877,4.048024712394924,7.693294969478132,8.693274520999026,65.053,4.759426370357532,4.629515325950513,3.9195821035606078,9.715949703781185,10.476753906468053,44.039,2.7257488583720297,2.056655019109723,0.0006217873658792175,0.09811347086748587,0.09811521761087173,0.948,4.983936354698723,3.1562728331839867,-0.002541891245415404,0.09256374772741781,0.09259843177611814,0.854,4.827295575380195,3.0781182095771227,-0.002726482447547668,0.1173938309451928,0.11742522072032067,1.028,4.607187422611154,3.0383561365366214,0.11173811877804861,0.03728014630851705,0.11779308199000371,0.3,2.504391556925513,7.048669939238574
c1,102,c1/c1/c_1_102.csv,e138cb7f16a39d0dbf09c08c2e4f5d8453d94a0dfeaf4c43aa2768057e5d182d,219524,50000,4.39048,4.39046,88.0993478,94.56862356,93.70566818,92.12454651333333,94.56862356,1,6.533436562744848,5.957394602201412,8.841729587318861,33.733000000000004,2.606956000221854,2.407218837845764,4.112346631803357,7.729791342566822,8.755615160649896,63.849000000000004,4.665920012520016,4.67319618976793,4.010278789562872,9.825690456344308,10.612543951622996,45.709,2.839281527346877,2.0609337453900216,0.0014060330533335764,0.09738950573714643,0.09739943301090812,0.954,5.051364107477906,3.2135295682038385,-0.0021423306791057014,0.09150630901914279,0.09153117516773703,0.834,4.588600542168521,3.0695984263240166,-0.002175160802463512,0.11698523515614478,0.11700518888983517,1.121,5.059604668963788,3.0666578270385063,0.1109380204442339,0.03886355947881655,0.11754834645887552,0.338,2.8328769398427958,8.138681780331645
c1,103,c1/c1/c_1_103.csv,0eef4ab4c9d128ae134cb06d9626be7b2ce6f6aa3b6fff5f2b85b47d5f168385,219560,50000,4.3912,4.39118,88.49130564,94.56862356,93.70566818,92.25519912666668,94.56862356,1,6.583671210603023,6.025113471735381,8.924491784795068,32.816,2.5834524313509055,2.3968363632737373,4.1701712789214795,7.708042213002691,8.763787574360483,67.03,4.933483340752362,4.622227828816814,4.088739510839861,9.900990128634149,10.712000272252315,45.656,2.811333012939514,2.059649648024671,0.0009338813991619603,0.09662496280728941,0.09662925565699511,0.9750000000000001,5.391741832819181,3.280920321705606,-0.0027250318819457098,0.0908578338293787,0.09089848276146678,0.904,5.071591802139791,3.107022945218074,-0.0028925669520859904,0.11615788664495755,0.11619363201243207,1.154,5.318707998850379,3.106231870183525,0.11119834669338677,0.037548397692268864,0.11736672465056401,0.329,2.760578017020116,6.88401438254336
c1,104,c1/c1/c_1_104.csv,015a9aa2866e955db17260ecc9f3e7f2f29c654b6419b540136f328f10003cf0,219502,50000,4.39004,4.39002,88.88155409,94.56862356,93.70566818,92.38528194333333,94.56862356,1,6.638483877140071,6.0958365175473075,9.012686710795252,32.952,2.5841350917150607,2.3870799977106074,4.238834857996737,7.73194372716053,8.817618862035744,64.117,4.741642914507561,4.6966222636984805,4.177848138057968,10.004037670308788,10.841343497415306,47.948,2.8658809682958046,2.0572701528199424,-0.0002475239405563505,0.09746348542107924,0.09746357772366657,0.957,4.955697413134421,3.361540743200389,-0.004554751209556177,0.09170145579394468,0.09181429323993395,0.853,4.726932862902384,3.1400848300930697,-0.0054127297245583185,0.11717690030476367,0.11730158164099977,1.074,4.68876883248914,3.1278251930342673,0.11199090213301018,0.03617002915933954,0.11768698827727242,0.309,2.5916204031104537,7.74867097659729
c1,105,c1/c1/c_1_105.csv,d6bbc98e53f383b0da27beed6f4c3bb9ce26817279d5af27ca82698643c942ee,219544,50000,4.39088,4.39086,89.26963001,94.56862356,93.70566818,92.51464058333333,94.56862356,1,6.708409343912838,6.175455651261876,9.118049940615073,33.106,2.582350409720575,2.387886224956545,4.303708277156288,7.7361515856329195,8.852664778990219,63.91,4.751337710180167,4.620076347716399,4.267579833655213,10.067554476963647,10.934689255705106,48.033,2.846537224069738,2.0470436448799956,0.001249057136610429,0.0980766020397124,0.09808433207069998,0.98,5.1078494334739935,3.2885027492519585,-0.0019935639325146665,0.09211438072337051,0.09213574108153977,0.871,4.8298303652453045,3.076640761571075,-0.0020562256313085307,0.11793294690001127,0.11795060270325022,1.1400000000000001,5.112309612500046,3.0951583746823452,0.11214060962722734,0.03651769883624541,0.11793664647476977,0.314,2.6200507580661494,8.087306431873273
c1,106,c1/c1/c_1_106.csv,eeecbffd677a6075f84f151b08ebc54bf5d505a2c7e63985541a86433d0cc656,219655,50000,4.3931,4.39308,89.65509154,94.56862356,93.70566818,92.64312776000001,94.56862356,1,6.732643581980833,6.232574840891992,9.174600912511085,33.607,2.5804937158318486,2.3793427791560804,4.352076542760238,7.772383271210767,8.907874995009323,65.749,4.6357857539689,4.70272823992506,4.324432851517153,10.100224084759866,10.987027879228249,47.057,2.8301557383673606,2.0584877814709612,0.001431044137397282,0.09872252987367812,0.09873267656543631,0.965,5.023666097730773,3.2494877878791444,-0.0021458104755184264,0.09349360840933375,0.09351801709575747,0.8420000000000001,4.822600114993884,3.0743801843839327,-0.002092831940998384,0.11742273289353757,0.11744111449619932,1.108,4.768347119339736,3.046860559746825,0.11182527600100158,0.034528475855627426,0.11703462124490865,0.277,2.3240986052392834,6.6908399585710425
c1,107,c1/c1/c_1_107.csv,943834a473e42e142cc6cb32417a0fabf40a8c32e82cc689118d91948d6a17ef,219770,50000,4.3954,4.39538,90.03751838,94.56862356,93.70566818,92.77060337333334,94.56862356,1,6.783814028302316,6.294766151194629,9.254406159817334,33.911,2.535116742754143,2.3739106123337637,4.403161618965282,7.830187646136232,8.983284022816783,66.84,4.875165906896008,4.695113320826636,4.414595818355553,10.181004550892233,11.096893180630115,49.003,2.9363173520383286,2.059478518002653,0.0010287846384856893,0.10009834963438044,0.10010340856183102,1.0350000000000001,5.544266753486145,3.179904844143546,-0.00275202256904946,0.0943426215308954,0.09438253740097545,0.845,4.693664868512229,3.049710771527843,-0.0029463894071074304,0.11937970743160486,0.11941579003459842,1.149,5.325928839190624,3.03047623103182,0.11253487737179779,0.03512711535868149,0.11788980975443486,0.269,2.239379303011121,6.32963711751206
c1,108,c1/c1/c_1_108.csv,8a2869020d85d5866e02b3be3703e8731012957dc8d3f2f393f190489e909d34,219530,50000,4.3906,4.39058,90.41651198,94.56862356,93.70566818,92.89693457333333,94.56862356,1,6.837878818384731,6.385053474168841,9.355496186357437,33.786,2.51403020550613,2.375014193953785,4.477017514690475,7.8118611047309425,9.003809291929205,63.889,4.649698660046783,4.641305940081384,4.500746321687242,10.279840218262299,11.221913873995465,50.021,2.893356727254911,2.0377499418783964,0.0010560515647064185,0.09945314525904098,0.09945852548577833,1.1840000000000002,6.74653074457601,3.165701781109823,-0.002375224342914408,0.09381382441970838,0.09384367454754244,0.899,5.040297092803756,3.074892020848275,-0.0025069102172823763,0.11907066830525209,0.11909678445226862,1.07,4.643282373602877,3.0692021257562208,0.1122759303967567,0.03806985142267828,0.11855459304434003,0.34400000000000003,2.8594421463975865,8.303093970739644
c1,109,c1/c1/c_1_109.csv,06dc109797424bef567637f0475280d4b464e3809a66bc6febdf846080dac920,219771,50000,4.39542,4.3954,90.79169571,94.56862356,93.70566818,93.02199581666666,94.56862356,1,6.877622275004436,6.433344176866711,9.4175058870562,34.299,2.542923815201974,2.3675318220022183,4.54483313540003,7.814809348580167,9.040269658448429,64.829,4.6115881024676435,4.726895902965722,4.570390142466477,10.347090040801605,11.311509678775657,48.297,2.825087093366557,2.041268765561706,0.00048487289041775284,0.09679961750084165,0.09680061164055456,1.001,5.1962481587179195,3.222322454240319,-0.003679229743687748,0.09116052920434367,0.09123453843328787,0.938,5.173479343517847,3.0903988492433587,-0.004119119447060804,0.11626495866442775,0.11633763901193038,1.1070000000000002,4.787788412509213,3.087527756417288,0.11357450710057287,0.03652905644735039,0.11930437777560654,0.3,2.472667017758982,7.363630344499422
c1,110,c1/c1/c_1_110.csv,a7f2efb6fa5e5d65bd3fa13d04ef12beac16de13bcce431caca244f6522bb342,219648,50000,4.39296,4.39294,91.16271501,94.56862356,93.70566818,93.14566891666668,94.56862356,1,6.892624731388403,6.468839181055316,9.452722651423505,33.148,2.4643693525158024,2.354308793578845,4.590823367387821,7.849710585868087,9.093587572678636,65.932,4.682530372053942,4.774750002737598,4.636823790792541,10.378947509703881,11.367594109722376,48.419,2.829798433116787,2.040767980992395,0.0009380281177156177,0.0957715769007715,0.0957759525152376,1.21,6.703143984893914,3.391436318827968,-0.002540228001165501,0.08989385518692972,0.0899295344612376,1.0699999999999998,6.582931887134034,3.1658113318983356,-0.002799347137237762,0.11505801477424724,0.11509180178209483,1.184,5.22191842245969,3.1615540277021186,0.11264331566870629,0.037718572130098174,0.1187905752626612,0.279,2.306580293884013,6.797146785865021
c1,111,c1/c1/c_1_111.csv,17cfc5ca0497c887d4fac0745065a9061c2e3e801edbc4adfdee62ffd2831d4c,219575,50000,4.3915,4.39148,91.52923739,94.56862356,93.70566818,93.26784304333334,94.56862356,1,6.952480856199476,6.551877315141861,9.553213642939921,34.423,2.5228159759424282,2.352694454063905,4.652073614937948,7.792496378067178,9.075489638202242,64.366,4.553032579758996,4.729163163406102,4.7050117772970514,10.424560372678474,11.437136873835824,47.870000000000005,2.759869043117749,2.019755236746825,0.0013017647728566547,0.09526329770969019,0.09527197463981979,0.964,5.122177868621986,3.3607829859202925,-0.00222851417511101,0.08939057244844424,0.08941814316199989,0.831,4.954251836759926,3.1094725308811837,-0.0020205670044403964,0.11514817870549993,0.11516564316196687,1.0979999999999999,5.435648886357583,3.1283026768116753,0.1114418308095184,0.037751528842139746,0.11766245405173238,0.318,2.6601518940135653,7.663286020539888
c1,112,c1/c1/c_1_112.csv,366e1192834f4f5d112ffab12a22744b788ba014885dd8684a4f2839df51c7fb,219550,50000,4.391,4.39098,91.89095253,94.56862356,93.70566818,93.38841475666668,94.56862356,1,6.999525001138694,6.62890401541105,9.640306973310937,35.384,2.5780299391715644,2.3431898676813283,4.685316324299704,7.823673791470141,9.11930818961233,66.346,4.787972847516644,4.6718079429046355,4.780927679344113,10.515299395208947,11.55111627584225,49.391,2.832713239016732,2.0279917776237446,0.0008192165793668867,0.09684221742618568,0.09684546182083272,1.032,5.35905338507412,3.294607745052698,-0.003012279662946937,0.09165834216374638,0.0917076182833009,0.8939999999999999,5.146791606144533,3.104850404383787,-0.0033808790708266907,0.11717788140524975,0.11722637797833463,1.096,4.913569880206094,3.064100521587823,0.11110369391938056,0.036877860613379956,0.11706409018810644,0.333,2.8018839891289256,7.804762298766868
c1,113,c1/c1/c_1_113.csv,03c5d9018404bd9b836fbd57a84f9a8a03b5769159029eb58cbfa3a28731003d,219731,50000,4.39462,4.3946,92.24757218,94.56862356,93.70566818,93.50728797333333,94.56862356,1,7.091574989418881,6.767413374801463,9.802454345159923,34.289,2.4651989337682303,2.3405265778732836,4.790673719229422,7.829814240869839,9.179121239307237,66.02799999999999,4.624516758556693,4.613284526866564,4.8752502741989066,10.651481630801657,11.714162788512542,49.900999999999996,2.8285418768887824,2.0134909044818925,0.0012170563097605707,0.098325469746158,0.09833277799429001,1.04,5.46104779050565,3.229742575286152,-0.002433266129949802,0.09339757333347813,0.09342905217123572,0.855,4.784379051397669,3.072581863292438,-0.0021524318371099207,0.11808173167525675,0.11810107900453684,1.238,5.994864788430952,3.0567596424889256,0.11309859783098425,0.036513677014264695,0.11884668852263716,0.294,2.43170427037143,6.885831160638927
c1,114,c1/c1/c_1_114.csv,95dab7c9914c8ae325c4b5b293957d708c2ede443d2ce3e01d2aef5a621fa252,219550,50000,4.391,4.39098,92.59883018,94.56862356,93.70566818,93.62437397333333,94.56862356,1,7.126422591664769,6.818163711624759,9.862709750075698,35.44,2.516245598711807,2.330008934617929,4.865843621043043,7.894842978792782,9.273871678645282,65.612,4.592041110301509,4.712467593247745,4.956004928262355,10.683710808509382,11.777229793105349,49.75,2.7966678564157803,2.0241320602102824,0.0006098565247096336,0.09823020135118625,0.09823187075844203,0.91,4.642077937427568,3.160924281204394,-0.003350986107948076,0.09333130310293317,0.09339122855705476,0.844,4.518625640974312,3.039587830892666,-0.0037824094739239353,0.11760157586658421,0.11766211911508605,1.089,5.0908483078918065,3.0247979656955133,0.11338110680938283,0.03759040353640788,0.11945002044070142,0.34400000000000003,2.838007048883594,9.618852043988987
c1,115,c1/c1/c_1_115.csv,b1b919d9fd27f86a208577286e4f35db6374719eb57627abe8b782def5ab403d,219673,50000,4.39346,4.39344,92.94448231,94.56862356,93.70566818,93.73959135,94.56862356,1,7.1834219863160245,6.913109888983619,9.969574826193197,35.516999999999996,2.531201223717159,2.328307532622368,4.890587864689789,7.917208147828465,9.305898622655777,64.251,4.513158986897931,4.649169325357661,5.0364818116017895,10.7757441109092,11.894632469887824,50.693,2.788148358846498,2.0115144780996,0.0009229445585028657,0.09918487858191974,0.09918894687846098,0.9830000000000001,5.202192545024895,3.166433370786418,-0.0027435415367386977,0.09393399249283622,0.09397383571428577,0.901,5.06523966359329,3.104720074759515,-0.0029450546949329227,0.11934112185270936,0.11937718323913384,1.117,4.80828902496531,3.089254792097865,0.11195081325424608,0.0372119642949345,0.11797333839209835,0.33,2.754859737204554,8.457955109319329
c1,116,c1/c1/c_1_116.csv,2f066575fccf8e2fc555504325937e1628275814cf3de86c5b2ce48a191b8e4d,219748,50000,4.39496,4.39494,93.2843062,94.56862356,93.70566818,93.85286598,94.56862356,1,7.196338646995649,6.985146165550574,10.02892490942991,36.507999999999996,2.54194744005209,2.3244882568720664,4.94183267196971,7.880184065667292,9.301544413827095,66.556,4.644282506008686,4.713034531633392,5.090846897355153,10.813840276286479,11.952210318691641,49.894,2.718158326681481,2.0124483084476106,0.0003123759943207674,0.0961857580029635,0.09618604638906429,1.091,6.040377183712333,3.2447084051390704,-0.0037029734059013052,0.09133493181763432,0.0914097577952925,0.953,5.262020287562461,3.1179623389936117,-0.0042143546243879355,0.11663709925368589,0.11671294614981549,1.221,5.817692230375366,3.138469363236732,0.11268859329777746,0.036091290575275506,0.11832706531984627,0.291,2.4170294363924443,7.064784143598839
c1,117,c1/c1/c_1_117.csv,30d26b77d1f84d034b4366f977fd58e46c983acb03c35df0dc5fce1b5d929db3,219736,50000,4.39472,4.3947,93.61810111,94.56862356,93.70566818,93.96413094999998,94.56862356,1,7.28207442112353,7.081288309471366,10.157412258670611,35.609,2.469034372272521,2.309598511295301,5.025018995521899,7.94050288687008,9.39692050936361,66.875,4.646309390027698,4.682639644938667,5.183473340736155,10.945455222549818,12.110773744466698,49.6,2.7308742362651066,2.0054481320859963,0.0014877716896639604,0.09651405079225553,0.09652529758215901,1.048,5.57366839032092,3.3239658741484064,-0.0016946654166818365,0.09103370799835787,0.09104927330159177,0.902,5.008277204910191,3.1484588504317372,-0.0017242372665380273,0.11788571845513468,0.11789805921034473,1.2429999999999999,5.309671797761645,3.1947089585402435,0.11449206775403212,0.0346446080104241,0.11961888220744453,0.28300000000000003,2.324047799726878,6.697596421425315
c1,118,c1/c1/c_1_118.csv,12e9cf73bfcd677a88842fe251b82feab93af1879661578ce21d5d0737a37c65,219583,50000,4.39166,4.39164,93.94568777,94.56862356,93.70566818,94.07332650333335,94.56862356,1,7.323465168068567,7.169109873647419,10.24836788888289,36.106,2.4645875590979798,2.3108084939141618,5.094058970867508,7.878835529170711,9.38217476892717,67.935,4.614068813061571,4.688558072990105,5.2645140789587535,10.996968400165361,12.192123348334553,51.178000000000004,2.780073579605809,1.9936812483076003,0.0014133698874685197,0.096263246737214,0.09627340279574549,0.9179999999999999,5.089671557985629,3.341225885075591,-0.0020350300342011907,0.09101629365158614,0.09103883419406547,0.861,5.074757427310249,3.112875042352281,-0.001883164908030221,0.11755827703872211,0.11757309162024006,1.125,4.933101545661437,3.1523973961233747,0.1162832140921656,0.03713518457590393,0.12206883931989175,0.291,2.342940275286084,6.650810643151467
c1,119,c1/c1/c_1_119.csv,53dd13698f9a2bfbf1b63428db63e9cacba68a4d361067f9663ab40bf522b438,219717,50000,4.39434,4.39432,94.26690815,94.56862356,93.70566818,94.18039996333334,94.56862356,1,7.3427482670890285,7.179014599792636,10.269078253249477,36.344,2.484643642863098,2.291514326426928,5.120701393155741,7.924353231914158,9.434864657262047,68.415,4.791059717555895,4.791861335006713,5.325765243472285,11.019327676193418,12.238823686062771,51.525999999999996,2.7963471717443995,2.000020050170872,0.0004051939540408797,0.09676808809653285,0.09676871621166304,1.016,5.528646249990441,3.3588644031520762,-0.0037561044434431565,0.09164698542845959,0.09172371575277062,0.878,5.04776759423873,3.1219137251026816,-0.004311778333037498,0.1175050173999793,0.1175838326670965,1.301,5.868153676819915,3.1320787988617056,0.11301942953890687,0.03462893169813461,0.11820553669812948,0.275,2.284156965417954,6.571462636984063
c1,120,c1/c1/c_1_120.csv,7aa84fc6fff68b626b38decda8849d07da6046480ed60030f3a7f45a3f3d301e,219604,50000,4.39208,4.39206,94.58162515,94.56862356,93.70566818,94.28530563,94.58162515,1,7.424021138048487,7.3331818845129515,10.435104289580268,36.481,2.457282580836708,2.2884174215056907,5.214093331633303,7.927641769872951,9.488624089761922,66.961,4.6592635119460475,4.773030173995757,5.426875598805122,11.121079802773487,12.374523488046144,51.244,2.8036635134689907,1.991147288646597,0.0007403781351887943,0.099573337321444,0.09957586312127857,1.01,5.222149060025372,3.2237563780217826,-0.0029308710223857493,0.09408266708801674,0.09412809327975302,0.846,4.5469953239992265,3.0262561990662675,-0.003247245041073933,0.12025021915156807,0.12029378188433996,1.15,4.92128512984317,3.0657898038122826,0.11537494763301215,0.035085450064350446,0.12059171506386653,0.303,2.4711482031927012,7.209176758136919
c1,121,c1/c1/c_1_121.csv,1bb757585eeb53869df2cc15cc5d537c567b98b26e7007960b65e8874f6575f7,219672,50000,4.39344,4.39342,94.88972237,94.56862356,93.70566818,94.38800470333335,94.88972237,1,7.4818021368221705,7.420771903902169,10.537787632236737,37.516999999999996,2.503941142188243,2.2787844206629138,5.293904216286098,7.969045999752504,9.567174447250622,64.62899999999999,4.504778316484585,4.6956576009132265,5.489283795841073,11.249354844851721,12.517173999736634,50.569,2.708598602265444,1.9890402345702647,0.0009735059543319129,0.099373780921207,0.09937832306071008,0.9570000000000001,5.081591079892706,3.1924121075510654,-0.0025420126370224692,0.09428439138754838,0.094318438389345,0.919,5.089142782650489,3.0429563583670505,-0.002619660220692669,0.1193663235138082,0.11939479447230832,1.175,5.251485232427134,3.0762669640975986,0.11489635456498781,0.03634478144941963,0.12050771517905924,0.309,2.5226600599662388,7.991316826099398
c1,122,c1/c1/c_1_122.csv,5a12e56f5d0b6b26ae03500c551299f8b15016c7d9e37b57c351baf9e132fc20,219559,50000,4.39118,4.39116,95.19110376,94.56862356,93.70566818,94.48846516666667,95.19110376,1,7.498144926876147,7.476539194343463,10.588699687587965,36.891000000000005,2.479152377016729,2.269538035437238,5.322459662323111,7.933827811270342,9.553738216257885,64.604,4.481805868108811,4.733651429008436,5.562831671669119,11.22757515397924,12.530082437947208,50.263,2.6857764237912978,1.977742061383258,0.0010089269854572122,0.09826168093210026,0.09826663674473166,1.034,5.637722205137966,3.2339221605686745,-0.002462126353280895,0.0930310830421207,0.09306344641819563,1.012,5.974418758376133,3.1177205181541146,-0.0026644409930815867,0.1194392066880552,0.11946865013731812,1.139,5.340313122033924,3.1208520938566418,0.1143808998947891,0.03673286238301229,0.12013445506629583,0.331,2.7136261601228218,7.536426927324381
c1,123,c1/c1/c_1_123.csv,6e9ae854dbc7dcc5d5277698714252f1435a1773d90c00f7d517b0fbcb69e488,219705,50000,4.3941,4.39408,95.48569329,94.56862356,93.70566818,94.58666167666668,95.48569329,1,7.580241755990989,7.604581695552292,10.737293170466538,37.423,2.477812571345112,2.264981910226718,5.413704999886211,7.936846614854704,9.607364326120535,67.18299999999999,4.53506274156188,4.741285731047061,5.6500848455884025,11.338847001790123,12.668556543705654,51.661,2.7470375081753735,1.9795786992487694,0.0007301563460094219,0.09611823987331927,0.0961207943895846,0.9299999999999999,4.952102227440373,3.275960934381547,-0.0030394210418515735,0.09106422520636034,0.09111472684496501,0.853,5.026629787073867,3.106886301053014,-0.003313169932409367,0.11719944398342216,0.11724599884920699,1.131,5.202736178524406,3.160041306578322,0.11538890330215518,0.03618631493995379,0.12092990711223214,0.31,2.5221221721185714,6.632332901026098
c1,124,c1/c1/c_1_124.csv,26519847ef716edcb138d5d01f157c7aa141d4fb8eeaa094625631c1bfc0ce60,219541,50000,4.39082,4.3908,95.77343457,94.56862356,93.70566818,94.68257543666668,95.77343457,1,7.580829963423688,7.650121200618995,10.770007926762894,37.881,2.497398347605891,2.2572387377930614,5.467523168793073,7.94382850294667,9.643543614646218,66.701,4.636677323892663,4.683417571017926,5.695053074368797,11.292147472623212,12.64696181890558,51.291000000000004,2.6853880391440086,1.970683214886243,0.0009026651058344455,0.09536382892016408,0.09536788372737073,0.97,5.096055202287321,3.3561362771778565,-0.002691501815150701,0.09039518942247349,0.0904350442741259,0.879,5.042293102857084,3.152273411682505,-0.003153406425223535,0.11704282174021578,0.1170850276274738,1.096,4.8682569543695475,3.1647854054858677,0.11555907552575602,0.03536182533775453,0.12084847095349868,0.311,2.5320965800034476,7.438674216292791
c1,125,c1/c1/c_1_125.csv,fc8449b4f3b8bc2d08c95d2d7b89817ab8c8d9853c4bdfd5da19193f3515183e,219558,50000,4.39116,4.39114,96.05429047,94.56862356,93.70566818,94.77619407000002,96.05429047,1,7.595379844961241,7.689949579858129,10.808554491325344,38.81,2.4465806247471154,2.249436340057111,5.4882088332012495,7.977490390074553,9.683000529994832,66.275,4.50108412831237,4.683408391569021,5.751097974111624,11.315019256461822,12.692683150436668,50.277,2.6727209367731604,1.9676988923933738,0.0007386339828200293,0.09889432268561957,0.09889685584068397,1.0699999999999998,6.006257680799206,3.345071940363361,-0.003065645524189508,0.09305219512411925,0.09310246915569562,0.9730000000000001,5.939692094258167,3.1176922004431415,-0.003270675630129624,0.12161996060347527,0.12166365425719437,1.136,4.67682812483296,3.133058927326197,0.11525813680212062,0.034353736546190124,0.12026891509667428,0.279,2.2782279176606357,6.694305478626463
c1,126,c1/c1/c_1_126.csv,7947c70251682f2d22b31e356177ab89b22437de9a860fe2d05b5639b7ac5552,219575,50000,4.3915,4.39148,96.32824273,94.56862356,93.74018966,94.87901864999999,96.32824273,1,7.6552343481726055,7.806870827182236,10.933872482732934,38.206,2.4810057043229365,2.23879749435466,5.544010834566777,8.02188401574782,9.751224857776362,67.233,4.553069039792851,4.6419577377589,5.846146760787885,11.336455035464153,12.755079750006972,52.415,2.8234241342144735,1.972977778522025,0.0006593692360241376,0.09998531792312672,0.09998726438314533,1.114,5.600713285385156,3.3455285782659345,-0.0029382352271433453,0.09440120985873057,0.09444671017784562,0.873,4.637535803790673,3.075084356643269,-0.0030047182056245018,0.12217193091726895,0.12220859650148885,1.283,5.629718527956568,3.109629370741026,0.11396950927928955,0.034551972460062384,0.11909190740432193,0.28600000000000003,2.359522205366931,6.925727919014797
c1,127,c1/c1/c_1_127.csv,7f246ea323ac8ef65ddc74ba02518ca353c8d17b032f49c583a21491fc028faa,219523,50000,4.39046,4.39044,96.59529149,94.56862356,93.93261436,95.03217647000001,96.59529149,1,7.71290653371173,7.8910321356413755,11.034356877967937,40.129,2.5658948965600303,2.229869761078844,5.651770611735445,7.991130796473722,9.787767445076438,68.73400000000001,4.648659692347714,4.695808806439089,5.917113054212998,11.34568846109431,12.795948076212655,52.601,2.7458692228766495,1.9723282642567426,0.000652450996023196,0.09976489387611381,0.0997668001042762,1.046,5.613089719372461,3.2250194734192568,-0.0029937181980931385,0.09431775532655988,0.09436504011018289,0.882,4.789909477834524,3.042837494240657,-0.0033349580681750883,0.12094176687835148,0.1209874633610778,1.187,5.298069586656138,3.104628225223015,0.11723459956359926,0.03519613687808002,0.12240389594689827,0.295,2.3692056348092785,6.5348671891448475
c1,128,c1/c1/c_1_128.csv,600fa8ba64f1160873f95e599d1d5fbf6482af97d93f6b770995096aafbdd1cf,219596,50000,4.39192,4.3919,96.85545491,94.56862356,94.13621951,95.18676599333334,96.85545491,1,7.756058871746298,8.013176372441242,11.15200216968779,39.254999999999995,2.4491566253671784,2.219853031353744,5.696048539135504,8.019313218312245,9.836364196206656,67.672,4.541820443902299,4.665106109068426,6.00691230714585,11.433598662881842,12.915478254479979,51.521,2.692660644443185,1.9630694327907674,0.0005656022878376656,0.10049062498212791,0.10049198788528936,1.067,5.731800237223871,3.21810771779451,-0.002997522723546877,0.09487460415080996,0.09492172915342727,0.873,4.73021302924493,3.058487162082462,-0.003302041020783621,0.12212277679064498,0.12216713212013482,1.1150000000000002,4.592069816686313,3.118208962031423,0.115926979544254,0.03509177839776945,0.12112180600392279,0.313,2.5428947120390917,7.037316967890074
c1,129,c1/c1/c_1_129.csv,89525faa3adf3f2375ac7dd12fe85a7bdd241443d8650ffe3e7508d35e29474d,220073,50000,4.40146,4.40144,97.10876863,94.56862356,94.3509501,95.34278076333334,97.10876863,1,6.5413501065555515,7.252089969157902,9.76636222748113,36.723,2.5591924012065106,2.005387578047593,4.354414194380955,7.16653813864815,8.385699642554593,65.382,4.631098376446193,4.638746440794317,3.493709541833846,10.195474109183076,10.777440621081677,48.739,2.8941008442196843,1.9550016689987026,0.009670645649398155,0.08952767923824084,0.09004826659295011,0.95,5.397105556699844,3.2527545790542103,0.012983555456598492,0.08476153287661038,0.0857499709727199,0.7689999999999999,4.7813427264067005,3.0538237980905234,0.017957214197107323,0.10427121633023183,0.10580594828603215,1.0350000000000001,5.25490304663145,3.111832052104697,0.12170078110445169,0.03888727488670204,0.1277626447679435,0.362,2.794243972081374,6.922130078981076
c1,130,c1/c1/c_1_130.csv,72c4f74dfaa05e9749bf11cfbbb06b0223c7b5b343637f06468fb331db32d38d,219598,50000,4.39196,4.39194,97.35528535,94.56862356,94.57673474,95.50021455000001,97.35528535,1,6.771424416433666,7.416222321869349,10.04252416953043,37.147,2.479157588242492,1.9992031136594552,4.397806378018014,7.333792736635996,8.551314046382469,65.28800000000001,5.075009497325035,4.693527392156076,3.5995749688066376,10.660202335181836,11.251503734719913,50.458,2.8693942393117533,1.947843764209108,-0.003471816683212051,0.09468645601595385,0.0947498687965044,1.039,5.984177151925705,3.1638394347259626,-0.010974977003433547,0.0895810339718525,0.09025062451157233,0.892,5.1633991733791,3.072105343747119,-0.013887640142442098,0.1090510304004324,0.10993152244030804,0.966,4.930341979883902,3.1080146575209913,0.12230197907084762,0.037277454484817535,0.12785685890693543,0.329,2.5340838400842727,6.462215080006147
c1,131,c1/c1/c_1_131.csv,781435366bbccc5ff1ac44f8be0d99277ef68109520a1b103c8eefe73ebce60f,219628,50000,4.39256,4.39254,97.59507432,94.56862356,94.8134861,95.65906132666667,97.59507432,1,6.88519711056878,7.589310463237556,10.247112291173801,38.597,2.594584624870396,1.999572988753543,4.533224515999781,7.437173814780393,8.709846555578265,60.833,4.6372803174278685,4.635785971170841,3.7179389376582224,10.878295340419127,11.49607935992106,50.593,2.864454825773412,1.9383834085638452,-0.0020108638242846994,0.09599004183559881,0.09601088350682996,0.911,4.926524813891042,3.1283531236725253,-0.006278511847305444,0.09090411591719842,0.09112047177475946,0.831,4.587333580024184,3.067958363629581,-0.007658909610796437,0.1104693284076708,0.11073425780211106,1.037,5.057152241005259,3.112752948994488,0.12379498515671955,0.03849136473767355,0.12964095326491687,0.289,2.1906657799688936,6.232544965060377
c1,132,c1/c1/c_1_132.csv,adf09ee9e47a6639e42ed06beea2f962d4780b4409afbf0beda647e8fe418f35,219582,50000,4.39164,4.39162,97.82822082,94.56862356,95.06110142,95.81931526666666,97.82822082,1,6.920257716934903,7.706817480149551,10.357834332029418,38.534,2.5612496927050343,2.00737308920233,4.637500578371633,7.448782619817871,8.774424280256506,63.364000000000004,4.893540433942269,4.610623957581293,3.80702350374803,10.978489347543153,11.619815291917163,51.509,2.8305957688397374,1.9300693459350655,-0.0020514431966190305,0.09400113990340433,0.0940233081807902,0.858,4.679690690673825,3.0983376228198094,-0.00605583791021122,0.08930938324668014,0.08951426022920167,0.925,5.596873601113244,3.095807128916442,-0.007318291116758205,0.10861764578247991,0.1088636607494999,0.958,4.611272453487709,3.141676415814798,0.12126918417720942,0.037357056676632985,0.12689270412070205,0.304,2.3563214455228816,6.870201081520136
c1,133,c1/c1/c_1_133.csv,509c6898c75db172fd86fa1191f2e74ed87509180dd39f8ee2a49e4ba60b4e3e,219578,50000,4.39156,4.39154,98.05482567,94.56862356,95.31946299,95.98097074000002,98.05482567,1,7.033779754802395,7.85632286441238,10.544931744496617,40.019,2.5771622480328626,2.0025055410240924,4.692935544544536,7.538791431770276,8.880132963361023,64.084,4.838103233055536,4.644497463673912,3.9239489247556674,11.19431286049737,11.862101200258545,52.146,2.836175432331223,1.9319809219570288,-0.0005554017251272897,0.09335739369338862,0.09335883319635102,0.979,5.441370490691345,3.1392835275941477,-0.004416917906165462,0.08879247184577628,0.08890206023803404,0.888,5.534179958064827,3.10366109962339,-0.005040227163012688,0.10843914113653043,0.10855596559997854,1.0539999999999998,5.361289881982451,3.2210252178535144,0.11994929819927315,0.033960984093195236,0.12466425841638862,0.291,2.294161964568361,6.711034635187868
c1,134,c1/c1/c_1_134.csv,85b736bb534e4e5f566e86fd9f3436be403cb88f482f791fbc583f0e3752ed3e,219721,50000,4.39442,4.3944,98.27500469,94.56862356,95.58843867,96.14402230666667,98.27500469,1,7.068229659431734,7.972273847056105,10.654423097847646,39.005,2.529653623896794,2.0020873777592487,4.780364999249047,7.5619613008062085,8.946221995176707,61.293000000000006,4.56404949732007,4.627586120610406,3.996963485511171,11.229051486676173,11.91917532900396,50.97,2.6739266031640243,1.9285501224356438,0.000641768424501982,0.0924776095886686,0.09247962596899147,0.996,5.871563539650005,3.2322361455926405,-0.002841717450767109,0.08711534173475417,0.08716147993236295,0.933,5.862681546900471,3.1443425399320435,-0.0031409969916393974,0.10733837875082024,0.10738408158510501,1.013,4.814493846467015,3.239569112484504,0.1203652996299853,0.036767165715388635,0.12585556673147139,0.362,2.8365848986378506,8.711132979477151
c1,135,c1/c1/c_1_135.csv,104a91da0f15c3625de45db737556184e1209c5b47f17f3fc1a4a1e8f078fc6b,219549,50000,4.39098,4.39096,98.48888816,94.56862356,95.86788239,96.30846470333334,98.48888816,1,7.13344288518736,8.061928749881663,10.764776194937339,39.445,2.5389287714921314,1.9962025278147602,4.865195897043484,7.570503329538309,8.999021654188654,61.254,4.532714951409637,4.605728307271952,4.0918109852470295,11.292516702709822,12.010964565290235,50.424,2.6977017394287044,1.91417955349828,0.00023984623022650964,0.09198782661081152,0.0919879298018937,1.072,6.022529273058987,3.3808682071267646,-0.0034965178616163137,0.086365019562661,0.0864355729280643,0.929,5.749947425160547,3.1297481783598253,-0.0038573393638777678,0.10709891687722685,0.10716811474953639,1.133,5.822627387431012,3.2470540530584198,0.12072096434053446,0.03584379464484516,0.12592983361362706,0.315,2.4616883156625917,7.095219404858044
c1,136,c1/c1/c_1_136.csv,9d40238b2d67b3abdaf6784aa53a86af8c288c67ed5d12dc05bdb2769bf8ab55,219581,50000,4.39162,4.3916,98.69662026,94.61864372,96.15763466,96.49096621333332,98.69662026,1,7.246326485442729,8.24390756144653,10.975925924840999,39.921,2.488628311364601,1.9851148153424747,4.935041693042659,7.6715026361830665,9.12174989734438,64.137,4.766738892135011,4.6236263974668494,4.212049617225534,11.545812240653813,12.29009907131764,53.260999999999996,2.7976991723561135,1.9091774544519795,0.00022321148004608764,0.09389961173098847,0.09389966321677386,1.088,6.080958977262858,3.374827810133251,-0.0035304511774698175,0.08809387706336465,0.0881643914464263,0.798,4.933964754515782,3.1022083201105413,-0.004010907136774129,0.10852657102079091,0.10860041599825614,1.141,5.782666615292562,3.1907410529843485,0.11981486103078136,0.03407849207523283,0.1245670070967411,0.287,2.2638418195356773,7.202960701939651
c1,137,c1/c1/c_1_137.csv,161f85ab445bce773efd891b193312f2c658ffb53c2e230145b9d40dfbf15ce3,219886,50000,4.39772,4.3977,98.89835857,94.77442788,96.45752308,96.71010317666666,98.89835857,1,7.341126315454372,8.40117919323175,11.156685279803868,41.336,2.5095267364655998,1.978557865267347,5.074815208790009,7.730012143704059,9.24697601377989,65.72,4.64443726641014,4.598382028031335,4.314284270030834,11.72450174363244,12.493052658939407,53.32600000000001,2.7389622804091287,1.9042081359060785,0.0008479030042840381,0.09394724745781875,0.09395086005479804,1.021,5.513520575520755,3.341169577979911,-0.0026097659696388124,0.08857393805527566,0.08861217581066429,0.848,4.95417244846805,3.093889287535788,-0.0030804189443620787,0.10848814681634299,0.1085316242126896,1.0739999999999998,5.261139360459679,3.1383486251004897,0.12227380096959335,0.032967418671002495,0.12664015222112296,0.289,2.2425746891405756,6.587249918632426
c1,138,c1/c1/c_1_138.csv,440ba52195dd8ca8f35a4ab2f0c0996d909ef93479bcbbc02c0495493340e8e2,219622,50000,4.39244,4.39242,99.09427345,94.936968,96.76736287,96.93286810666666,99.09427345,1,7.413121618052836,8.536491107052512,11.306003747558933,41.501000000000005,2.5574023010776723,1.9775966173703157,5.132347132800902,7.7510856851721,9.296238101112023,64.02,4.69415687564844,4.596158525854118,4.411928745754068,11.816949022674908,12.613673677445753,54.903999999999996,2.8218583190117634,1.8994765808234217,0.0007563176730928595,0.09556983821283743,0.0955726132564079,0.961,5.147918250179401,3.1774816846923417,-0.003184785677209023,0.09058164498706293,0.09063740899082554,0.8160000000000001,4.63384826062838,3.0356282353243844,-0.0031144284270246147,0.10984158150131744,0.10988547563282357,0.9630000000000001,4.81410301910714,3.1250648358163016,0.12019758494139932,0.032718002637974496,0.12457095266644828,0.292,2.303907884275979,6.631445884497533
c1,139,c1/c1/c_1_139.csv,9563c4d622f2af02227def1d4731c5a77d544962177325b0d9c1635643520808,219771,50000,4.39542,4.3954,99.2845475,95.1061995,97.08695738,97.15923479333333,99.2845475,1,7.532008777318208,8.717346916328223,11.520544592270182,43.233000000000004,2.546581002749176,1.9695287945603739,5.255781659090599,7.834757255375667,9.434319413312823,66.652,4.638914380855386,4.609810806339865,4.536994753629915,11.987694214091945,12.81750678098948,55.482,2.76957138440145,1.8963901839725212,-0.00039776403620131863,0.09510613555333904,0.09510675096351787,0.902,4.815641322619515,3.1502981070766576,-0.004547751978195486,0.09007556578566622,0.09019009192366963,0.8220000000000001,4.812058517107469,3.0416728060217006,-0.005174008399652365,0.10931879850617376,0.10944092329765538,1.014,5.2174267430749355,3.1670129701698766,0.12368936756896952,0.03383032694599835,0.12823238851098492,0.298,2.284914157821371,6.521921568001084
c1,140,c1/c1/c_1_140.csv,f7cff68a4750c4091e520ba3ec90dac48d7ac32588e40f433626345b82d3ce4a,219651,50000,4.39302,4.393,99.469375,95.28205156,97.41609862,97.38917506,99.469375,1,7.61361255355086,8.855026621881374,11.678109247974112,42.68,2.523953096697845,1.9631620662247953,5.314954295678144,7.8751472708851376,9.500863190027696,66.508,4.569584797891763,4.643122232947323,4.63587998688829,12.178784198328001,13.031250612914441,55.503,2.7295154591493955,1.8938178078172991,0.001479920419210475,0.09505914543025029,0.09507044838061827,0.956,5.332887439114683,3.1543919471815616,-0.0018793904876372065,0.08981500908084922,0.08983446576652693,0.885,4.998081706935482,3.0722197206025554,-0.0020224492490359706,0.10940173101640822,0.1094201743763593,1.0619999999999998,5.291528763320043,3.1997420809064723,0.12217230970949369,0.03296687674144549,0.12654202177111326,0.271,2.1020685166634654,6.1855306513317
c1,141,c1/c1/c_1_141.csv,33f67c3d29324ba5a058cda2f95cb5050d43fa2a91ecf70a02c4c7d374a73ab2,219508,50000,4.39016,4.39014,99.64896132,95.46444735,97.75456776,97.62265881,99.64896132,1,7.745099417788873,9.018408304764677,11.887719832868553,42.918,2.517471846640795,1.9510834101054872,5.426446908540918,7.941223269593671,9.618163326547108,64.529,4.480793113696448,4.564137796935366,4.753099267452667,12.40912897356162,13.288255454399044,57.352,2.7711688811498205,1.88319214218015,0.0008339923829655411,0.0934952897135698,0.09349879635249389,0.9590000000000001,5.3476624246047155,3.2013708438904875,-0.0031047797802358002,0.0883952649244898,0.0884495727633866,0.9019999999999999,5.483350397829893,3.095282163432023,-0.003249690216301912,0.10835485283793593,0.10840332620940031,1.1400000000000001,5.581009560825974,3.3207718361003145,0.12365047287570384,0.03119108545432217,0.12752379708153708,0.255,1.9604184138287006,6.0017713608867185
c1,142,c1/c1/c_1_142.csv,c40cb20d54b063b0f51bd2ad34d329b3539e6f23c1ec860bec2a05a01c4e30f3,219732,50000,4.39464,4.39462,99.82352237,95.65330429,98.10213572,97.85965412666667,99.82352237,1,7.790250177488941,9.149017386299548,12.016327892644147,44.155,2.485451484582292,1.9464561611550284,5.511512683632789,7.98481904451457,9.702258349268567,63.977000000000004,4.3672306461716035,4.594922990808292,4.845895281524766,12.566024153979606,13.467997085411577,56.041000000000004,2.6889670208815084,1.8805376057899137,0.0006716045000273059,0.09367090468118976,0.09367309915259217,1.06,6.063640523676236,3.341518462765735,-0.002909330457102288,0.0882772017593385,0.08832492903395786,0.833,4.78913489800112,3.111668042246787,-0.003294376786266907,0.1082268567673179,0.10827673867483768,1.02,5.144225868057482,3.3479027027220662,0.12467446707807693,0.03272822943879754,0.12889862244670494,0.263,2.0015729811749847,6.056436592662315
c1,143,c1/c1/c_1_143.csv,894d8290fb86863d46b3882e0ac8c03e08747ee24135d68e3ca35edfb944f846,219581,50000,4.39162,4.3916,99.99328397,95.84853439,98.45856362,98.10012732666667,99.99328397,1,7.889206033308893,9.279170257390135,12.17958046804311,42.352999999999994,2.4317750580746167,1.9390663196807139,5.5353871191041115,8.071341692290943,9.787071604228402,67.418,4.6906778509892515,4.593834237413626,4.94386682818641,12.691793141878842,13.620671744990611,55.44199999999999,2.624980666841894,1.8818677984534795,0.00020891607197344038,0.0944136173070383,0.09441363346329201,1.0390000000000001,5.910163389876847,3.3674793928139057,-0.0033732791088482155,0.08888559664176592,0.0889493806709189,0.78,4.519424384608783,3.0791705771541378,-0.003935185649031565,0.10879752290751128,0.10886841952623126,1.044,5.2816051018491805,3.2042009952926076,0.12577376002477444,0.03557617587990917,0.1307084436331888,0.298,2.241630240983169,6.784921287911146
c1,144,c1/c1/c_1_144.csv,1b70bd51bcc7e98e83ed68cf438db4614283cdeb86e22e0001a816bff640bb7a,219718,50000,4.39436,4.39434,100.1584813,96.05004442,98.82360334,98.34404302,100.1584813,1,7.9096016075150875,9.397453169146385,12.28305832119768,44.403999999999996,2.5143575152371826,1.9368916856216691,5.596825380715281,8.043714530777907,9.799260345576494,64.47999999999999,4.486154918809207,4.500002045859776,5.021766273131923,12.723453371327176,13.678584188548454,55.612,2.6420863081908705,1.8754964763065352,0.0017372768730827698,0.0952050191113991,0.09522065186752643,1.0830000000000002,5.6920425282746985,3.4021581968617305,-0.0019164337924066305,0.08956840468428097,0.08958870086936227,0.868,4.86668514856324,3.091993010810159,-0.0015530862287113482,0.10926468485863149,0.10927547344805899,1.096,5.106360854755112,3.21399018051646,0.12385711229849171,0.033888001046403764,0.1284094064122951,0.275,2.1026497010124623,6.334718835531946
c1,145,c1/c1/c_1_145.csv,2d6ef012cc3493da1d9723492e9a3c76f6a5335325ed7b4ce33f01e7b8e86f8d,219673,50000,4.39346,4.39344,100.3193584,96.25773627,99.19699805,98.59136424,100.3193584,1,8.053602513736326,9.59300652635272,12.5254089251514,44.85,2.515526653723136,1.9376567356110244,5.68411509379851,8.108085913985365,9.902016073523004,64.31,4.4740383848153,4.448410001891934,5.137892362739162,12.940203588528279,13.922860502764129,56.863,2.630709400035171,1.8617536026516206,-0.00014455121931234162,0.09586373246405588,0.09586362325066314,1.017,5.633002193000927,3.285276879089794,-0.004205733066876676,0.09027490074582059,0.09037261087692153,0.83,4.647425762347378,3.046819091042447,-0.004888206561571062,0.11061207650034813,0.11071978294118312,1.1520000000000001,5.410053958633593,3.225536788556175,0.1239315209424918,0.033358459534094054,0.12834252467501078,0.272,2.080370482629183,5.6590516485936595
c1,146,c1/c1/c_1_146.csv,cba9d71eb3d130ea79b7048b10105e64468dcec70247f93f474b618bee4c797c,219585,50000,4.3917,4.39168,100.4761675,96.47150713,99.57848272,98.84205245,100.4761675,1,8.137755502425028,9.755242501623947,12.703833574875901,44.544,2.4512285851717164,1.9329960386611704,5.8359952683471095,8.176318214653316,10.045432587579228,65.07900000000001,4.348145251007639,4.469343058757325,5.246188314320195,13.061422589373679,14.075598565032685,57.985,2.704396535900469,1.8631277169745357,0.0007790195140833847,0.10093157500372847,0.10093435149267178,1.009,5.320289792905523,3.141088717274935,-0.0024566249971537217,0.09492740569564584,0.09495897177736626,0.845,4.507209713722016,3.025667030226245,-0.0030382585331420633,0.11581031205843295,0.11584989561930258,1.125,5.541653676665305,3.2094060814919154,0.12359751804540384,0.03233314228443181,0.1277566976562259,0.28,2.152529026227523,5.72993779649325
c1,147,c1/c1/c_1_147.csv,25a768b1b2f88cebef970d978a3056b87e961ea16c567b1099d6be3b3cab7d25,219642,50000,4.39284,4.39282,100.6291683,96.69124982,99.96778466,99.09606759333333,100.6291683,1,8.283358401398639,10.000145922806698,12.985241221626646,46.244,2.491520908068828,1.938618391093224,5.928479521220895,8.248780197417057,10.158195429858829,68.009,4.478649806861636,4.442060391259259,5.377387380373516,13.34405715650978,14.386776766683404,58.304,2.62901139104276,1.8538539248475419,0.0010384534833957075,0.09996432801095258,0.09996949416777941,1.05,5.991827856952988,3.1404611415801047,-0.002546065870826163,0.09452298445504315,0.09455705348475672,0.948,5.245510321236467,3.052387292839466,-0.0026299569299132225,0.11454026083006813,0.11457018937452125,1.1360000000000001,5.542453961773889,3.2710725339790794,0.12299444095391593,0.03315225709541039,0.12738406357218018,0.29,2.2373285323757095,6.925081823182518
c1,148,c1/c1/c_1_148.csv,bd6ee723ac7fd1498101bf2b3bcb2c450e62e62a7e7b38d80db0a81d8e61b86f,219646,50000,4.39292,4.3929,100.7786279,96.91685304,100.364624,99.35336831333335,100.7786279,1,8.363186126767616,10.144625087342499,13.147464843516632,47.228,2.505578101335984,1.9361202424301467,5.989235483459749,8.30758204007072,10.241413321144458,67.344,4.375275032351949,4.4688015889209245,5.459209327736448,13.467282396058389,14.53168386292326,56.25,2.538797316815454,1.8547617202000106,0.0006800169363430247,0.09922939023820786,0.0992314944020103,0.9810000000000001,5.36120113080976,3.155056516850658,-0.003073422689236317,0.09365417456547975,0.0937043777400819,0.915,4.973086756870583,3.1297012210738386,-0.0034811469364340805,0.11464532599507428,0.11469790458770279,1.149,5.414222711672623,3.3630872885633822,0.121742617666609,0.03001938020499485,0.12538909059966935,0.258,2.0177193948056846,6.858469169141139
c1,149,c1/c1/c_1_149.csv,6c1e4530f555ec855a29484bdbd6bc37de2d714f4d56dd87b25540f30324a080,219600,50000,4.392,4.39198,100.9248194,97.1482016,100.7687143,99.61391176666666,100.9248194,1,8.411117003642987,10.251828826785333,13.260709066458514,47.393,2.5351585523456652,1.9379334936180637,6.095182877959928,8.355046125532677,10.342037139460043,66.664,4.317911393840874,4.495077199774873,5.540973642987249,13.545052829622554,14.63454849330813,59.19199999999999,2.61627477045211,1.8524546002867237,0.0008881921675774136,0.09825933278066144,0.0982631232863904,1.182,6.106054641182985,3.3579126109398785,-0.0027522040072859746,0.09219424299439806,0.09223510374297429,0.968,5.713659752240941,3.1556540440638807,-0.0030232012750455372,0.113159468087817,0.11319958768920259,1.1480000000000001,5.459383842428493,3.472385622263508,0.12125822404371585,0.030202906813368735,0.12496306784096597,0.257,2.016595817899632,5.945147393597205
c1,150,c1/c1/c_1_150.csv,b5dd4ff554b6dd42eebd797efd9378c876f723097a0f835646ed8cc88e537b48,219574,50000,4.39148,4.39146,101.0680222,97.3851767,101.1797629,99.87765393333335,101.1797629,1,8.514227444961607,10.436029038277933,13.468566184387178,49.936,2.569241560405525,1.931553906568802,6.141381766511518,8.412651886286158,10.415803350851265,68.225,4.4477606229205335,4.477230029723562,5.647885141228014,13.708539766925385,14.826389083399343,60.251,2.6342219794926205,1.8537193896998354,7.196662628544383e-05,0.09910494136976122,0.09910474182392141,1.0510000000000002,5.549683999754326,3.398338708274103,-0.0040780875695665235,0.09335678938629383,0.09344560572877744,0.878,4.730024451688925,3.1062706599054857,-0.004415800595698944,0.11439158044751394,0.11447651889160565,1.1680000000000001,5.35480992901637,3.397412187117405,0.12057448969367958,0.029295827190538148,0.12408242884060827,0.257,2.0309080210197203,6.291550157172923
c1,151,c1/c1/c_1_151.csv,abe4576f8e89fc9592e0674d1c375204b3496d520f37e5fde2d239dc18e490fb,219612,50000,4.39224,4.39222,101.208521,97.62765621,101.5974715,100.14454957,101.5974715,1,8.521023905797497,10.50156473155028,13.523690622116801,49.294000000000004,2.5399871203666557,1.9336835781349224,6.252584321439629,8.386093205348777,10.460451697444055,66.456,4.3035426482586425,4.493576475934102,5.708897724168079,13.689731537689461,14.83237706627115,60.916,2.7033428169231652,1.8531083129102286,0.0011567127479372712,0.0987544057216205,0.09876095496831515,1.0699999999999998,5.852515300053914,3.439166293894122,-0.0022265768719377816,0.09370604217084759,0.09373227832794005,0.853,4.726226737496777,3.0958344278338896,-0.0020576972114456408,0.11360155065378111,0.11361992635364841,1.142,5.131142209909375,3.311252812536565,0.12407200426206219,0.02930292179143803,0.12748536997326046,0.255,1.961009330344623,6.96625061776615
c1,152,c1/c1/c_1_152.csv,5432c3b95774f9017e1ae3f98d16fa31c1f322578a8abe4c9342c42f99a99e9f,219651,50000,4.39302,4.393,101.3466052,97.87551489,102.0215369,100.41455232999999,102.0215369,1,8.525402770759067,10.571594925461188,13.58089109266531,49.741,2.5305408728710543,1.920697684507408,6.251776390728929,8.414150329687839,10.482476400650336,68.116,4.330465270323312,4.443718452421457,5.759785254790554,13.68294286040438,14.845780516259003,60.658,2.603837498315713,1.8484510411069945,0.0004915934823879701,0.10028021897841138,0.10028119564622186,1.03,5.753820507242214,3.289450885987041,-0.003142589835693896,0.09512096818818074,0.09517264978616241,0.895,4.833321348449852,3.0494422515338213,-0.0037478636564368018,0.11582275182027746,0.11588311027695426,1.202,5.367477611823277,3.2822535161108854,0.12477018087784711,0.03170844723268704,0.12873623842889353,0.273,2.081775910735715,6.227249567585596
c1,153,c1/c1/c_1_153.csv,543ce24229bbbe9ff58600b8fe9f4374a15f7c04e184baebc96ae041d1c9a6e5,219679,50000,4.39358,4.39356,101.4825683,98.12862466,102.4516511,100.68761468666666,102.4516511,1,8.587469862845333,10.663864275291191,13.691680768692958,48.801,2.4367351652170397,1.9190244979951425,6.2845301280504735,8.39957885813938,10.490372860902298,66.773,4.320628122659647,4.381410732670125,5.817569348913641,13.69027459992932,14.87504213709988,58.705999999999996,2.5620767759001675,1.8449087208518917,0.0007120343774325265,0.10288526422627467,0.10288749390574656,0.9670000000000001,4.849957765101415,3.1770032796813283,-0.003148334615507172,0.0973589679735366,0.0974096376517953,0.973,5.009771227611234,3.066132849090917,-0.0034076129261331302,0.11823212845854798,0.11828095532536947,1.186,5.292483462599599,3.3426861024579186,0.12126731276089203,0.029868464358924825,0.12489148188074542,0.243,1.9056543842378137,6.055432780021706
c1,154,c1/c1/c_1_154.csv,1bcb56a6d637197f98231e4e5c664caa5e36384b850031c38ca2a096f49e5257,219860,50000,4.3972,4.39718,101.6167078,98.38685484,102.887502,100.96368821333333,102.887502,1,8.70530445738197,10.866881039904673,13.923752803059385,48.985,2.459538063077027,1.9217525019683537,6.343100882379697,8.463156241366887,10.576370672129366,68.368,4.327193270618022,4.3012503893054115,5.931516897116347,13.915799280334259,15.12717691857825,59.525999999999996,2.5587722156182684,1.835101612813305,0.0004980987901391793,0.10289021010827928,0.10289118177915195,1.067,5.5787093711494835,3.123726315075254,-0.003018511780223779,0.09730841436651244,0.09735499911101513,0.919,4.807149137419577,3.066103109721946,-0.0034475347948694623,0.1188280295216284,0.1188777602119509,1.2690000000000001,5.459389534618397,3.341232852540748,0.11950558992085875,0.03008782615692607,0.12323497550478466,0.251,1.9961865451942977,6.033071663524155
c1,155,c1/c1/c_1_155.csv,7c026916eb0a2e863604bb8181a20230bd7dd07d3b4edb20ea2e02b12b487f48,219714,50000,4.39428,4.39426,101.7493242,98.65007241,103.328774,101.24272353666667,103.328774,1,8.816754430759987,11.059003395075434,14.143413949426074,49.425,2.4460855154001817,1.9183332400398225,6.4096203701175165,8.521325807130978,10.662827782141335,68.172,4.3313088182246915,4.278790014817444,6.043247107603521,14.085324881951433,15.326979795709802,59.572,2.516020802140956,1.8329520980896337,0.000760802679847438,0.10252966806797112,0.10253225740866016,1.009,5.149598900330108,3.1477636644505944,-0.0029223308482845883,0.09669010675869547,0.09673403853830385,1.045,5.571978676219248,3.1029415263061244,-0.0031641178987228858,0.11907143568278314,0.11911319787606475,1.2069999999999999,5.322667943645222,3.4429665507401346,0.11711126282348873,0.03090731925473358,0.12112103828762553,0.266,2.1548692422880706,6.498760689010029
c1,156,c1/c1/c_1_156.csv,185f4c4e507e9880eed62dd22bdf1bd72fb488c18dba58f4cf69cf6cb57c198e,214375,50000,4.2875,4.28748,101.8807204,98.91814226,103.7751482,101.52467028666666,103.7751482,1,8.975626892128279,11.205637371350448,14.357144607227756,50.997,2.44359174193581,1.9214015153825992,6.526836865306123,8.600085730505887,10.796329423863282,67.277,4.1824399967078865,4.270400700157514,6.191506495626823,14.282242355110592,15.566510458477419,60.370000000000005,2.5615246336910973,1.8095771183721716,0.0010529819241982508,0.10231625098492708,0.10232143056736828,0.982,4.827923116993083,3.2859821911284848,-0.0029642402332361517,0.09554462776997931,0.09559037625542156,0.915,4.864506430621218,3.099388618211493,-0.0030519416909620986,0.11850049700348836,0.1185395150757853,1.2120000000000002,5.491839574202739,3.5384904244292215,0.11582816093294462,0.027171577508729096,0.11897249281023345,0.26,2.1433525849268085,6.783741947165624
c1,157,c1/c1/c_1_157.csv,10e48e0541ea6dc30e8040ed73d288763369f8e022d4ca725b65e0b222e49f5e,219662,50000,4.39324,4.39322,102.0112017,99.1909274,104.2263032,101.80947743333333,104.2263032,1,8.988219163988308,11.396177798271971,14.514143478350167,50.495000000000005,2.40634247912024,1.917293125577217,6.589441405431982,8.626150966296025,10.854993310870876,67.793,4.246985574263924,4.265375496518336,6.234339635439904,14.308715893200164,15.607863695488026,59.659,2.531544404210953,1.827805981658627,0.0002450719742149302,0.10412251822064364,0.10412256962596061,1.141,5.541545911446062,3.3158528551886794,-0.0033101810964117602,0.09810104313183564,0.09815665107633902,1.0390000000000001,5.6134759484762045,3.134685344174933,-0.003933930311114349,0.11975148326555145,0.11981580975804212,1.234,6.01756981366648,3.4167301649403843,0.11411655179320956,0.031299636596721976,0.11833110404443192,0.26,2.154970175079669,6.784434368905538
c1,158,c1/c1/c_1_158.csv,2b512667a3c6264a1480a60174192f01b790003ff7f9095a8d34d474713c04e8,219691,50000,4.39382,4.3938,102.1410748,99.46828924,104.6819154,102.09709314666667,104.6819154,1,9.133823028708504,11.676703708207794,14.824692643879137,53.976,2.4760041156843333,1.9247055037022125,6.729148872734886,8.742525605877049,11.03235471760821,66.816,4.076101716365876,4.200487599613638,6.386277143806529,14.55726998734278,15.896467552293457,62.37,2.570445280725578,1.8236993716128613,-0.00019185583387576214,0.10418615857983032,0.10418609810856108,1.0590000000000002,5.3270062904332445,3.3675336922320573,-0.0044623175278004105,0.09906703517425372,0.09916725801814961,0.9199999999999999,4.729383562406893,3.127013210974181,-0.004469259095729912,0.11965995185991597,0.11974311328978612,1.205,5.269614115284767,3.3835449283757604,0.11346063789595387,0.028685498100846446,0.11703063875552819,0.267,2.2387299837549923,7.048332280265249
c1,159,c1/c1/c_1_159.csv,ecb522f40e0c63939972656fa70828fa177deec6d7e32f7bdcf5f92fc68690a5,219671,50000,4.39342,4.3934,102.2706475,99.75008778,105.1416593,102.38746486000001,105.1416593,1,9.253845432487674,11.865434533040789,15.047310425451775,52.944,2.418970498437575,1.9237935281810425,6.7782581269261755,8.824909167698506,11.127598596626276,67.98599999999999,4.164330659271741,4.225659457035294,6.487759030550232,14.734991524494495,16.10000012665666,61.44500000000001,2.5120496696790173,1.8230994380086019,0.0015480331950963031,0.10957950088327954,0.10959018550286592,1.116,5.182945875980345,3.420306472410387,-0.0016792749156693421,0.1032730292336786,0.10328644625513829,0.999,5.082951529798445,3.089247401289905,-0.0017423738226711766,0.12482669421215678,0.12483856985111709,1.183,5.270806937188828,3.3122092012691895,0.1108356269147953,0.02932417573978922,0.11464920218601733,0.251,2.1456756375928996,6.760967669439638
c1,160,c1/c1/c_1_160.csv,2f7872de3569a7fea7a428f203d67ec6fe3f0018e2704fa5913619b979c314f4,219594,50000,4.39188,4.39186,102.400228,100.0361819,105.6052085,102.68053946666667,105.6052085,1,9.232695000774156,11.875213095254304,15.042031140998606,52.995,2.42580271626652,1.9183801302734493,6.829952944980281,8.805417832323439,11.143755531564832,68.96600000000001,4.2760270417838875,4.288839878134012,6.52223377687915,14.68780566187651,16.07078673214158,63.513999999999996,2.6324162410412666,1.8330659708527401,0.0006930790458755703,0.1095525517962373,0.10955449470152823,1.1110000000000002,5.129867118013921,3.2467007956617486,-0.0032015264533639355,0.10488814651859414,0.10493675691747639,0.9710000000000001,5.107838432833571,3.0370972413253763,-0.003292822208257056,0.12376386948117386,0.12380738392091925,1.087,4.773544043039432,3.2290950210286433,0.11051295572738781,0.02885147479555596,0.11421697417991679,0.23600000000000002,2.022466464889223,6.701800701682517
c1,161,c1/c1/c_1_161.csv,da2845a156aab435eaf5b271131de93900965b09810882cf97973abfc274f2f4,222700,50000,4.454,4.45398,102.5301247,100.3264295,106.0722354,102.9762632,106.0722354,1,8.891120866636731,12.054318382754468,14.978583693431036,63.132999999999996,2.8108131490739092,2.103086578640468,4.878950188594522,8.712283591696073,9.985374278925828,75.402,4.360577659256656,3.971659481579084,4.742418235294117,13.720853087139865,14.517282624400083,59.70400000000001,2.6483606467356213,1.905625471301927,0.008377332734620567,0.10561210894955343,0.10594360375016756,1.121,5.380220983837341,3.3203261258599257,0.010648518185900315,0.09596945543155991,0.0965581998521556,0.993,5.281788608123214,3.121647077995162,0.014741553659631793,0.1279220128403376,0.12876832410658912,1.182,4.744955750874255,3.290174438329686,0.12313687920969914,0.030065584683403146,0.1267541965571892,0.269,2.0827712783528076,6.463195348343528
c1,162,c1/c1/c_1_162.csv,3f997622b66dfdda2c9b42e1c0a329a7e383f24107b040a171f5e47fbc745c10,219667,50000,4.39334,4.39332,102.6606455,100.6206878,106.5424124,103.2745819,106.5424124,1,8.929896570718405,12.092215999363736,15.032101479414209,63.044000000000004,2.7994089886652276,2.0914441398814847,4.75409567663782,8.701247618683718,9.915280689846346,75.359,4.651305539663415,4.105933264920893,4.804829246086121,14.028347754263484,14.828352198471775,59.632,2.6427076640409615,1.8944110441333308,-0.0029049652428448517,0.11028305168255045,0.11032105394826744,1.1789999999999998,5.3933494895635405,3.3603190327098242,-0.009861768039805707,0.09844822629584721,0.09894070753788711,0.956,5.073745806879038,3.081490056092003,-0.012304670250879743,0.1307251377757705,0.13130266090666373,1.24,4.775226912162137,3.1636763214227983,0.11598609258559549,0.030324227873761548,0.11988464573607883,0.248,2.0269484762456953,6.945166850633313
c1,163,c1/c1/c_1_163.csv,535ba43cab9e1ca07298fb18384cb8ade21173d6c6b3d7e8f2beed16948a0a35,219673,50000,4.39346,4.39344,102.7920973,100.9188136,107.0154117,103.57544086666667,107.0154117,1,8.959590127143526,12.177306719877732,15.118213491088703,63.542,2.8228203038113593,2.0876573651218724,4.8133322483873755,8.763925955154532,9.99871070894212,72.324,4.540085349144267,4.147387051445391,4.865125941740678,14.12441074026596,14.938792488863939,61.268,2.6739778352084063,1.9094068806081066,-0.0025641112016497247,0.10968613173543447,0.10971584841467912,1.295,5.988195957951492,3.380031747213521,-0.006381530729766517,0.09880039323977452,0.09900604629114877,1.067,5.898629648159277,3.138656822805715,-0.008147341730663305,0.12947116123875455,0.12972696119891478,1.26,5.002815097201469,3.2304408291645457,0.11804797585502087,0.03053218120455346,0.12193249955992419,0.291,2.34556005193221,7.0551080660912575
c1,164,c1/c1/c_1_164.csv,d43c3e8922fa1bf3607227b34e5665c24b9a43c4d1f89e827ca75b4e20917cf6,219635,50000,4.3927,4.39268,102.9247859,101.2206632,107.4909062,103.8787851,107.4909062,1,9.01509249891866,12.295257744029145,15.246132869110664,64.38,2.8152056897628013,2.088103411239748,4.914099082568807,8.807622403867908,10.085743849928907,72.021,4.524505150933579,4.153877079671996,4.960127511553259,14.148085575606931,14.992340678409665,61.313,2.6622927570929464,1.913728459542725,-0.00021473353518337227,0.10899331384964689,0.10899327725489372,1.2029999999999998,5.559975947716454,3.4455553169015363,-0.0038761536185034262,0.09877630512353494,0.09885210467222595,1.057,5.381777168670378,3.2248390570905183,-0.004208641609943771,0.12836496286883123,0.12843364564642498,1.3399999999999999,5.450285215192634,3.3250511688399818,0.11951992168825552,0.030421108702636097,0.12333065848162285,0.265,2.1081538297206275,6.714403100539974
c1,165,c1/c1/c_1_165.csv,31db77d606e7751acee231ab5ed414be30e55697b35a51048f76f784d613e50f,219780,50000,4.3956,4.39558,103.0590149,101.5260932,107.9685697,104.18455926666667,107.9685697,1,9.209008403858403,12.581621433004376,15.591738627003698,63.625,2.706240850325793,2.0786118810626903,5.048724674674675,8.988968279521641,10.309743155068979,72.996,4.57130689786662,4.16713806938865,5.110463540813542,14.544711607684981,15.416371518793113,64.523,2.7178250049905457,1.9122037545942134,-0.00045586495586495587,0.10812348161368192,0.10812419662796065,1.147,5.650909038449187,3.4697612176662522,-0.0038149831649831657,0.09836884060481166,0.09844256635566176,1.042,5.881602049139384,3.229872556468298,-0.004520525070525071,0.1268526687273448,0.12693290153979578,1.244,4.9159831094254525,3.3220285330154953,0.11927120302120303,0.029119460170619116,0.12277442312065234,0.266,2.125849939799849,7.5193581926760364
c1,166,c1/c1/c_1_166.csv,3268f0e6775b0d762d55b094a387aa489eeaf97feab820a18b132e0fabe3dfb6,219696,50000,4.39392,4.3939,103.1950858,101.8349601,108.4480774,104.49270776666667,108.4480774,1,9.274111859114413,12.704555980577215,15.729404272296179,65.821,2.7494366125594407,2.0796302193746277,5.135013131782099,8.99977372535679,10.361656156158306,78.172,4.691431491973291,4.18104255641621,5.210719252967737,14.577765322333699,15.481016427530372,63.724999999999994,2.6638431780657115,1.9088784603948095,0.0007553073337703008,0.1050508844398261,0.10505336062748075,1.141,5.644750405489437,3.569253385488155,-0.0025848445124171584,0.09737686466644636,0.09741094411115674,1.133,6.631698377369611,3.2249292849347264,-0.0025526409220013105,0.12423402109191713,0.12425996024586689,1.285,5.71382767703417,3.3994293593484626,0.12037748070060447,0.030517229040990627,0.12418548582310057,0.297,2.3513214774224696,7.3691661793192065
c1,167,c1/c1/c_1_167.csv,dde3b42156788a15b6a991d756eecb691bbbbed7230763928cef0a3770b1223e,219619,50000,4.39238,4.39236,103.3332975,102.1471208,108.9291061,104.80317480000001,108.9291061,1,9.349542735373532,12.823425853919687,15.869891343016947,66.892,2.7773347055330833,2.070423807455471,5.1761109057048795,9.067808057719361,10.441115490250848,73.017,4.402882052489924,4.1171773923515325,5.2795668316493565,14.694373773397714,15.614014965534539,63.486999999999995,2.6079134732407354,1.9071707989439028,0.0005198639461977333,0.10644085204078677,0.10644187922955341,1.221,5.946907406950859,3.594616994798707,-0.0029146658531365686,0.09877093191280535,0.09881370272868603,1.101,5.73807057465318,3.194048274902021,-0.0029673889781849476,0.12584747070538038,0.12588216381352244,1.221,5.131783411007794,3.367842908178157,0.12115867934923664,0.03031668471827322,0.12489404617105325,0.292,2.297947810954323,7.226397778315719
c1,168,c1/c1/c_1_168.csv,a9c28809763ece8624a0625cb4a67cdb2091da05fa49549a38a260e3dc24ff0d,219677,50000,4.39354,4.39352,103.4739456,102.4624327,109.4113349,105.11590439999999,109.4113349,1,9.45221204313606,13.023202680465445,16.091841053930533,67.143,2.757981504494146,2.0727385456786984,5.270239478871252,9.122053057090382,10.535031910212663,74.72800000000001,4.41412996147833,4.140414577614982,5.415449537275181,14.910057225467442,15.863035276156634,63.927,2.6263573947049843,1.902776256571599,0.0002865115601542263,0.10841814703047122,0.10841827883855402,1.169,5.561792775717543,3.5956945580030673,-0.0031552415591982776,0.10119229219472527,0.10124124127831303,1.099,6.291902311320755,3.1887923686441866,-0.0037341141767230977,0.12674146096040437,0.1267961687601791,1.4089999999999998,5.6626316632485745,3.35381658031046,0.11948834880301534,0.03208156018196314,0.1237201976970575,0.277,2.198509257688239,6.671941748035931
c1,169,c1/c1/c_1_169.csv,3245ba10f4b421302d2cfb948f62e6eb0f636a19bb503aff4260e5efb96b978f,219778,50000,4.39556,4.39554,103.6173222,102.7807541,109.8944454,105.43084056666667,109.8944454,1,9.624751280837936,13.288845106122247,16.40818204324891,67.968,2.7298575723950793,2.0735116432103036,5.3773989844297425,9.184944601071432,10.643272208584492,74.82,4.403063182223409,4.167052377109877,5.559612795639236,15.139343849220921,16.127863583037417,65.46,2.655280395913096,1.903924650581461,0.0008590623265294982,0.11008708903192001,0.11009019037514274,1.245,6.213087629962355,3.478634093101293,-0.0025336657900244795,0.1032123784574736,0.10324323734984868,1.135,5.695288283217145,3.1231647318190907,-0.0026588830547188535,0.12776579504564672,0.12779316792124315,1.429,5.845382911709051,3.305081841156748,0.12068207918899983,0.03130109294960206,0.12467525094931156,0.308,2.4303139371517193,8.445521819161351
c1,170,c1/c1/c_1_170.csv,9c17b361365cbf404a1c90c735189c2994375b244f8240af3f835e12a76bee30,219697,50000,4.39394,4.39392,103.7637155,103.101944,110.3781221,105.74792719999999,110.3781221,1,9.62937002781103,13.300217016126343,16.420101541339957,67.762,2.7046726774611565,2.0590603253956377,5.404956248833621,9.219525713955264,10.687039793467726,76.065,4.563471358065856,4.12147245969341,5.595687956594764,15.12439415304865,16.12631331116618,66.828,2.722692977172775,1.897692033325785,0.0010327359954846902,0.10851189455676886,0.10851656190720116,1.1680000000000001,6.045160190026881,3.4047144919073724,-0.0024553453165040945,0.10182017548775703,0.10184954426838966,0.99,5.036841388785834,3.1195836889025332,-0.002570713300591269,0.1286975965972518,0.12872297598432628,1.253,5.360348412734154,3.3123834717106444,0.11630852037123858,0.029122022532817392,0.119898958490337,0.241,1.9683240202542702,6.783052825609502
c1,171,c1/c1/c_1_171.csv,86d27f2f02ff7ec893f4a63559a9f1863122245a430ea5975652cd9cf4411c5c,219798,50000,4.39596,4.39594,103.9134094,103.4258627,110.8620528,106.06710830000002,110.8620528,1,9.71277919271331,13.482244803997254,16.61650317035779,69.618,2.8204490150252752,2.0603067920167173,5.443832723682654,9.174866141164859,10.66832228853473,76.743,4.5948180673807375,4.040404882175142,5.6917712399566875,15.209313219983654,16.239409349976693,68.22,2.7889561143469175,1.884740543590784,0.0004007861763983294,0.1077216559395999,0.10772215646840612,1.208,5.941210434157117,3.4524424941754117,-0.00315682126315981,0.10214653570023934,0.10219507231552814,1.112,5.949406230887482,3.2132817540482956,-0.0036766167117080225,0.12769981657278873,0.12775244213405268,1.31,5.8002805083166775,3.2914588039308805,0.11720471068890526,0.03005982182543008,0.12099807016986482,0.255,2.0661486555036293,6.507035107618335
c1,172,c1/c1/c_1_172.csv,517369dc9958b59f0a153822048e18df95c40921d46bb36accf685417b6dfe98,219657,50000,4.39314,4.39312,104.0666829,103.7523718,111.3459291,106.38832793333334,111.3459291,1,9.896956168025605,13.791335995386731,16.97497640733816,69.804,2.7554677472058184,2.0527642248526203,5.5204171367177,9.347783270591107,10.856134654217037,80.46799999999999,4.702134012327392,4.082214817245237,5.84170359241909,15.589252947819467,16.647798711830113,70.997,2.804815267667714,1.883224939391806,0.0003784809953700543,0.10856490562055314,0.10856531822980542,1.194,5.591104138018865,3.4006714780113874,-0.0032284334211975943,0.1033051662051823,0.10335536542623443,1.0830000000000002,5.369822821594183,3.1989597638709855,-0.0037702417860573535,0.12901985504129157,0.12907463707349412,1.325,5.547178099693706,3.316170892727038,0.11697646785670386,0.029842931091327383,0.12072319791095076,0.27,2.1951042101740246,7.2366635843976574
c1,173,c1/c1/c_1_173.csv,04d9b79c289f096368375e8d37f6e69cf8c938e0a36e5e660e0e8ca2da82ee0f,219685,50000,4.3937,4.39368,104.2238103,104.0813342,111.8294463,106.71153026666666,111.8294463,1,9.999173147916336,13.934833432520511,17.151156303119947,72.048,2.9065095739890054,2.0448081691359588,5.60753012722762,9.401943307136088,10.947169940207758,78.704,4.504543207910057,4.080531287507574,5.930124355326945,15.695754141157611,16.778615900022317,68.989,2.7105334713538265,1.8811541392686733,0.0013189703439014954,0.10628664379009826,0.10629458550642118,1.267,6.322052970039617,3.572132422737879,-0.001933586726449234,0.10133825236913255,0.10135646700949852,1.233,6.866853399051242,3.236508718011649,-0.0020189817238318503,0.12794839355510101,0.12796403081001212,1.275,5.329622673519591,3.405817517150259,0.11819614903156794,0.029599798642993544,0.12184610677980945,0.281,2.265152390127369,8.082761248712062
c1,174,c1/c1/c_1_174.csv,0110a962c0863c1a959728f936295a80863e124d7893d9b8bad01b6e45b4f98c,219796,50000,4.39592,4.3959,104.3850601,104.4126146,112.3123042,107.03665963333333,112.3123042,1,10.06608463757302,14.104184175381716,17.32781481106038,69.868,2.696416167269782,2.0396080036030804,5.663906076543704,9.412932834397369,10.985569328564308,79.183,4.545781698373419,3.992771301519446,6.020024772971301,15.78085685299066,16.89008609367804,70.863,2.787433985764113,1.8630920552178794,0.0004907960108464212,0.10728743165278903,0.10728831018306777,1.217,5.9652351584991665,3.7033663317497427,-0.00277598318440736,0.10235916996700842,0.10239657264883976,1.106,5.478698998294614,3.2075656882672603,-0.0033125534586616683,0.12988769913680753,0.12992963726870013,1.342,5.703086805880784,3.396192883858156,0.1170217974849406,0.03146320584857197,0.12117767907087024,0.273,2.2116284290546724,7.135226472462563
c1,175,c1/c1/c_1_175.csv,52172b0b2a8f8c66c1f73435d8d028b7b9e9ceafeced329c815094b9162d5eb3,219765,50000,4.3953,4.39528,104.5506955,104.7460794,112.7942074,107.36366076666667,112.7942074,1,10.12620279844379,14.221360458325146,17.458125790382553,69.702,2.6796118072291026,2.0303439955793268,5.709215052442382,9.416515146695792,11.01206113963677,79.42699999999999,4.577980394473442,3.987506307897338,6.0827859531772575,15.862217163472817,16.98849826761803,72.458,2.751685243957377,1.8579149387888634,0.000646349509703547,0.10549171809143387,0.10549345816389656,1.077,5.526409031868503,3.48499169533386,-0.002837430892089277,0.10175113870998902,0.10179046189155273,0.992,5.059413135866104,3.0821134480822936,-0.003149150228653335,0.1289294665114656,0.12896762711270757,1.263,5.497503643921352,3.3052678759172496,0.11546450071667463,0.030071657918310173,0.11931618256060615,0.253,2.0785110173469508,7.121017557514236
c1,176,c1/c1/c_1_176.csv,e75328bfe359dd2ee159c44da7c80d8eba693280decc6bba00ba10fddecfeb7f,219709,50000,4.39418,4.39416,104.7209733,105.0815971,113.2748654,107.6924786,113.2748654,1,10.270037945646287,14.492194377969346,17.762218931661394,70.265,2.656931556894496,2.0281056174644627,5.819804550564611,9.530894824698345,11.167258737915779,76.258,4.392752165170615,3.9197623272743303,6.238531862600076,16.14621963450832,17.309491665415578,73.072,2.7637437843182004,1.8472771357094915,0.0006239480403624796,0.10892264693967173,0.10892418614867976,1.1360000000000001,5.453334296105729,3.4412257956722527,-0.002994679325835536,0.10542579940716769,0.10546808378407987,1.0390000000000001,5.167440048647839,3.0386061466715995,-0.0034568907054330963,0.13310284178298856,0.13314742186185619,1.331,5.542728425982545,3.2958650903283715,0.11612977620397891,0.029887872265610366,0.11991415998116244,0.279,2.2849678473588377,7.34437443150969
c1,177,c1/c1/c_1_177.csv,b697ec3d65549ac892bc529d70bdca822114690e406a3729f63304795f3aa336,219872,50000,4.39744,4.39742,104.896144,105.4190381,113.7539929,108.02305833333334,113.7539929,1,10.513446205064765,14.823894513303602,18.17359073526739,72.976,2.666451594838725,2.023932888385647,5.962783051047883,9.66108430287586,11.353013129434364,78.361,4.32590004433888,3.945320136467122,6.4310309771139575,16.56786942007887,17.77220324331441,70.89699999999999,2.6222972673650693,1.8414284315234295,0.0008002565128802212,0.11034534594890955,0.1103479968325791,1.249,5.709211024064544,3.3290351065826185,-0.0030777861664968704,0.10693030172966547,0.10697434361702668,1.042,5.0292432915135805,3.0198338801107405,-0.002908041951680978,0.1342772196487493,0.13430840040982076,1.28,5.457588637519074,3.241328249528245,0.11594582302430505,0.029629235459368925,0.11967172380287168,0.262,2.1475415564610842,7.341820454105413
c1,178,c1/c1/c_1_178.csv,da283cbd1a27ae01b6049364373c31942da624d76e237665a5794f732d52318c,219709,50000,4.39418,4.39416,105.0764515,105.7582753,114.2313103,108.3553457,114.2313103,1,10.650075140299215,15.061604287674717,18.446544166907866,72.989,2.635724044573169,2.0207889039782723,6.0161375819834415,9.732197438867543,11.441553535183589,79.583,4.550431009206879,3.887376334073119,6.5399893222398715,16.79828038627361,18.026436140445654,74.354,2.6723529612109482,1.8355883865044933,0.00033089677710061927,0.11223663331096585,0.1122368656656376,1.108,4.944899313683513,3.3368912973637395,-0.002889526601095085,0.10828247092031974,0.10832077135120234,1.089,5.474480956910374,3.103796036347037,-0.0036080588414675774,0.13728371698626515,0.1373308095707039,1.285,5.1335894851550785,3.374487570555057,0.11851497662817637,0.02756262075246493,0.12167782990411495,0.253,2.03816915698965,7.447695415249436
c1,179,c1/c1/c_1_179.csv,c861d3fe5ca5c954e792be8fcf79e5bf0a23715cab9b262f69b1834e4aa5c71e,219710,50000,4.3942,4.39418,105.2621329,106.0991838,114.7065438,108.68928683333333,114.7065438,1,10.774487023804104,15.294405378915494,18.708483152031768,74.042,2.6517916817116287,2.019684869545041,6.126302057257295,9.812538303759432,11.567931821142524,80.521,4.560279297599609,3.8964390928922836,6.6570309771972145,16.96244561285035,18.221945917906517,74.467,2.681876031251796,1.8400675703352993,0.0012418460698193072,0.11261022989327006,0.11261682086169432,1.2850000000000001,5.7984233172587505,3.475984130517344,-0.002569063765873197,0.10745648718621352,0.10748694884432673,1.028,4.82849318526724,3.1397329533902156,-0.0021632242501479224,0.13713842682009883,0.13715517507875982,1.407,5.169327366560283,3.4357283366911946,0.12276767102089119,0.029393884792438315,0.1262374650356477,0.301,2.3447872619781593,8.815481933716843
c1,180,c1/c1/c_1_180.csv,28e495356782aca55095a47dbf812cf9a74aef55f0c6de724cd30851d7df8cb9,219784,50000,4.39568,4.39566,105.4534178,106.4416414,115.179426,109.0248284,115.179426,1,10.82840416044844,15.441577622405443,18.85989319261634,73.786,2.628965047342441,2.0150690669079108,6.163982400902705,9.79603102379611,11.573956377885896,81.431,4.615621336025625,3.8626570057494027,6.7396204182288075,17.093914893455572,18.37452258619557,75.462,2.7065737227568953,1.829371679595198,0.00019381301641611755,0.11237720326727982,0.11237711474475666,1.303,5.997662438040551,3.5075345591980023,-0.0034688330360717794,0.1069859328114329,0.10704191022121497,1.05,5.465149106467058,3.1483252151366354,-0.0038076429585411136,0.13738093573722357,0.1374333794094035,1.4500000000000002,5.588162084788637,3.4483195631760903,0.12045188912750701,0.03071723674606693,0.12430688611105471,0.295,2.332935922318225,7.719623568177732
c1,181,c1/c1/c_1_181.csv,2da3bb6d036d05abde25fa1618bcb9de5d012cfd801351d091c76e63b6de2950,219606,50000,4.39212,4.3921,105.6505285,106.7855285,115.6496958,109.36191760000001,115.6496958,1,10.989939509849458,15.72195374599668,19.18221766274569,75.844,2.6768542043876584,2.0151838863254703,6.288169653834595,9.916411637984718,11.742054743066038,83.045,4.497083445398055,3.8355701179835493,6.8941589300838775,17.359805795534776,18.678621799349227,76.82300000000001,2.687564454126321,1.827771794458346,0.0011232616595174994,0.1141336634512678,0.11413893083430479,1.268,5.782426689786681,3.6527715269861627,-0.0021925084014097975,0.10838384039594305,0.10840576765353438,1.174,5.627006876143015,3.129583348047992,-0.0021947943134522736,0.13911614557894605,0.13913314111108963,1.4529999999999998,5.412082225605571,3.5228881425233505,0.12357109095379908,0.028590377151473247,0.12683540697695983,0.302,2.341617432220257,8.689782223140739
c1,182,c1/c1/c_1_182.csv,e930242cfc62f6aab30646a739fee2be0db7784822913f751fdb1f5a0231eeec,219713,50000,4.39426,4.39424,105.8536796,107.1307284,116.1170987,109.70050223333334,116.1170987,1,11.037687269301317,15.862732967495917,19.325001738759333,76.695,2.678033394232571,2.0134225522508458,6.3453478264827305,10.00210819473304,11.845047574706737,82.447,4.50483627553696,3.8382730802086904,6.97654353634059,17.484483851712287,18.824928788232825,74.997,2.6250298503593377,1.8305632178021576,-0.00016330394651204062,0.115712625208956,0.11571247711662601,1.335,6.066761489277062,3.6537645631077975,-0.004113516268950859,0.10987329641817775,0.10995002199565025,1.1280000000000001,5.1568884635824,3.0749220946555402,-0.004581017054065986,0.13971196934483807,0.13978673490308122,1.451,5.3295471885550025,3.4442998953868282,0.12360149831826064,0.027199269145969145,0.12655878974402734,0.247,1.9121548214032336,6.581313537379258
c1,183,c1/c1/c_1_183.csv,fbb37e322eb40c82073379f2e130317e7cad6dfee2cbebfca7d8fe8ead0415c2,219700,50000,4.394,4.39398,106.0630776,107.4771272,116.5813874,110.04053073333334,116.5813874,1,11.182806021847975,16.137822064814063,19.63372776962881,77.725,2.7195039386557336,2.0136405986482178,6.442867482931269,10.114437824234786,11.992161117143805,82.422,4.519785839310787,3.8103462699487025,7.096473764223943,17.729672620856135,19.09711497462238,80.325,2.758793674856732,1.8325902489575165,0.0007047610377787894,0.11894443138643021,0.11894624857501086,1.448,6.145633080130398,3.545850613191735,-0.0030800045516613567,0.11332464973187124,0.11336623928792361,1.179,5.795376155429964,3.052853343030786,-0.003232416932180246,0.1432952869180176,0.1433314142483193,1.409,5.211697686215771,3.484603616800397,0.12624346836595357,0.028223453048113502,0.1293598584621141,0.272,2.0640096794648,7.9697020360912525
c1,184,c1/c1/c_1_184.csv,40cdce81bf7bf68947d3a955437899b39908aa6f4a3bbaae573e0b88873245a6,219741,50000,4.39482,4.3948,106.2789212,107.8246142,117.0423215,110.38195230000001,117.0423215,1,11.2486584752049,16.307944430282674,19.811112001824306,77.218,2.654722258657514,2.0119424999602646,6.508102274950965,10.088654523988504,12.005660420803059,81.09,4.410669479560207,3.7999513825657387,7.1841001224168455,17.864566599162398,19.254936561468572,76.702,2.6432701991783745,1.8250644484424656,0.001239327207940257,0.12095720737942749,0.12096328107172587,1.2970000000000002,5.41486634784331,3.433845648554877,-0.0016887290036907087,0.11456296886175092,0.11457515399135199,1.049,4.695607915487574,3.019024338375699,-0.0017803778084199118,0.14464678834557165,0.1446574156708991,1.512,5.468091603402856,3.4121326441489694,0.12710014062009367,0.028472521791346645,0.13025024588665265,0.264,1.9884799313575878,7.401294568388272
c1,185,c1/c1/c_1_185.csv,f7445194ebf2fbf070882139056333caaa82412d0ef7a5ea2e605bf490309982,219807,50000,4.39614,4.39612,106.5014004,108.1730817,117.4996682,110.72471676666665,117.4996682,1,11.427867142538682,16.612058405886206,20.16321840482972,80.14500000000001,2.706809939971035,2.0164249347051197,6.6412386047760075,10.200931010154916,12.172286977752872,84.12899999999999,4.4331028424341135,3.6910265928670642,7.32868877242308,18.19222229108253,19.612881617460886,79.55600000000001,2.665238133771357,1.8175612555845535,0.0004189084060107275,0.12089229169151557,0.12089274248182039,1.2469999999999999,5.2029591445043755,3.394354123091381,-0.0029796958240638377,0.11492598374685371,0.11496434333475293,1.153,5.497356673101187,3.0951820486704693,-0.0034832557652850005,0.14524257394173026,0.14528400594540875,1.6600000000000001,5.857492670733266,3.4902553901934437,0.12810259909829988,0.02941531177767556,0.1314364200907103,0.295,2.2063899777539415,8.309933636337925
c1,186,c1/c1/c_1_186.csv,aa9546379d1fc204d8206102555b2432b2987ffd81d1e564dc13933247ad1702,219714,50000,4.39428,4.39426,106.7306968,108.5224254,117.9532024,111.06877486666667,117.9532024,1,11.49965217965173,16.771639239646557,20.335402695600013,78.953,2.6266998888375808,2.0103369672520714,6.69129596657473,10.25161219896267,12.2420797277805,82.417,4.342317741924866,3.760632616197973,7.418556455209955,18.294061497803145,19.740976235862117,78.40100000000001,2.610914444361018,1.8214219840520511,0.0011053733489900506,0.11959614408519725,0.11960098005845121,1.2389999999999999,5.501627157891376,3.4433870428174145,-0.002359594745896939,0.11409307544339965,0.1141172130103578,1.139,5.152596917580089,3.0912363554274074,-0.0023542104736157003,0.14410931253954706,0.1441282128765856,1.565,5.78651454392305,3.4884539642949997,0.12855637328527084,0.028181665014058947,0.13160905645319024,0.321,2.4010505698929054,8.924601727199313
c1,187,c1/c1/c_1_187.csv,2f184e805a7509e5f7bab91096490e1b19ebe6899139c23988da18debd0a97da,219664,50000,4.39328,4.39326,106.9669833,108.8725444,118.4027067,111.41407813333332,118.4027067,1,11.594082157294778,16.901412834533314,20.495833636204505,80.789,2.6000894106529557,1.999512514802786,6.739951712615631,10.295945012228218,12.305809611664156,82.92099999999999,4.45781315745397,3.677269635980063,7.533192453019156,18.428775928936837,19.90897347141751,78.716,2.6206775590366567,1.8057735956498082,0.00013038549785126383,0.11460398015822114,0.11460379346617348,1.353,6.108000257483731,3.604563006826458,-0.0037808926360259304,0.11111774076282974,0.11118179370784637,1.1139999999999999,5.315618504527614,3.1202389062174967,-0.00433090993517372,0.139419910206161,0.13948684401573774,1.588,5.720969641480775,3.4296079451623878,0.12076332489620513,0.02845568453787059,0.12407055628271649,0.258,2.0391622926514104,7.7281205838488924
c1,188,c1/c1/c_1_188.csv,0595566ee707de22626de798b44915391f97590a6924ba2f4feab137ef4ccea2,219748,50000,4.39496,4.39494,107.210424,109.2233411,118.8479717,111.76057893333335,118.8479717,1,11.742697794746709,17.194200885559347,20.8213868469421,84.323,2.7023175936171326,2.0017923300071723,6.805688611500447,10.412838827724345,12.439618825057266,82.951,4.395070360988196,3.7039513740491365,7.64838467244298,18.676557956979572,20.18192304718523,80.622,2.65633754893724,1.8098162930909718,6.232593698236161e-05,0.11565456180787428,0.11565431544854676,1.331,5.845004549793427,3.7307197510217716,-0.0037345459344339887,0.11303986072553311,0.11310127672892886,1.262,5.658645229389368,3.1613310025634527,-0.004076269181061944,0.1401664185859734,0.14022535956240112,1.541,5.926174855912564,3.5269752311775635,0.12201625953364764,0.02665390316247376,0.12489353430600009,0.261,2.0497458208907564,9.058703455196
c1,189,c1/c1/c_1_189.csv,6fb80a636ac058684169d15d6a6b766b36be089f9958cd0a0bfdecea181b97d7,219747,50000,4.39494,4.39492,107.4611738,109.5747216,119.2887964,112.1082306,119.2887964,1,11.907962716214554,17.511772770614556,21.17688282293963,82.297,2.637923648493111,1.9973617384351952,6.933669761134396,10.519781820267037,12.599249275132902,85.333,4.509236920340297,3.68290997007763,7.780199097143534,18.911651165747397,20.449460145688473,79.876,2.612831811663512,1.8059629324830586,0.0007926706621705871,0.1167163291577714,0.11671875524602687,1.226,5.6117802029275525,3.5376377734380737,-0.0023592267471228274,0.11459945519708678,0.11462347629508629,1.181,5.382841455720618,3.0527942506915364,-0.0025232244353734067,0.1398622287492213,0.13988466918940728,1.38,5.35441091822461,3.3643511170225846,0.12735159524362108,0.02855023917685036,0.13051260957781538,0.294,2.2143454255865587,8.228176860574365
c1,190,c1/c1/c_1_190.csv,f0a1024d7444f6d28410fc5948941145a49277a06f009c782ade479384d70432,219777,50000,4.39554,4.39552,107.7193786,109.9265956,119.724988,112.4569874,119.724988,1,12.035784012885788,17.76091617179378,21.454808429513967,83.847,2.5746675940490498,1.986364469605013,6.981578722978292,10.60554285472433,12.69722288251397,86.858,4.42080922099134,3.6537024338597157,7.911350109429104,19.122674346829456,20.69455171960993,81.918,2.601554299385171,1.7894165406229787,0.001208356652424958,0.11997344815459801,0.11997926027416332,1.2029999999999998,5.225903198329854,3.4601593918880407,-0.0021102390150015697,0.11801944896275364,0.11803804499464556,1.172,5.12546611583955,3.0454548858797947,-0.0023175992028283215,0.14416241806444396,0.14418071814606298,1.444,5.749728609065309,3.36966865638828,0.12503683278960037,0.029229831636021934,0.12840789977265732,0.269,2.0559482747354703,7.548738532579907
c1,191,c1/c1/c_1_191.csv,59209d55d38d3d43fbed899cc0d3118afcc9d90e92ac79a16e938a8a67151d6f,220008,50000,4.40016,4.40014,107.985175,110.2788767,120.1563624,112.8068047,120.1563624,1,12.20984586015054,18.089246863248274,21.824291527899536,84.027,2.556921489463384,1.9896142869657563,7.104873304607105,10.663273322485933,12.81343458252449,84.709,4.384616758150341,3.631700360248806,8.035263726773573,19.438129552873,21.033416894955057,84.194,2.6441257869680443,1.790494965423439,0.0010211492309370569,0.1185104062093277,0.11851453619009421,1.29,5.509872636657879,3.440490134216489,-0.0026509536016872115,0.11841161478477452,0.11844101629091165,1.062,4.584560458906381,3.056847952012643,-0.0024981227955347077,0.1423967097338232,0.1424182972672215,1.3719999999999999,5.38554395549939,3.385822980762522,0.12314203574415476,0.02918848486767348,0.12655403882786864,0.277,2.149279489767675,8.662919842408193
c1,192,c1/c1/c_1_192.csv,dd1177e834552b4a09474680ab260f147e15c20df5c128fc14a8c1dc26e2d48a,219756,50000,4.39512,4.3951,108.2586902,110.631482,120.5827442,113.15763879999999,120.5827442,1,12.361882615264204,18.38653010038641,22.155791400061375,86.138,2.626807544317229,1.9882702780376276,7.210680049691477,10.7800837826056,12.969332454845183,85.30600000000001,4.348797457106536,3.626714995644488,8.172676436593314,19.65951817988554,21.290550402676356,84.315,2.6425338441662665,1.7860320904585896,0.00027253863375744026,0.11811345925315066,0.11811350494742595,1.298,5.689442543417174,3.511041501295842,-0.0033669205846484284,0.11807923587861725,0.11812695989314898,1.1280000000000001,4.816851297237188,3.078492588229362,-0.003893349897158667,0.14163799331592153,0.14169117133721298,1.492,6.0060199373656955,3.503162825706633,0.12328603542110339,0.029299247557265064,0.1267197243167618,0.278,2.1543607474838002,8.4787645677694
c1,193,c1/c1/c_1_193.csv,b7e400f6bf103bfb928dea4ee828e30e8cc052f7157b4e443ec91ce3992cc43f,227294,50000,4.54588,4.54586,108.5400419,110.9843326,121.0039667,113.50944706666667,121.0039667,1,11.93868152700907,18.706474141237916,22.191501793314576,87.643,2.637811561614766,2.0229183535338993,5.609792436227969,10.753684037896015,12.128931642503051,91.587,4.432789431477453,3.4402907129953615,6.577440117205029,18.907982540979628,20.019314407858623,82.761,2.6831088670506347,1.8102040753466255,0.008433904986493265,0.1304581387793166,0.13073018721419674,1.468,5.629916208978499,3.5202501025085176,0.0101904449743504,0.12673439756090568,0.1271431556531536,1.242,5.080886947326425,3.1035330781032133,0.014304935458041127,0.1526439068734331,0.15331239667073546,1.5899999999999999,5.485531622117884,3.4494397895168607,0.11520836009749488,0.029901990082575707,0.1190255910023263,0.261,2.1507979741515975,6.869774282044117
c1,194,c1/c1/c_1_194.csv,0b80fe99f664313ea5724ff96d6773c5b71e24b5c3c79f93258d87d485742f3b,219812,50000,4.39624,4.39622,108.8293382,111.3373537,121.4198724,113.86218809999998,121.4198724,1,12.340163567048204,19.212633368825255,22.834255813343173,90.19300000000001,2.6751036030832953,2.022656146218529,5.886401675067786,10.99751848073188,12.47375593765624,86.95400000000001,4.431704474280973,3.5339591726350714,6.800494144996634,19.697809382695976,20.83863359079936,86.13900000000001,2.6397124245366568,1.8065368024329895,-0.0023464551525849363,0.12870075444471676,0.12872185009409082,1.37,5.624530718528232,3.5583436662718655,-0.008684234709660982,0.12669013015986305,0.12698713318168778,1.201,4.90600885609913,3.073856843491433,-0.010887194511673613,0.15277852074333573,0.15316560063344498,1.51,5.223104905353751,3.4141767531634115,0.12042103251869782,0.029795926045117084,0.12405248180855585,0.28200000000000003,2.2329259033082516,8.341368373114076
c1,195,c1/c1/c_1_195.csv,b2e05a040799cba28f1be0791c31e3baa1083f0abe4c25c1553f0171aabb4f2d,219804,50000,4.39608,4.39606,109.1266779,111.6904743,121.8303128,114.21582166666667,121.8303128,1,12.494211088060272,19.54981853656378,23.201271015283353,93.321,2.7438151969374998,2.0250350527963437,6.035394073811214,11.121583826219307,12.653657404201503,87.756,4.401889368484518,3.536921980276483,6.935909428399847,19.962401180576162,21.13297157349033,85.31800000000001,2.6039404732380187,1.811354793554344,-0.0023980773780276974,0.12822052875833118,0.12824266050724625,1.508,6.183589742004707,3.4499035964035567,-0.0064651007261014365,0.12693327417365755,0.12709752286303458,1.131,4.689312478908606,3.0115013110470668,-0.00784020309002566,0.1528333247550327,0.15303394287756497,1.4820000000000002,5.24066742919668,3.3999405257444386,0.12224465432840168,0.028806920861192995,0.12559295532001746,0.277,2.165726567281817,8.962662472546521
c1,196,c1/c1/c_1_196.csv,76e7f1af0c616b607947ddd006ba0499d2558ff6e3d537fe83d58c832cff058a,219828,50000,4.39656,4.39654,109.4321497,112.0436276,122.2351485,114.57030859999999,122.2351485,1,12.56709672562185,19.671049630363843,23.3426723712318,91.02,2.6757861742076092,2.0218071940494724,6.059963621558673,11.156504851908435,12.696069998262514,89.871,4.5395937489228935,3.502446559008243,7.027298851829613,20.02770001490789,21.224746697943225,85.303,2.635272910249627,1.806043699325416,-0.0017745328165656785,0.12683048102797576,0.12684260604877767,1.412,5.975910016453849,3.4310354072150413,-0.006066224502793093,0.12643985284421502,0.12658500204123685,1.105,4.463403964838925,3.019076616511059,-0.006833074039703769,0.153678748781582,0.1538302353024036,1.512,5.519071061231967,3.395419651617657,0.11908824171625089,0.02833701024287467,0.12241320113362006,0.27,2.1647992009516965,7.732884248732317
c1,197,c1/c1/c_1_197.csv,c9f93560c7aa86a93ecbc497b8a8e3a841104a06a08e2b3011f3d85074046258,219927,50000,4.39854,4.39852,109.7458328,112.3967508,122.6342497,114.92561110000001,122.6342497,1,12.74940081936279,20.034498247480574,23.74713701092922,91.436,2.6111779273207487,2.0236397909434345,6.2173545631050295,11.275777986608551,12.876260670370238,87.811,4.458980869509619,3.4584367988602764,7.183246145311853,20.348535945480695,21.579157944177854,89.839,2.7053418929050888,1.8013793411298666,0.0005536655344728023,0.12931228613051443,0.12931317742989765,1.2850000000000001,5.0884218691224286,3.3582020834597257,-0.002310971367772033,0.12774247641496175,0.12776308806265044,1.1840000000000002,4.891866731442202,3.0635396156626284,-0.0025793877059206013,0.15652272240672715,0.15654361843539902,1.5819999999999999,5.391468578760968,3.4366828536789686,0.12044143283907843,0.02956405063773722,0.12401680474937474,0.305,2.419027006914662,8.877114366058004
c1,198,c1/c1/c_1_198.csv,91dc28fc6c5bdd754adfa02c3fdbe137e61249aa739730ede1fa8375f6394463,219928,50000,4.39856,4.39854,110.0677966,112.7497853,123.0274957,115.28169253333333,123.0274957,1,12.827250068204139,20.238699518502646,23.961248716672383,91.922,2.628619265413102,2.023011785354999,6.276717043759777,11.31764570629823,12.941626588914762,90.40700000000001,4.525397143676291,3.4454156056104033,7.279308523698665,20.52464477475036,21.77722342868993,89.499,2.6581901126907077,1.8007368262398176,0.0010004546942635772,0.12663301555282375,0.126636679612132,1.2970000000000002,5.417071910769525,3.402699679623644,-0.0026808864719362704,0.12667753071444277,0.12670560751008908,1.164,4.624893968906144,3.0721798402995875,-0.0027133198137572296,0.15508069667320162,0.1551040787051865,1.612,5.654267813723677,3.5387570739424836,0.12026301789676622,0.029846270904686542,0.12391121543322003,0.296,2.3484556985628937,8.1064618535564
c1,199,c1/c1/c_1_199.csv,707b3b2dfed4d1ee23688ca70c9d3047ece7e87d85269a91b0f0a870e30be99f,219847,50000,4.39694,4.39692,110.3981009,113.1026766,123.4147755,115.63851766666666,123.4147755,1,12.985100478969464,20.537844827788998,24.29843587555125,94.42599999999999,2.6441619670114838,2.0230476966843636,6.375866147820984,11.410934848169449,13.071362246190505,91.612,4.6026572339492615,3.40546679531915,7.407784618393701,20.762953887506338,22.044808145613136,91.627,2.7358822812890726,1.7940505884703346,0.0005291225261204383,0.12536794649935779,0.12536877796696805,1.383,5.711150827270969,3.5750823787192396,-0.0031926794543477963,0.1253495870105741,0.12538995452417492,1.252,5.024325930978285,3.1426813714111392,-0.003278461839370107,0.15418547149494624,0.15421997210845176,1.645,6.121126771674897,3.5518100902122387,0.12136431700227887,0.03194853998740844,0.1254990119719693,0.266,2.0796976478053497,7.784392158043274
c1,200,c1/c1/c_1_200.csv,3e83061518112303553da225ab16aca24d39ddc8de61aeea6ed779bfa801c073,219861,50000,4.39722,4.3972,110.7367954,113.4553746,123.7959876,115.99605253333334,123.7959876,1,13.11959118715916,20.84574427583034,24.63060597869946,97.188,2.6647334644044185,2.0192163466420427,6.424961912299135,11.531168236181333,13.200279227509666,90.58500000000001,4.4820264011310424,3.3935657475451007,7.518321703257968,21.08759638342819,22.387716718836504,90.499,2.6338103496900254,1.7887384837495028,0.0005284202291447777,0.12776975287657835,0.1277705550043609,1.389,5.635101138720309,3.544973892937941,-0.0029582281532422755,0.12764381964571436,0.12767780426485045,1.174,4.6053423567676095,3.0826367683906337,-0.0030439550443234586,0.15840965144627162,0.15843853445305114,1.615,5.623631921841735,3.5319634618487825,0.12153048517017571,0.031032159727258184,0.12542985841903542,0.281,2.200433002785833,7.761201456169157
c1,201,c1/c1/c_1_201.csv,d4ea7f552a49f62072a2176dba78e9ea556b3180db2f19fa2640c6ab60c8eddb,219789,50000,4.39578,4.39576,111.0839203,113.8078334,124.1710401,116.35426460000001,124.1710401,1,13.31489308837112,21.25092068428062,25.07759863262446,100.029,2.73778207418478,2.017710541381466,6.568079940306385,11.6784072362298,13.398665946639236,91.64699999999999,4.445144034278956,3.4124738898393803,7.689537943209169,21.310853841997712,22.655670789975634,90.90899999999999,2.604248646926223,1.7892757335851133,0.0006005760069885208,0.13085563317979776,0.13085671369476315,1.3730000000000002,5.250017218088624,3.4874522671303727,-0.0029347237577858763,0.13002829230810206,0.13006111055459843,1.205,4.82081075062627,3.0601015953191353,-0.0031570733749186723,0.16051874460122845,0.16054942307219888,1.7149999999999999,6.241068829935327,3.471320314852688,0.12250160381092776,0.032589545962410614,0.12676244163797662,0.292,2.264077563444612,7.942970474176178
c1,202,c1/c1/c_1_202.csv,d9409a05b839f9a9d30b38f33fa716ae1e7974f8377865484b2f74e9d5c8f048,219833,50000,4.39666,4.39664,111.4395061,114.1600113,124.5398507,116.7131227,124.5398507,1,13.384387580572527,21.494710018496185,25.321182594584812,98.38999999999999,2.625864718270289,2.016604233407287,6.662755387043801,11.74143563181559,13.500110848629678,90.994,4.410704524403522,3.3615689637951265,7.785783481097015,21.480298168994114,22.84774682464024,91.488,2.6104543462324163,1.7847693983676063,0.0008917223528769566,0.1328659774750172,0.13286866762185517,1.4609999999999999,5.576935580545515,3.4303984514859844,-0.002763065599796209,0.13158085590012797,0.13160956429268048,1.194,4.612126810557024,3.069952389061247,-0.0026420783048950796,0.16176222336120946,0.16178343071275705,1.565,5.3281105253013346,3.5311515058005774,0.12193151164747786,0.03290459946899442,0.12629331444575412,0.313,2.4387672566174756,8.753941036011021
c1,203,c1/c1/c_1_203.csv,0b1fd4175986e47292a29b086d7e5252ba1f8ceeb0044cbc7bf64e0e66be32a1,219841,50000,4.39682,4.3968,111.8035733,114.5118709,124.9023469,117.07259703333334,124.9023469,1,13.479609767968668,21.7661229726053,25.60198886267567,101.28,2.664988269699191,2.014694786192537,6.756425953302615,11.80830286107817,13.604582825759021,94.44,4.4351231326076075,3.3792096592469267,7.897071956550416,21.608683277337164,23.006451584272202,92.483,2.5949677542108724,1.7856066535380495,0.0008404710677262203,0.13381782222124128,0.13382015722743135,1.408,5.28321005331381,3.4869097867864167,-0.0028153938528299996,0.13222024695279538,0.1322499172960619,1.2650000000000001,4.907375469635366,3.112144128236869,-0.0031047575293052707,0.16177128682906383,0.16180070989120715,1.5819999999999999,5.482052585531968,3.5007100750737017,0.12103700401653923,0.03161666937906659,0.1250982237161651,0.28500000000000003,2.2382412130430485,7.781812255607088
c1,204,c1/c1/c_1_204.csv,6cb5f7134a334a18d4679c9b8efb42aa53da070ed4755453976f4768340c9163,219871,50000,4.39742,4.3974,112.176133,114.8633792,125.2584659,117.43265936666667,125.2584659,1,13.477137985455107,21.881428656301,25.69879356493744,104.047,2.733747007324584,2.0152099184206347,6.7718996411532215,11.760774050422475,13.571064878551852,92.015,4.381306885797217,3.3078979304736382,7.944117509812571,21.525326416220953,22.94442357108736,91.84899999999999,2.6474842487019705,1.7808908578768445,0.0017241291484552303,0.13257091122769515,0.13258182074333155,1.573,6.501645513443108,3.519803425758485,-0.001428614960590528,0.13119939273368145,0.1312068721763549,1.263,4.984495012738051,3.1748730031196963,-0.0013414001846537293,0.16195510475564845,0.1619602914794813,1.754,6.162004222661184,3.6045047346521866,0.12017463876545793,0.03298785672241805,0.12461997249352663,0.293,2.3110260276695223,9.278862258538997
c1,205,c1/c1/c_1_205.csv,eff345a83110d56699b8840893eaf8a1bce1a9864f460e48272a881365538695,219820,50000,4.3964,4.39638,112.5571865,115.2145076,125.6081548,117.79328296666665,125.6081548,1,13.674029628787189,22.30383245834036,26.161761515253307,101.36200000000001,2.6389660329159046,2.011733180133049,6.90381524883996,11.901673820536965,13.759064660449633,93.292,4.402406812878553,3.3068627671937962,8.100514916750068,21.889314320490566,23.340056633088516,94.221,2.616831696689755,1.7747587243114957,0.00023745337093985996,0.1340154537275975,0.13401535926176608,1.512,5.812766568631995,3.695270998482962,-0.003760522245473569,0.13232561226794243,0.13237873520038815,1.33,5.1141144306537765,3.16925790868974,-0.0042299972704940405,0.1632231019767732,0.16327753273999987,1.611,5.56720808274017,3.6374006213143755,0.11964006459830771,0.030404187330859166,0.12344292389202356,0.267,2.1224383847969555,7.956957835022729
c1,206,c1/c1/c_1_206.csv,524c80ab22bf2d34c95cab271f5386444b0ba56c0d5c944d4947c8af351a77c9,219871,50000,4.39742,4.3974,112.9467257,115.5652317,125.9513701,118.1544425,125.9513701,1,13.760432967512767,22.594716074918892,26.45502576160608,103.904,2.681796670293351,2.009911245400472,6.957707815036998,11.965863304534873,13.841637600141388,91.648,4.313940425617708,3.28238367248353,8.198628482155446,22.007376309639355,23.484887018151788,92.749,2.6046537908707363,1.7751593889788295,0.00012787952936039757,0.13503323756147287,0.13503299103987215,1.467,5.524575840727125,3.535025346167459,-0.0037244111319819353,0.1339325533400008,0.13398402329596676,1.209,4.575172359512605,3.116305593233226,-0.004168448772234629,0.16511981842726553,0.16517205090485626,1.726,5.7818498636316304,3.5153312767600338,0.1195271409144453,0.03258239970002772,0.12388843915818082,0.29,2.3004567814121204,7.949549792283053
c1,207,c1/c1/c_1_207.csv,75a25ee5df97391bfec095863403f24e681ead509400742d076150822ae2db9e,219823,50000,4.39646,4.39644,113.344733,115.9155313,126.2880785,118.51611426666666,126.2880785,1,13.842875558972448,22.815708141470143,26.68668907276886,104.379,2.654731720627396,2.00463439230431,7.020843182924445,11.99419428222133,13.897923623336869,94.18299999999999,4.416055352106202,3.3116177825189874,8.28815298217202,22.128435809093727,23.629619625773863,93.13,2.5641546905779147,1.7753845630298444,0.0010998394162576256,0.1380476034642775,0.13805167067390395,1.388,5.135758202265806,3.508428876228771,-0.002263066194165306,0.13670177614502735,0.13672019623593565,1.224,4.761549631457379,3.0911747955239344,-0.0023287372113018207,0.1684801179808051,0.16849582796825294,1.693,5.6499915248902814,3.554474353183526,0.12007517411735806,0.033636503879356,0.12469746062212392,0.289,2.2775122972280677,7.630719702704009
c1,208,c1/c1/c_1_208.csv,b52643f9b59f2eda337be8a2d97e21b85b689df21a2870c5c26d82f527594226,219917,50000,4.39834,4.39832,113.7511812,116.2653909,126.6182561,118.87827606666667,126.6182561,1,13.776642319602395,22.892884390207357,26.718488845851162,103.01899999999999,2.5801983187647535,2.0038093768471863,7.061035276945393,11.99874641767448,13.922193797036172,93.854,4.396864523824654,3.2881065931156366,8.294807650158923,21.969434199355018,23.483136040014557,95.662,2.664124582568369,1.781560176302528,0.0007258647580678164,0.13922685252349215,0.1392284281329465,1.482,5.5448446150870305,3.385964852463449,-0.002463784063987777,0.13841229496973684,0.13843390667096575,1.291,4.745947115121003,3.1061874073518623,-0.0028145845932783737,0.16967182937009267,0.16969478678464484,1.6400000000000001,5.445070043151202,3.435963851793988,0.12022929559788466,0.03322395407442057,0.12473535835918732,0.28,2.2046675747554385,7.627139358724069
c1,209,c1/c1/c_1_209.csv,ffa84955e555a2286ba1707970b18b5ad76e85cca433571f7727dfdc4b9769df,219706,50000,4.39412,4.3941,114.1660341,116.614799,126.941889,119.24090736666666,126.941889,1,13.830404895633256,23.053837029281365,26.88414183680837,106.509,2.689020182932585,2.002571664139935,7.1404194013818465,12.005089815622183,13.968074839838753,93.913,4.4812188306346865,3.2825573054505393,8.3579577571846,21.903327385627,23.44374169809001,94.102,2.620144889456978,1.7808265174877809,0.0016476473104967547,0.13721771599004537,0.13722729547597887,1.4849999999999999,5.713149102594071,3.478372214942081,-0.0017205037641211437,0.1369042737915879,0.13691477278637948,1.339,5.032327673471791,3.2097154291323973,-0.0016186540194623727,0.16756515877313619,0.16757259524477278,1.655,5.579671297888825,3.577213698187388,0.12042793551382303,0.03417115633375612,0.1251820684548058,0.326,2.564265025832273,9.103595621479995
c1,210,c1/c1/c_1_210.csv,d5b62626345a6bf2b81dcf4c8e075e679b31bafa9dae2e9d75543fd764566581,219757,50000,4.39514,4.39512,114.5892461,116.9637486,127.2589728,119.60398916666666,127.2589728,1,13.861092502172854,23.265985544519996,27.081977503658944,107.901,2.7396817676986718,2.002660433669421,7.166913381598766,12.070213561142731,14.037593806316645,93.403,4.436657796151304,3.2986118686213723,8.425930700728532,22.017493830947764,23.574650301384917,94.845,2.6363487562039842,1.785088850038143,0.000836451171066223,0.13565922665368932,0.13566149668348698,1.533,5.734862278684412,3.566998852620304,-0.0031904603721383163,0.13629068787424756,0.13632771586420647,1.251,4.72391102511742,3.22528525028343,-0.0032005442374986918,0.16652538007700615,0.16655575494464525,1.771,5.649759747495612,3.597234168533179,0.11831889769154112,0.032643673642308475,0.12273942370229592,0.276,2.207929545581945,7.15811485191828
c1,211,c1/c1/c_1_211.csv,957d2fcd382abd7d160e824f95ce95bc20bc5bafbe7d360d29bb301205cd329d,219754,50000,4.39508,4.39506,115.0207626,117.3122369,127.5695129,119.96750413333332,127.5695129,1,13.929383333181649,23.524285722023535,27.338932322605583,105.469,2.6273520542939113,2.002558943233061,7.262245993246994,12.113079582422035,14.123251967956794,91.209,4.2675723789922255,3.2736277208424975,8.521960205502516,22.058809303599244,23.647677674207372,93.168,2.5889222968720986,1.7897076050543845,0.0006379770106573713,0.13589890536520632,0.13590009364371117,1.537,5.717435353922996,3.5636624336034557,-0.0031132266079343268,0.13555643656839753,0.13559187312046955,1.25,4.668421384204917,3.1568243923514725,-0.0035136880329823344,0.16662613952564834,0.16666280339149192,1.714,6.042140054698053,3.5986178368958734,0.12064627720087007,0.0344629148814281,0.12547195423642718,0.291,2.2793938433531475,7.430576723919741
c1,212,c1/c1/c_1_212.csv,7003e8e3c9df61b9058a8d664e701e3e1d188e2cb5ff11c8f616f8528836c172,219900,50000,4.398,4.39798,115.4605201,117.6602655,127.8735244,120.33143666666666,127.8735244,1,13.916013601637108,23.64965010434617,27.440095502076165,105.946,2.604546328732439,2.000822917965142,7.282618203728969,12.124485736700313,14.143514901915788,96.55799999999999,4.502063344337057,3.22612215394202,8.551155379718054,22.136056004133764,23.730255064748405,93.565,2.5708531085545165,1.7801651596815902,0.0004751114142792178,0.13652012224154544,0.13652063855754584,1.597,6.0357174468728365,3.574762067591129,-0.0029362301045929968,0.13783761395775457,0.13786857099965216,1.2610000000000001,4.881460619488817,3.1434970653978764,-0.0032512050932241928,0.1666898755774719,0.16672120020970144,1.659,5.188302380932992,3.5328077365850454,0.119103792633015,0.0343901251543141,0.12396930567455622,0.305,2.4199538617047587,8.165621540850225
c1,213,c1/c1/c_1_213.csv,1415e32a1374cb193ebc130ee3738f7a7fd2b00f94cf5cd4d7c7b7ad746eb50f,219922,50000,4.39844,4.39842,115.9084463,118.00784,128.1710319,120.69577273333334,128.1710319,1,14.050549517556224,23.971888517394458,27.78608946680465,107.869,2.638730436954562,1.9974980389507544,7.349786801684234,12.206759567047241,14.248637395285709,93.46199999999999,4.3147985519191625,3.20979999061736,8.658154013695764,22.29859584870123,23.920467111295103,97.82499999999999,2.6420470681426536,1.7769567070774333,0.0012354562072007347,0.1357823381577993,0.13578764993210035,1.729,6.407062795733171,3.514887658253765,-0.002443061630941879,0.1384260943349387,0.13844733660511524,1.376,5.019959336468172,3.10104438290142,-0.002485258409799838,0.16523187639541537,0.16525019014948303,1.629,5.228435738672601,3.5045446385461467,0.11923435126999574,0.03464585750325088,0.12416585886187473,0.297,2.3516931520187705,7.770667716507866
c1,214,c1/c1/c_1_214.csv,2c0e8d356763f4cf4949de016a4bbbd26e1770f70a592ffae4af54de9e97d6ff,219875,50000,4.3975,4.39748,116.36446,118.3549704,128.4620693,121.06049990000001,128.4620693,1,14.109304113700967,24.166018048137722,27.983320654230532,108.615,2.636427638863742,1.994248479562076,7.373080422967596,12.191302703128606,14.247438385815137,90.235,4.230865813746158,3.1720283321259384,8.72278793860148,22.31411851933642,23.958394148146013,92.498,2.5661569644373525,1.7706501110793549,0.0001798794769755541,0.13501895408103246,0.13501876686772457,1.4649999999999999,5.451094074359647,3.483422166965792,-0.0035226878908470724,0.1371865201331922,0.13723142876725017,1.296,4.867689610176353,3.173302660612389,-0.003870740193291643,0.1637952604086037,0.1638406175011237,1.5939999999999999,5.3710735068119755,3.5424030800641098,0.12022409550881183,0.0345739294893524,0.12509669981545712,0.31,2.4381138787029277,7.941658448856435
c1,215,c1/c1/c_1_215.csv,15b5d29fa3ec182e5039a43fb1bf6a659cc03117aab3093f66dda3e41fd81d17,219884,50000,4.39768,4.39766,116.828472,118.701671,128.7466804,121.42560780000001,128.7466804,1,14.270726191992141,24.58937519374227,28.430410631291455,109.566,2.603233592361168,1.9944716378367022,7.497539643630278,12.366216918791418,14.461525718875688,92.662,4.272025040854617,3.18146914033781,8.883992850775863,22.539203993997848,24.226818513274416,97.668,2.646034598594753,1.7747128979123703,0.000985201287951829,0.1356936796023077,0.1356969475228093,1.589,6.367129222672973,3.5675514881845483,-0.0022022520965600044,0.13824101554095763,0.13825824163499392,1.43,5.17871478425324,3.2572855112019883,-0.002255725746302596,0.16521882277605257,0.1652338450628009,1.795,6.094393068304297,3.6303704589077155,0.12138666751559914,0.03578788375156575,0.12655232059979465,0.287,2.2283273721371613,6.7708987571492525
c1,216,c1/c1/c_1_216.csv,dcd0b2cde32777620fdef0fb68b6438ebd5f59eb6b8691c508ed817f3761b45f,219877,50000,4.39754,4.39752,117.3003841,119.04796,129.024918,121.79108736666667,129.024918,1,14.369630629852146,24.878456069990843,28.730141766765254,112.883,2.6822700920029767,1.9945052162824823,7.55251349163396,12.434715597013902,14.548605046491767,94.773,4.366398001526499,3.1422815061892417,8.988350787030932,22.603230722459212,24.324764446221522,97.342,2.646685444470992,1.771413772296738,-0.00018958781500566223,0.1356668601669653,0.13566668413045366,1.47,5.520883810204873,3.5856369271008792,-0.004482765364271842,0.1375320284554719,0.13760475286395987,1.343,5.036163254368984,3.2021562528672685,-0.00485276768375046,0.16429440865804187,0.1643656877452734,1.6960000000000002,5.6459472334528416,3.595936990009756,0.12154271251654335,0.03576665623263458,0.12669600958949026,0.289,2.241585989331415,7.89895156132561
c1,217,c1/c1/c_1_217.csv,0170b59dedeb07b558af002895626b76429832124edd375028cba922836ce879,219919,50000,4.39838,4.39836,117.7800905,119.3938598,129.2968443,122.15693153333332,129.2968443,1,14.557389129634092,25.322499666669298,29.208622902993984,114.618,2.602656080448342,1.994100588913898,7.652795665676909,12.628918542339434,14.766656352403643,94.505,4.1966846468877606,3.178279199193805,9.143296754714235,22.921225468745845,24.677521422372397,98.528,2.609662408867999,1.7793421970113055,0.0016441007825608517,0.13890911692101518,0.13891853040877403,1.634,6.0970987636254455,3.6728723674331367,-0.0017144675994343371,0.14014301159078457,0.14015317973912217,1.349,4.980265173428393,3.1889093098059056,-0.00173271522696993,0.16723862260253836,0.16724721825643152,1.6219999999999999,5.411151285113815,3.5902206437798023,0.12187183463002288,0.03433183023782973,0.1266152174265867,0.305,2.3693834445606368,7.365831566524654
c1,218,c1/c1/c_1_218.csv,42048f478f38bec79f9545d78748dce4e72d8956a686c8559573f37bd6805f76,214273,50000,4.28546,4.28544,118.2674771,119.7393969,129.5625308,122.52313493333332,129.5625308,1,14.763038674961381,25.544430185255813,29.503596037492308,111.656,2.547655543564334,1.9848382435920102,7.729719820042655,12.642058446368189,14.817876513831724,96.15100000000001,4.329635217307533,3.138532834532673,9.307581543171562,23.227027281972937,25.022456968661793,97.252,2.560499957308008,1.7545058564761569,0.0008381270622056912,0.13948838359743868,0.13949057606460294,1.572,5.720816577819698,3.5442505338962333,-0.0031795046506092697,0.14105830023461602,0.14109380019920661,1.177,4.323365017731162,3.051949307970845,-0.003055485292127333,0.1671323923561971,0.1671599300138563,1.677,5.7788968918563555,3.458874747762428,0.12062019946516828,0.03463733654788047,0.1254949082752185,0.301,2.3586614315128447,8.73675734822209
c1,219,c1/c1/c_1_219.csv,1c44b78f96fb8f841a5a62fabfd0f0da037acfc3b4d906fd25498f9c55f8fe19,219912,50000,4.39824,4.39822,118.7624221,120.0846019,129.8220578,122.88969393333332,129.8220578,1,14.724613054312632,25.76419161527669,29.674985774841566,115.783,2.593699642655041,1.9897274771732572,7.740821492233256,12.747830930998191,14.913979075192762,94.56700000000001,4.24936897661437,3.122261290905375,9.325121685037653,23.235284047595535,25.03665041970226,103.63900000000001,2.683106520796278,1.772886839784154,0.000554753719669686,0.141665062492395,0.14166582659017837,1.7160000000000002,6.388273176268914,3.602367980452381,-0.0033360207719451414,0.14321534299490798,0.1432538663920675,1.404,5.067926041263214,3.130632424750003,-0.0034791507512095744,0.1705837737904694,0.17061886194157513,1.626,5.093223516504119,3.5673336100150648,0.12057076921677763,0.035603086001005466,0.1257174783325245,0.314,2.457892125251595,7.935762314039143
c1,220,c1/c1/c_1_220.csv,5b786e699498bb917e557b081ce4cdd0d1934dde2814345041faaa50a8b39af5,219895,50000,4.3979,4.39788,119.2647961,120.4295091,130.0755148,123.25660666666666,130.0755148,1,14.868238563860025,26.201779822297024,30.126311784752886,117.47999999999999,2.6082515696384814,1.987645811869098,7.881608649582755,12.884451855419154,15.103910075628088,95.943,4.274985727317695,3.103537387102187,9.458533486436709,23.475073892203298,25.308900486931115,99.02799999999999,2.5416750140219193,1.7712293778817056,0.0008735714772959823,0.1421191826912452,0.1421215443331898,1.6360000000000001,6.212991873560665,3.5305649025473262,-0.0027985311171240825,0.1431709980090665,0.1431980210422107,1.399,4.916269057883704,3.1963911001310876,-0.002875508765547193,0.16955601357498404,0.1695800092856772,1.7690000000000001,5.991272227662343,3.5483677949949484,0.12169785124718617,0.03553447071553274,0.12677957195437892,0.305,2.3663118227592195,7.6757737714522785
c1,221,c1/c1/c_1_221.csv,38017d2a6fff373cdfc430a4227ec48aa92cf3511daeb4ce4f17e1b6ea7dcbd9,219818,50000,4.39636,4.39634,119.7744621,120.774157,130.3230002,123.62387310000001,130.3230002,1,15.032797723571317,26.591589279083312,30.54659409780109,116.71700000000001,2.5813679832042618,1.987761189158165,7.9961974087654335,13.025683079822796,15.284201674843922,96.16799999999999,4.200873644953108,3.0923055965640662,9.59781923682319,23.768971022003647,25.63356290887526,100.25200000000001,2.5624607953839105,1.7697057051358687,0.0006422403988754334,0.141976641824027,0.14197777148589927,1.633,5.937549175320897,3.610698270106088,-0.0030777188401313813,0.1427263599782769,0.14275921516537848,1.319,4.679207567974927,3.1911824327222473,-0.003393839448998717,0.17059575018238257,0.17062911747709955,1.737,5.591073868901877,3.6318459241168073,0.12278573183269798,0.035706762028405725,0.12787221354193792,0.292,2.2444281838123756,7.052302655715498
c1,222,c1/c1/c_1_222.csv,c1fbd2e49fa13afded47e5544eb0693385fe95f5833258833acd3d81ab02d97b,220020,50000,4.4004,4.40038,120.2912763,121.1185876,130.5646208,123.9914949,130.5646208,1,15.240038146532134,26.991448055346957,30.996672718143262,120.11500000000001,2.6203780237502006,1.9879639805617595,8.15207072084356,13.184048883941857,15.50079391504191,99.97399999999999,4.390871872307966,3.0872153783959018,9.775959676393056,24.066201849546978,25.97592783041891,103.692,2.601831990034061,1.7738707161309706,0.000668048359240069,0.15644256698577086,0.15644363782879614,1.809,6.104434883092547,3.757530229363058,-0.003448191073538769,0.1490633634122526,0.14910290186026098,1.472,5.305061069444001,3.223069729798812,-0.0034552767930188166,0.18632179651562708,0.1863534089028864,1.883,5.714947777290186,3.7254329806295314,0.13041767112080718,0.03646387496396648,0.13541926404618873,0.303,2.200573176194181,7.780157606505106
c1,223,c1/c1/c_1_223.csv,1ea5d7e3e7327f044e89dccb3befd5ea8b60f1f7d9f86cf0031693d12f2bfc20,219969,50000,4.39938,4.39936,120.8150876,121.4628472,130.8004924,124.35947573333333,130.8004924,1,15.378117089226208,27.208881444832876,31.253901342217944,120.423,2.5903006192267855,1.9874254825450834,8.254247234837637,13.183141256530984,15.554003366140195,99.08800000000001,4.238201474451567,3.0266680384123386,9.872169542071838,24.09853507389531,26.042205822062144,104.05199999999999,2.6502363306540686,1.7660100237820746,0.0009750919447740364,0.15107546732476637,0.15107827068293334,1.664,5.59312729871918,3.6793245803353183,-0.0024689888120598812,0.1477659370487363,0.14778622667452404,1.5070000000000001,5.352325570515129,3.1507889508234657,-0.0026814642063199812,0.1790924098913868,0.17911207586068578,2.061,6.6048031341010365,3.63744290114759,0.12384256872559316,0.03708454067618501,0.12927582424273976,0.302,2.2974133155966303,7.759411263739993
c1,224,c1/c1/c_1_224.csv,cb41f4b51c02349b43d291cd39d41510e24a0fb5a8558da8dfb379b482639744,219872,50000,4.39744,4.39742,121.3457382,121.8069852,131.030739,124.72782080000002,131.030739,1,15.512428012661912,27.583035420472132,31.645786537098036,122.297,2.577752330610284,1.9862854840114428,8.385828327390483,13.30552196283982,15.727626211808296,99.672,4.259829112018105,3.0123600991066146,10.01061281109009,24.346217817355043,26.323905390919336,102.938,2.5798223702561436,1.7613989657674043,0.0008036812327172172,0.15696119471570352,0.15696289529497556,1.744,5.606420538728233,3.658170834783137,-0.0030718827317712124,0.1524865603374934,0.15251715245818367,1.5190000000000001,5.133848799168203,3.162955627543231,-0.003036184689273759,0.1845632904695813,0.1845878427245568,1.897,5.634173868925349,3.5891783837870204,0.1237025815019648,0.035512386720852794,0.12869907748355136,0.314,2.4009496108431105,7.657926410682731
c1,225,c1/c1/c_1_225.csv,74bfdd21f455d66f7c2462130601fa6ca41cd0d6b358d400016ddf7acc10e5b7,220800,50000,4.416,4.41598,121.8830639,122.1510551,131.2554931,125.09653736666667,131.2554931,1,21.54817999094203,24.76235987087874,32.82523039125039,105.167,2.33308339613097,1.980598384273168,6.074206041666668,12.09590085384769,13.535366040974333,86.36099999999999,3.7724136787603575,2.7301383892242987,7.874248908514493,20.711292350919656,22.157605556007432,88.74000000000001,2.556909854577655,1.7718618765647118,-4.954710144927509e-06,0.15265072892052112,0.15265038332406997,1.726,5.8303161814574,3.5779510532303758,0.0003136096014492753,0.14286953589928525,0.14286955657083272,1.47,5.319537753469562,3.3012745481594097,0.00019026268115942012,0.17648209616612004,0.17648179908310288,1.867,5.717303457026045,3.726318394879606,0.10970766757246378,0.03223040471829666,0.11434407115277055,0.261,2.238856789154976,7.32190838708334
c1,226,c1/c1/c_1_226.csv,3efeffac4c1ea81ef3b3b0f4e36a2bafcfa623f61f010fb8cb99ad3783d1be33,220038,50000,4.40076,4.40074,122.4268941,122.4951138,131.474895,125.46563429999999,131.474895,1,25.753635140293948,25.77772133609718,36.4381341499427,110.724,2.2615318243491784,1.9760149775946827,6.383136512784156,12.644376136600618,14.164178515599769,87.686,4.025648217946478,2.7817082900576993,8.235016065406885,21.82301065674441,23.325032033230233,93.78999999999999,2.555151903546872,1.7623768402860043,-0.001997100500822585,0.15292495266733752,0.15293764506127502,1.76,5.90436710097249,3.4828740794639734,-0.0054215499141057446,0.14390031440954648,0.14400208186967067,1.327,5.0624268103275245,3.2440327987951965,-0.006924208545796635,0.17642077032381287,0.17655619903030348,1.75,5.159830156083272,3.699916908479929,0.11901645170379661,0.034132785605622364,0.1238142057059999,0.303,2.4068320618040295,8.066908409855564
c1,227,c1/c1/c_1_227.csv,b243281cad7a1c632763e0fc67d08ad8eb7ffb525f51ba0a03327dc8343662f3,219941,50000,4.39882,4.3988,122.9770523,122.8392217,131.6890935,125.83512250000001,131.6890935,1,29.453569966491013,26.422519040572148,39.56841065752106,114.483,2.2263972329466086,1.971494442712481,6.466917855242998,12.903005698797942,14.432873090450505,87.506,3.972459235294945,2.780187964870448,8.480586711890917,22.525817850222523,24.06928569277205,98.136,2.616903584260286,1.757165777648359,-0.0013089192101518135,0.15555750443638014,0.15556265758508633,1.624,5.245474798819773,3.445139734568632,-0.0038754256823420826,0.14580962015443982,0.14586078153324802,1.444,5.176168618210116,3.214646595343198,-0.005278742935605459,0.17873356600059723,0.1788110944422816,1.641,4.613807675486834,3.5653646872556424,0.11855396674562724,0.033016091423128564,0.12306543124625176,0.287,2.2914639565656985,8.054193130298648
c1,228,c1/c1/c_1_228.csv,b5c5aff814c3004afd47da61cb04fbc16c3ef32aa6e320e14629eab2e9b348dc,220023,50000,4.40046,4.40044,123.5333561,123.1834427,131.8982448,126.20501453333333,131.8982448,1,32.87724806497503,26.728242659276606,42.371088598837645,115.384,2.1794342098289463,1.970239505004825,6.467132118005845,12.979204776778056,14.501130604996268,86.387,3.8076341427458105,2.764005793947643,8.59303753243979,22.78434770030466,24.350861067794998,96.21000000000001,2.494121248152624,1.7482574153967794,-0.0012807751916845056,0.15567892835049482,0.15568384298203072,1.568,5.061540008945901,3.4125648371353132,-0.0038219595224135657,0.1463275347881152,0.14637710714386748,1.466,5.130583700235829,3.1858306347548493,-0.004922535371302091,0.17959900799498343,0.17966604694627475,1.766,5.215231346856481,3.625541225629177,0.11640343964040123,0.033285351142921214,0.12106886604480556,0.276,2.2383954591571666,7.993989858788872
c1,229,c1/c1/c_1_229.csv,fb701e06bd4685c97ea5847ba0cdfc26f6d29075a0118512ee4f0af5920fc0c7,220022,50000,4.40044,4.40042,124.0956175,123.5278439,132.1025129,126.57532476666665,132.1025129,1,36.37905767605058,27.27978594782254,45.47108066043459,115.93199999999999,2.10733940359983,1.9672775801604516,6.528859509503595,13.147203511022779,14.679038832858009,88.305,3.9345219164295315,2.7568842135199927,8.788501927080018,23.31370745615181,24.915141001691943,98.94,2.550657850809852,1.746257388926896,-0.0012525656525256565,0.15802445424444117,0.15802905923741317,1.7650000000000001,6.207719040624077,3.422342918445519,-0.0035790057357900575,0.14748043306428546,0.14752351867740238,1.439,5.050042235157986,3.179652819578326,-0.004802365218023652,0.1809410159714619,0.18100432362448043,1.931,6.010906138668892,3.650450987154244,0.11848773758987739,0.033789055833740596,0.12321135931510287,0.28300000000000003,2.256285471934759,8.386728892237345
c1,230,c1/c1/c_1_230.csv,95f3487ee7a63caa25fd91d8c9d8e13e8859fbc1d055e8498cc014d92fcb3aab,217534,50000,4.35068,4.35066,124.6636433,123.8724957,132.3020694,126.94606946666666,132.3020694,1,39.88125141816912,27.958873116559555,48.70533037740675,117.427,2.0704099370359117,1.9605820285916693,6.6682133505566945,13.429523073437839,14.993876423164659,91.888,4.005235090988218,2.7421852364941026,9.056949184954997,23.8351395918803,25.497835129549568,97.134,2.4640915466265274,1.7287857326916374,-0.0008862706519440641,0.16197056575254387,0.16197261819978673,1.629,5.056410207494432,3.4644906314223243,-0.0033147002307685235,0.14986019875455214,0.14989650819474043,1.362,4.883369258001731,3.11562223337252,-0.00446692930760249,0.18492162747903582,0.18497514581283955,1.647,4.584399683933853,3.5853628621389064,0.11699583513381819,0.03328300951997946,0.12163790144942116,0.287,2.3183563399214,8.120690627534753
c1,231,c1/c1/c_1_231.csv,89197145c5030ee93469dfd2b4d9a86cb6b9b71fa0381de0709dfc8d77d408d3,219952,50000,4.39904,4.39902,125.2372354,124.2174717,132.4970931,127.31726673333333,132.4970931,1,43.04050411453407,28.286717054422816,51.50358937359558,118.295,2.016752643132309,1.9653070372086097,6.64353333454572,13.52128828362674,15.065222892841785,91.787,3.981023077228882,2.763768103757198,9.109454135447734,24.020936412281845,25.690171611816783,103.00300000000001,2.5203412798619715,1.7480299764095566,-0.0013009565723430569,0.16133921614622748,0.1613440944352225,1.77,5.658713466990621,3.4755009508679904,-0.0037123463301083873,0.1492492845764898,0.14929510771685225,1.389,4.8494556256532695,3.112658910482538,-0.004825011820760894,0.18390804518173817,0.18397091088255388,1.75,5.185602416291937,3.582431222690403,0.11916223085036734,0.033067074963243674,0.12366512740717751,0.295,2.345042665465029,7.932692400953549
c1,232,c1/c1/c_1_232.csv,59c6c6d14ac2688a6ad9320461a4f87d11fabb3dfb22fcc69e30cb76ec90870a,219953,50000,4.39906,4.39904,125.8161908,124.5628486,132.6877699,127.68893643333335,132.6877699,1,46.19315446481748,28.649723028285642,54.356328217342906,119.361,1.9859693165506629,1.9628877748725488,6.710100207771661,13.635910309878192,15.197455360152466,92.61699999999999,3.9798109990561743,2.744856560748899,9.22855298177338,24.164186127913613,25.866415033164795,100.64099999999999,2.4915706299990767,1.7454776272156733,-0.0012283078657713243,0.1622102576640058,0.16221453943872446,1.673,5.2214801640511945,3.545826171634661,-0.0037551613299204828,0.14901549375419268,0.14906246227413258,1.329,4.749686736677917,3.108055574290377,-0.005103517569662611,0.1844739891659654,0.1845441514991746,1.6760000000000002,4.741412788710964,3.6135123930156725,0.12100314612667253,0.03386716048715082,0.12565325589627618,0.301,2.35568905786525,8.945363308272123
c1,233,c1/c1/c_1_233.csv,20f14ea92d77dc570a03e6bb63ba83a0ef6295aeb2498e53a2c3213a7a71ca65,219920,50000,4.3984,4.39838,126.4003021,124.908706,132.8742926,128.06110023333335,132.8742926,1,49.38828186158602,29.224272929458042,57.38690294832386,122.682,1.971181475011172,1.9647048650289693,6.767272985631139,13.835138676099255,15.401499130999253,91.136,3.877349827576528,2.72720956731475,9.417946644234267,24.43578165416417,26.18782978659471,100.082,2.4525514532279864,1.7432048925933552,-0.0009422471807930157,0.1635591153320178,0.16356145754913778,1.827,5.82655604981813,3.490924064081037,-0.003454028737722808,0.15044669173682204,0.1504859941951094,1.4609999999999999,5.010433057460599,3.1710609618303347,-0.00450854856311386,0.1867283020386239,0.18678229907106125,1.885,5.3538263795519,3.662365744695466,0.12037665969443434,0.03459448993643499,0.12524900594922722,0.32,2.514990020181821,8.75445704680794
c1,234,c1/c1/c_1_234.csv,c0e5ee90b9ef486f1f40d08b277e47c7465472745948b15d6470250610aecef6,220029,50000,4.40058,4.40056,126.9893575,125.2551264,133.0568608,128.43378156666665,133.0568608,1,52.37796387294402,29.547996729960982,60.13760256435348,123.622,1.9348958893976977,1.9671905863681052,6.833775302346508,13.957799004385201,15.540905781206678,93.257,3.9289859201024626,2.740285020278368,9.535741797672124,24.543989748907308,26.331256456379624,101.589,2.468549121751142,1.7467483246302782,-0.001151530025587536,0.1651843815833975,0.16518801993519147,1.741,5.478605532986354,3.512740894158729,-0.0037408205282031004,0.15109176751759987,0.15113772592100916,1.303,4.545522938191188,3.1459670519972067,-0.004876725340750538,0.1873565922185432,0.18741962427141814,1.793,5.042161426124011,3.5982495980494056,0.12142763908393893,0.033279705259141666,0.12590554110932134,0.292,2.279486649049095,7.444802386878328
c1,235,c1/c1/c_1_235.csv,e16b5cbbd01f3aca957b27fb77bd39bc0d7e66b6a14f9478ea30ea01f373c1f4,219968,50000,4.39936,4.39934,127.5831416,125.6021951,133.2356806,128.80700576666666,133.2356806,1,55.36738273294298,29.89138799787016,62.920887511249596,126.832,1.9370356144167409,1.9675525987410127,6.892192741671517,14.108417768333926,15.701874659461016,93.756,3.8775624771220754,2.7410650610995737,9.669554503382312,24.78164701734385,26.601269166712356,103.199,2.4728143453513924,1.7464047377349385,-0.00100353233197556,0.16810349434140673,0.1681061076202308,1.923,5.734473384975258,3.598830662400493,-0.0035834439554844337,0.15188535246685692,0.15192727368543602,1.4329999999999998,4.745691688595845,3.1223504800764212,-0.004781590958684899,0.18925724071628042,0.18931720455754253,2.104,5.910714784824971,3.6788095313718325,0.12005962230869946,0.032742798240156364,0.12444436054580399,0.28400000000000003,2.241965797215126,8.133707258967942
c1,236,c1/c1/c_1_236.csv,887336d9ee4af2ecfd375d7e4651c8fa290be94abbf01e9805f29c7532104056,220015,50000,4.4003,4.40028,128.1814351,125.9500002,133.4109642,129.18079983333334,133.4109642,1,58.21149565711429,30.116796974741774,65.54079313002183,124.996,1.883407174446546,1.96880538608838,6.902271108788037,14.134359492499637,15.729607645866098,93.16300000000001,3.8745403809240577,2.7317799294368226,9.763121873508622,24.948888763068723,26.791094977941427,104.441,2.5026599344000355,1.7453795143496322,-0.000860304979205963,0.16863722753389881,0.16863903871231936,1.938,5.971333848254656,3.5508758621680285,-0.003334613549076199,0.15253586810791397,0.15257196647552154,1.359,4.614215941910593,3.159490405443429,-0.004516164806944981,0.19044902668806796,0.19050213294034005,1.992,5.705972858269351,3.6291912295391673,0.12214953980410427,0.03377973437678421,0.12673427059241033,0.315,2.4460629200841026,8.540419820083786
c1,237,c1/c1/c_1_237.csv,8137cc0d8e62ccda98eda37555f7db103e64c2a55c735c485e6a7d320d41d95d,220045,50000,4.4009,4.40088,128.7840154,126.2986322,133.5829302,129.55519259999997,133.5829302,1,61.031137608216504,30.417218765889924,68.19092865314155,127.19,1.8750294581024083,1.9689632061630906,6.9330958985662035,14.218301255360428,15.818564745428615,93.059,3.8554698850048856,2.7181799278514287,9.866127092185689,25.075907506785818,26.946961674473798,103.755,2.4823577814846995,1.7455662700063501,-0.0008320525347088096,0.16978782625104322,0.16978947919507903,2.0839999999999996,6.6317418802273735,3.5225070327906094,-0.003114440228135154,0.15317797976170316,0.1532092901601565,1.439,5.025804892086405,3.1824197657041764,-0.004180394919221069,0.19140052069860586,0.1914457326255297,1.9329999999999998,5.573380954314953,3.642698044762342,0.12415952191597174,0.033412100846063636,0.12857663198258745,0.292,2.2321318856669623,8.57020041374201
c1,238,c1/c1/c_1_238.csv,bcf80b0161e326d172090359d36154ddbe85886648ef0d2e339f24936dbe3abd,219887,50000,4.39774,4.39772,129.3906569,126.6481841,133.7518028,129.9302146,133.7518028,1,63.76473125287079,30.758315493586966,70.79555509498947,127.876,1.838816007944734,1.9691306492802088,6.97244500129612,14.364641307614715,15.967372068946363,93.774,3.8207915326686397,2.7258379036935487,10.004620291331456,25.27628210280226,27.184185817756827,104.913,2.509951942552983,1.749516402533008,-0.0011968147275646128,0.17364492005095575,0.17364864956998155,1.789,5.5111283754287,3.5638061816901447,-0.003841818752359166,0.15445460444843673,0.15450202559687498,1.424,5.06789472160705,3.1693369034000223,-0.004981654213300467,0.19516780977621656,0.19523093408589826,2.009,5.808505733528168,3.6611161791545617,0.12321053541137039,0.03357552324580067,0.1277033541877033,0.288,2.2160733506187764,7.924874199046927
c1,239,c1/c1/c_1_239.csv,76e60e82bb9ec222a3c5883d11e709214c23190bfc6bb10ffdec858702572f1f,219958,50000,4.39916,4.39914,130.0011312,126.9987515,133.9178121,130.30589826666667,133.9178121,1,66.39917767028251,31.104218471110425,73.32338510698179,130.62,1.8470232900786312,1.9698791192249177,7.03937600814701,14.517965213933742,16.134533470252656,97.901,4.004020328143294,2.7254742512808665,10.128146391583847,25.58458922949659,27.516314787406344,107.94999999999999,2.5459804679972335,1.7469458950444297,-0.0011606079342419918,0.17448627213450885,0.1744897353981016,2.07,5.931581004685623,3.625558614454993,-0.0037117449694941762,0.15455430375303536,0.15459851636141228,1.5430000000000001,5.931492886104325,3.1932186509327156,-0.004883336818847234,0.19492574277552188,0.1949864596139968,2.067,5.415760674307852,3.686936457895077,0.12497811400358251,0.03393076764206136,0.12950220360482145,0.315,2.3937816606269586,7.863733564949358
c1,240,c1/c1/c_1_240.csv,f8951bdfe597c52e7c17085e3e253cf01393c723032515b2ec79ac188b6bebf0,219975,50000,4.3995,4.39948,130.6152074,127.350432,134.0811934,130.6822776,134.0811934,1,68.90011193544721,31.322357297078884,75.68560650054872,131.677,1.8266352929205594,1.9716568893796431,7.000227275826799,14.560131748004993,16.155483734579587,96.575,3.9002855646550367,2.728558743902829,10.193452255938176,25.684716749882593,27.63346059431181,106.86699999999999,2.47229259494422,1.7478039827604732,-0.001082400272758268,0.17346190070574002,0.17346488348634762,1.9220000000000002,5.834033838207077,3.6844982072478496,-0.003523295829071485,0.15409070225811966,0.15413062705579722,1.435,5.0152264657962125,3.185070604598504,-0.0046968382770769404,0.19229504064777084,0.19235195566828717,2.0309999999999997,5.422351940100175,3.680101260383252,0.12374338902147972,0.033039463633631416,0.12807820861219618,0.299,2.2954724553510344,8.102309232731299
c1,241,c1/c1/c_1_241.csv,3f584ab8f64c667a33f857c8a39e513dc286eb6e90e538cdc50019449c0390cf,220049,50000,4.40098,4.40096,131.2326523,127.7033255,134.2421873,131.0593883666667,134.2421873,1,71.52085947220847,32.02375561138392,78.36293513313737,133.704,1.8133572939626925,1.974015417519217,7.080570113929171,14.810958119960278,16.416392925373223,93.821,3.681381182500298,2.693402380290814,10.396421651541248,26.095864883532318,28.09050822675651,106.854,2.441002471243553,1.7433563296939423,-0.0011991192870678803,0.16969735073504838,0.16970120172345363,2.069,6.370019711242858,3.640515282533671,-0.003737308508559457,0.15451963107014483,0.1545644699030081,1.467,5.007619153908389,3.192615349237957,-0.005041513481088304,0.18921297016693478,0.1892796931514345,2.108,6.102080898218355,3.728311987826822,0.12414638557775769,0.03321891430050456,0.12851387592221453,0.35,2.684535016349657,8.862108622727078
c1,242,c1/c1/c_1_242.csv,f1e242fcc148871eac2a322780b1f77f13b6afa2b5a6e8b88a388857e2dc76c1,220042,50000,4.40084,4.40082,131.8532309,128.0575339,134.4010394,131.4372680666667,134.4010394,1,73.99509899019279,32.40929667783154,80.78138654576546,136.251,1.810318023164284,1.9719213570705494,7.173051081157234,14.93845188015604,16.571330430314706,96.769,3.794263850111757,2.721195161165621,10.562672248934295,26.452210862207586,28.483088396470993,109.793,2.4651470031142946,1.753692970221717,-0.0008967787967751609,0.16899360464179497,0.16899560004305889,2.031,6.520879831896323,3.648629473066159,-0.003056062024522591,0.15376763731034418,0.1537976538984898,1.423,4.759500430891735,3.1234456519199356,-0.004081211768662346,0.18583665441112845,0.1858810411626763,2.058,6.251309938505562,3.700011658161549,0.1222890220957817,0.03216755135621243,0.12644900783667554,0.275,2.1352480705007846,7.3119360353570455
c1,243,c1/c1/c_1_243.csv,d24e32152dc2bd91590a3c99c047cc611fedf82ac598f3fbe28f3b88b7c2ec59,219975,50000,4.3995,4.39948,132.4767066,128.413161,134.5579999,131.81595583333333,134.5579999,1,76.3388382043414,32.667334277885296,83.0347402955963,137.23100000000002,1.7893715265570582,1.9718009907817928,7.1933267143993636,14.948560871615065,16.589225585064625,95.99600000000001,3.7476131529594734,2.6903656503374846,10.62230178883964,26.454464882173973,28.50734687845886,107.94,2.412290427909427,1.7429628748371233,-0.0012328446414365268,0.16748967376933432,0.16749383032843534,2.028,6.191272824596387,3.6094044588808356,-0.003617856574610751,0.15468336263549007,0.1547253139962116,1.474,5.332029896673532,3.203571371895128,-0.004883314012956017,0.18408654584151743,0.1841508866728408,2.1390000000000002,6.527256108929043,3.739666792051382,0.12348342311626323,0.03373988058194616,0.128009883021404,0.291,2.234202494757214,7.4279063950799955
c1,244,c1/c1/c_1_244.csv,56a0210e153ed46ea1daf99d35c008395f358185627e8dfcc8e7264ece1f2889,219999,50000,4.39998,4.39996,133.1028415,128.7703127,134.7133235,132.19549256666667,134.7133235,1,78.68684439474724,33.12745572260743,85.375891299144,141.352,1.7993369985648424,1.9763850157079832,7.257329910590503,15.080840062885196,16.73617461214339,97.732,3.8116834628215006,2.704482140318288,10.780772585329931,26.729447392164438,28.821609390379443,110.086,2.476197599979354,1.7467780524666205,-0.0009266678484902203,0.1723997767518388,0.17240187539064647,1.955,5.823602543330983,3.6547182048643263,-0.0030834912885967665,0.1564229404342976,0.15645297374397135,1.4609999999999999,4.812947826944169,3.1920408277683348,-0.004228160128000582,0.18908327647642525,0.18913011465415056,2.088,5.768515511107461,3.701826578533911,0.12455894344974296,0.03305424347443833,0.128870122366182,0.304,2.320165407699367,8.239237118281766
c1,245,c1/c1/c_1_245.csv,5020e1c27e344d88039c5e80d835851b3e01c54c7bf8dd04d20e0daf0ea216d0,217118,50000,4.34236,4.34234,133.7313964,129.1290961,134.8672693,132.5759206,134.8672693,1,81.08271377315562,33.48837338611096,87.7261218771581,138.365,1.7372248623209856,1.9636573035491414,7.345674034396042,15.213266387790584,16.893825357962815,98.011,3.773212913554514,2.68887723069556,10.972225329083724,26.95175524099036,29.09954456017481,115.888,2.542720208111584,1.7329010778636516,-0.001120303245239916,0.1743325012677214,0.17433569944008598,2.0620000000000003,6.114639763534793,3.6925047971840312,-0.003779359610902827,0.15668074548242664,0.1567259598698064,1.3940000000000001,4.798184044460107,3.1399469353591503,-0.004938913401928905,0.18938166264051642,0.18944561705539134,2.1630000000000003,5.838087030942609,3.6510922078427064,0.12458942602640041,0.03103014658847496,0.12839544633713748,0.28200000000000003,2.1573973836475515,7.235128521533484
c1,246,c1/c1/c_1_246.csv,cbceb6f724b866aed3892f784a56e4ad2e8767c389e45d490911cc801ad67457,219966,50000,4.39932,4.3993,134.3621319,129.4896204,135.0201002,132.95728416666668,135.0201002,1,82.92544801469319,33.46252857209106,89.42240019345199,134.917,1.7031526739443554,1.9683834713216726,7.2564501468408755,15.089264896278483,16.7433852236548,97.30600000000001,3.77462497313339,2.6555040082065133,10.884566792140603,26.51825548370222,28.665108951694556,109.858,2.468157372756735,1.7429019085237596,-0.0012779656856059575,0.17352468854941666,0.17352900000852223,1.9909999999999999,6.045099089768755,3.7127992148095297,-0.003789467463153396,0.15607376006655205,0.15611940271804742,1.5259999999999998,5.361281079915653,3.1866362609137187,-0.004937122100688288,0.18861608032090937,0.18868025650835218,1.9289999999999998,5.527870373410427,3.6988519852279866,0.12460104743460354,0.03530165092380752,0.1295052968580662,0.302,2.2933424902728325,7.347171355530868
c1,247,c1/c1/c_1_247.csv,a1d5ff8db4ebcfe815d1978e4db52aa6f5449808569c5632f61234b9d446216d,219999,50000,4.39998,4.39996,134.9948077,129.851996,135.172083,133.3396289,135.172083,1,85.13580909004132,34.141655478092055,91.72651377739986,141.88400000000001,1.7336317870523967,1.9735761369509817,7.324170382592649,15.28974473878187,16.953427480778217,96.077,3.6863342277458595,2.651503517534631,11.071355265251206,26.841221560929284,29.03485504526151,110.116,2.4468522363639074,1.7388406067829947,-0.0010349183405379116,0.1728459352244067,0.17284864066644842,1.9689999999999999,5.831691797595157,3.753309711102982,-0.003494361338006081,0.15714817052488797,0.1571866591269149,1.4100000000000001,4.809568472281061,3.196619838807797,-0.004621307369578952,0.18734698736140673,0.18740355016393967,1.904,5.2133484085297495,3.7764427600817747,0.12341179278087629,0.0342501117572908,0.12807628750325156,0.289,2.2174284212664257,6.675380093968168
c1,248,c1/c1/c_1_248.csv,b61bb4b8ef5584ada5f4281b9d707f9451535966fcb5d8627e398a313e32f3fe,220092,50000,4.40184,4.40182,135.6291837,130.2163346,135.3234878,133.72300203333333,135.6291837,1,87.27286989986005,34.76406251337744,93.9419414953957,142.77,1.7161663622621823,1.9746594499681243,7.4028860476528,15.485382070648777,17.16387748084618,100.952,3.8917779548672744,2.676130980263868,11.254015893353689,27.061617064143796,29.30837191772786,108.61600000000001,2.4159649740615623,1.7498739331571678,-0.001429079657597732,0.17151075213627842,0.1715163161745884,2.055,6.308437728446896,3.70087905123968,-0.004183296076186322,0.15743747060007868,0.1574926807694188,1.478,4.908164596751836,3.1832351904853002,-0.005378428111880487,0.18372196050817274,0.1838002527198432,2.133,6.3003177790243665,3.703392889349232,0.12205788034094833,0.034493295989137245,0.12683811814929796,0.318,2.467712424048862,7.54449093477335
c1,249,c1/c1/c_1_249.csv,26529281639d11e672fd1172259409a21e3ebb675797dd52bb29750529c2d46e,219995,50000,4.3999,4.39988,136.2650196,130.5827494,135.4745881,134.10745236666665,136.2650196,1,89.18184975567627,34.90665823484981,95.76988867238478,140.85399999999998,1.6861249630601554,1.9724575211273336,7.384177258574058,15.485896510220925,17.15628090314132,99.899,3.761421275643964,2.66509614594336,11.284680956385372,26.728320595354564,29.01282300595274,111.449,2.4869692957902,1.7533053947560855,-0.0009180163185526942,0.1685655131251997,0.1685676297814383,2.051,6.561164806279945,3.701834865327257,-0.0031934998522693703,0.15707688853780938,0.15710899147025295,1.454,4.862866172396352,3.143659601370943,-0.0042619741357758124,0.1789870726525153,0.17903740105650456,2.253,7.071148221149881,3.6954508499521337,0.12322144139639536,0.03491057229481174,0.12807133222492367,0.324,2.4907994198089565,8.011076943542038
c1,250,c1/c1/c_1_250.csv,def443b792516ec2a9fd8919d152797bb6640425b00c6493240be9519371956f,219939,50000,4.39878,4.39876,136.902076,130.9513544,135.6256605,134.4930303,136.902076,1,91.23776201128494,35.640261286924776,97.95178235265621,144.86499999999998,1.6993054746133087,1.9718338915426954,7.438025702581171,15.715459500084656,17.386741233567385,99.956,3.729105939347833,2.6351131380837023,11.49619594523936,27.13932884900291,29.473756847976006,114.35,2.533202685531661,1.7430139207897157,-0.0007827306662301823,0.1695267788440117,0.169528200435735,1.9969999999999999,6.730443649300295,3.742946355432205,-0.003221106761420212,0.15812245170899167,0.15815489743612066,1.46,4.862321764715518,3.152266165917079,-0.004455339889696689,0.18006989509679439,0.1801245950604809,2.099,5.895918875728268,3.6999013490652426,0.12258721281809958,0.035689696415581666,0.1276768318268736,0.317,2.4436696582749153,7.033236473451639
c1,251,c1/c1/c_1_251.csv,73b07b89010a4f6813b5a5af4e6580a15362de7c642dc0723d2107ac56d2e2d8,220023,50000,4.40046,4.40044,137.540114,131.3222648,135.776984,134.8797876,137.540114,1,93.12767149797976,35.9852475385953,99.83834610801055,144.54,1.676109496234668,1.9705719740782923,7.472084709325843,15.795479140800335,17.473639495861875,100.512,3.771738567435132,2.6290582880188142,11.580966512591866,27.11139410733793,29.48123360925504,110.654,2.4173343946376615,1.7523197095575755,-0.0011354903805511239,0.16823450958262703,0.1682379592037436,2.053,6.140112522103239,3.698967884043031,-0.003705926198624689,0.15898804316376794,0.15903086767571406,1.429,4.967589069632188,3.1743158103355418,-0.004935815801075342,0.1782393806539753,0.17830730412079737,2.083,6.533663922206746,3.7644857902632287,0.12273567763370194,0.03557800158753682,0.12778824284009166,0.302,2.324157476456204,6.771354169076266
c1,252,c1/c1/c_1_252.csv,d50cbd24d5ee9330130f68d1aea7d362c4a8eccc54bb596fe32ec83f8899f9da,220035,50000,4.4007,4.40068,138.1788957,131.6955966,135.9288403,135.26777753333332,138.1788957,1,94.31926850273821,34.98804141033749,100.59961177425464,140.776,1.663624710357288,1.9716094439476617,7.305007562433249,15.438985782087517,17.079939524896783,98.766,3.7438071666934913,2.6584192993979823,11.269029677096825,25.851935550906703,28.201251111340177,110.08600000000001,2.5083638921095495,1.7572492070474532,-0.0013466993887336107,0.1732507959733525,0.1732556362451663,1.819,5.610207096665913,3.734307427315808,-0.0040068852682527785,0.15925982839670905,0.15930986409926842,1.69,5.6179823205568225,3.2803459351035977,-0.005272829322607767,0.1853853949846006,0.18545994502988844,2.0919999999999996,5.839535862180188,3.7765931831028188,0.12589003567614243,0.035055496075239376,0.1306796973621243,0.28600000000000003,2.1502957664596183,6.426665469317845
c1,253,c1/c1/c_1_253.csv,47b84089c3e69d8fbff716c43057f8869ef7c3da58f453143c77406d4891cd1b,220101,50000,4.40202,4.402,138.8181847,132.0714667,136.0815132,135.65705486666664,138.8181847,1,95.89533376495336,35.00292338632576,102.08385825841579,143.014,1.6750934272794569,1.9731720593131787,7.24398233992576,15.30951116912926,16.936804524435644,101.333,3.8132340670768903,2.6533809129695682,11.27745893476177,25.57855869154231,27.95426214739683,113.14000000000001,2.6068654438366607,1.757560026029188,-0.0008464386804239873,0.18072660228673323,0.18072817388708765,2.0549999999999997,6.341014659485127,3.745023069449045,-0.003319925852222389,0.16215101411063307,0.16218462882220983,1.698,5.771200432477869,3.299274191310982,-0.004229267472660278,0.19217331739761323,0.19221941325916866,2.089,5.774650859553876,3.6952716316272713,0.12727294741959372,0.03734124404852381,0.13263772207344265,0.307,2.2768786682930213,6.651220986246566
c1,254,c1/c1/c_1_254.csv,bf3887d8aa3629a699565b3503ea2a9f90e1a646128bcd986b48635664af5585,220053,50000,4.40106,4.40104,139.4577462,132.4499923,136.2352886,136.04767569999998,139.4577462,1,97.62943564050478,35.24743683323496,103.7973162512715,144.69299999999998,1.6752841622518335,1.9742035641446654,7.247211862596738,15.36364918084447,16.98713405124441,101.04400000000001,3.8868828491503615,2.650703728986711,11.374450305153758,25.528209378006746,27.947533563453092,113.477,2.6408770502924055,1.7573577778312641,-0.001116558283686203,0.1866415790089244,0.18664449473320624,2.0010000000000003,5.711392674741165,3.7246176387423415,-0.0035302949743925326,0.16432293518173793,0.16436047974626564,1.5990000000000002,5.573115881713725,3.2817306503408012,-0.00489452995414741,0.19775977689679095,0.19781988792003555,2.201,6.136895601167934,3.6760002819004316,0.1283163192503624,0.03496434396039731,0.13299465244526856,0.288,2.1279051059324607,6.449169454482544
c1,255,c1/c1/c_1_255.csv,9997f621762034b2339a4a8ddc9d85535d90197105305ceaf2bdc4b26f732487,221227,50000,4.42454,4.42452,140.0973471,132.8312914,136.390454,136.4396975,140.0973471,1,99.20088968796757,35.43977652455083,105.3412957850272,148.904,1.6935428662664798,1.9818522564396368,7.251153683772777,15.334933593486904,16.962852209488087,99.43299999999999,3.7729503982945696,2.652076219847673,11.383033784303,25.37782468025154,27.813747184539256,106.94299999999998,2.51037731581929,1.7661609054069114,-0.0007403345884543929,0.1819223908865017,0.18192348611510561,2.093,6.414784725824912,3.724175182864994,-0.0030550023279256153,0.16381662855847468,0.16384474213941214,1.592,5.425868345800002,3.2616799209869063,-0.004054111839874879,0.1916541215386339,0.19169656254380263,2.0540000000000003,5.727802238233183,3.6180745322236194,0.1255413760526518,0.03730806885794166,0.13096764032161115,0.311,2.3364550147545606,6.647537936718026
c1,256,c1/c1/c_1_256.csv,bcc435b79d407e96f688602bf602012e5f55d737c3734474301dc1c6e406fe92,216464,50000,4.32928,4.32926,140.7367569,133.2154822,136.5472984,136.83317916666667,140.7367569,1,100.98016528383474,35.748987451227634,107.1213236503372,146.62099999999998,1.6626008149539828,1.9657660508994486,7.315900232833173,15.430757819272927,17.077165546529756,98.083,3.73358212323218,2.625789138647615,11.54335878483258,25.593027322951887,28.075775210443332,106.92500000000001,2.471739408078278,1.7388067271693748,-0.0010840185896962083,0.1789695824217788,0.1789724519551447,1.896,5.514815208808609,3.524735535429075,-0.0037170522581122033,0.16382897382006062,0.16387075745181198,1.523,5.034455279445452,3.2530241587686626,-0.004834600672629167,0.18835612984639263,0.18841773036608236,1.791,4.88807501401573,3.5050734667346526,0.1252996941754749,0.03435450638087131,0.12992397783633217,0.311,2.3552234552537663,6.768945288920619
c1,257,c1/c1/c_1_257.csv,088bd46726e36b77d5038926c36b5232c25c720649efcfb6bab8a295cd2abe2f,223330,50000,4.4666,4.46658,141.375747,133.6026833,136.7061117,137.22818066666667,141.375747,1,16.51760921506291,33.783551174290075,37.60524742141412,147.047,2.498534285576754,2.0014218643746036,6.58852408991179,14.690214217525671,16.100002395849014,99.84,3.585775863914437,2.674345748837084,9.535181480320603,23.024058338959367,24.920364656409383,95.862,2.5206693748698443,1.787247789557851,0.0060941431961671075,0.17673779162434916,0.17684243185295553,1.9649999999999999,5.637787207252416,3.7522440333317704,0.008627685487843102,0.16637634002459625,0.16659951839619383,1.613,5.162079748362872,3.4347064231556184,0.011284444543948419,0.18303364794686072,0.183380764970779,2.1399999999999997,6.058432574305345,3.7218852909529,0.1097913356915775,0.03242909653763411,0.11448047425763717,0.264,2.2623945408989403,6.354726364496435
c1,258,c1/c1/c_1_258.csv,fd7dd329211b4eda9e40bc1a46dac21fd0d82641d2228657bdc41f43afdc85ee,220033,50000,4.40066,4.40064,142.0140922,133.9930132,136.8671851,137.6247635,142.0140922,1,17.072184526866426,34.47376061209651,38.46939373149669,144.98399999999998,2.4081221723063475,1.98852237865642,6.734612876250382,14.950949448477369,16.397709721383972,98.53399999999999,3.7211294160444535,2.66872518309834,9.76227886726082,23.78812115058334,25.71330832049817,104.03,2.629727733093582,1.7758492223591598,-0.0028869533206382684,0.16951852466632367,0.16954272058546435,1.907,5.833338031764434,3.6044866382453966,-0.008304331622983826,0.16553269165906992,0.16574048811305475,1.6280000000000001,5.044030034651209,3.357642144065718,-0.010844846000372672,0.17481993946809263,0.17515559660770505,1.9180000000000001,5.8919042267965,3.4906733626588204,0.1106588738961883,0.032978847151433295,0.11546854891482512,0.273,2.3209783314908465,6.747514517310772
c1,259,c1/c1/c_1_259.csv,9b94bf02ddc7985b19ac72ca1d100a111f04a2d0d38c8a5c5a3c7c39c3c48558,220112,50000,4.40224,4.40222,142.6515699,134.3865908,137.0308101,138.02299026666665,142.6515699,1,17.308700116304426,34.985540656727906,39.03298084964275,148.236,2.4318921571901626,1.9869187553331868,6.835037857999564,15.113950172309883,16.58759158331107,97.756,3.635910596007166,2.6691816243422135,9.90127628207458,24.49744549854967,26.422667948491362,108.448,2.6993110665069033,1.7689946395020657,-0.002670154285091226,0.16939583098380967,0.16941648949671204,1.714,5.076247315446177,3.5593171132639148,-0.006117203968888566,0.1674659228517832,0.16757723022336996,1.609,4.863429231487213,3.3244047956450546,-0.008121965181362217,0.17624426305626176,0.17643090845824744,1.786,5.1634943557272965,3.5683900462834943,0.10965894635458312,0.03361170597023218,0.11469449054434575,0.271,2.319204686620524,6.948819534610551
c1,260,c1/c1/c_1_260.csv,eb1aa0059afe5c07bd856f9cac3cdbedc83e57e8687e781af503e5e7cad4563b,220051,50000,4.40102,4.401,143.2879608,134.7835344,137.1972787,138.42292463333334,143.2879608,1,17.537335658551882,35.52136356811443,39.614639689922086,150.964,2.402773336954392,1.9874174439549794,6.99187559247629,15.338232072332577,16.856649082288182,97.407,3.6335810101402255,2.6737656056334256,10.06705147897533,25.050137205026108,26.997260005724684,108.97399999999999,2.6330449825251394,1.7610683593488046,-0.002203012029029634,0.17019956830400176,0.17021343857388116,1.835,5.510728223687585,3.5893758376962763,-0.004881263888825772,0.16868963372845028,0.16875985881790512,1.594,4.776017268832207,3.306573225704586,-0.006473231205493271,0.1767136864165009,0.17683180646544705,1.827,5.281855219765024,3.5917102646566437,0.10904740719196915,0.03374404138859264,0.11414899110371914,0.274,2.356569229381788,6.729920530614645
c1,261,c1/c1/c_1_261.csv,3fe2df092e26b5accb7c21e26d5028085b5c970ab9b64f58fc5c731954aa339b,220054,50000,4.40108,4.40106,143.9230495,135.1839625,137.3668831,138.8246317,143.9230495,1,17.862018290964944,36.30777070915138,40.46356287699944,155.905,2.474077735179004,1.9864608300371287,7.121547370190954,15.556564918274086,17.109121813868224,97.983,3.56768749816969,2.664572799942398,10.282751720032355,25.726070003564065,27.70492110043032,109.785,2.5486807828845706,1.7545985120599132,-0.000428167631581339,0.16863551932700735,0.16863567971984583,1.8719999999999999,5.698675402480114,3.656887869785545,-0.002819248911630781,0.16920033190587283,0.16922343331443268,1.529,4.892939374782096,3.3230481942141274,-0.0036194343206667453,0.17744773802243774,0.17748424421141087,1.8980000000000001,5.589228522270272,3.6192298038877384,0.10797218410026631,0.033526367494383306,0.11305752849250852,0.273,2.370474603270302,7.303454464494061
c1,262,c1/c1/c_1_262.csv,bbdf73545cd5d710f724627e1779521a3247dfdd87f17a72b36a12eb207ffa57,219944,50000,4.39888,4.39886,144.556624,135.5879928,137.5399153,139.22817736666664,144.556624,1,17.995647710326267,36.58314553478846,40.76964298203223,156.172,2.4545223524302697,1.9888728481140812,7.160843514712837,15.635126901831216,17.196911397881767,99.66,3.529878045861021,2.6768472056882073,10.357413314298185,26.132345553609753,28.11000515506128,111.304,2.558306183271962,1.758618524779681,0.00031949041574218885,0.1677979427484566,0.1677978654502383,1.859,5.6377356020690454,3.549266093620913,-0.002070645255155858,0.16884684919190554,0.16885916153195218,1.642,5.116690099379124,3.258136982759185,-0.002653525442839996,0.17696118904058508,0.1769806804303503,1.767,5.181356506089827,3.5301396931751055,0.10930664169061216,0.032803418372346384,0.11412274655888958,0.274,2.357111164172611,6.38586296673199
c1,263,c1/c1/c_1_263.csv,2020d610c259a1cbdfdd67dc0d37bbdcb7bd78d03845da11080bbc023471a1e5,219988,50000,4.39976,4.39974,145.1884767,135.995743,137.7166668,139.63362883333332,145.1884767,1,18.36114412604324,37.41967959017023,41.6816226796454,159.033,2.4308074754843485,1.9843749243460944,7.284495372474862,15.924345208834488,17.511353187027407,100.905,3.6092013749583156,2.649101971658614,10.607904185682855,26.928765068352583,28.942749056799382,115.672,2.6015842466184402,1.7496608937853682,-0.0012902249213593469,0.16691582244152603,0.1669204295895308,1.845,5.835115584084796,3.5994419832070914,-0.004429791624997727,0.1698341766661338,0.16989155218274923,1.754,5.315155394122596,3.2635748787110055,-0.005958561376075059,0.1763382136355402,0.17643845582092965,1.802,5.299298249067353,3.5538984725685077,0.10730213466189065,0.03526610621048185,0.11294884105985895,0.281,2.4435841697014813,7.010088132988794
c1,264,c1/c1/c_1_264.csv,4f3a8cc733c8576da9d7bffdf1ea8d62c7f3ff73e14353f254a834d040a51fba,220043,50000,4.40086,4.40084,145.8184043,136.4073297,137.8974285,140.04105416666667,145.8184043,1,18.48273037542662,37.71059908764447,41.99635868620934,158.372,2.408304033111616,1.9821003405633792,7.370807746667696,16.049179636947198,17.66079848946167,102.45599999999999,3.5689779280144704,2.6454831209608702,10.670450830065032,27.25814098813645,29.272194902412128,112.708,2.496328008323644,1.7464798010031313,0.0003421694850551938,0.16713346765578868,0.16713343814008702,1.89,6.240522612391804,3.6097726262296614,-0.0026580622878255617,0.17081827164647562,0.1708385630296975,1.5979999999999999,5.045699195269837,3.208678670831087,-0.0030629286094081614,0.17651377052845335,0.17653994200259795,1.688,4.888412164468141,3.527222017612321,0.10750476952232063,0.034120478591435605,0.1127895262803233,0.281,2.447035723104634,6.851033135588893
c1,265,c1/c1/c_1_265.csv,60c3992ca637273f349b323568f3c97f644667a959913e10e85d3af7d456a389,220012,50000,4.40024,4.40022,146.4462078,136.8228691,138.0824903,140.45052239999998,146.4462078,1,18.59299150046361,38.050070881340226,42.34974198770631,159.24,2.4337810612853352,1.9814583921041935,7.446301469919822,16.124019456826108,17.76035549599225,99.977,3.537767023536127,2.6419629301784755,10.760163477446685,27.478548564435254,29.51013922904074,115.632,2.5347898029023135,1.7484191185346842,-0.0007925022271512463,0.1659651614390632,0.16596667640260426,1.9529999999999998,5.94095164988511,3.5516415342479384,-0.002778848426449467,0.17013701640150328,0.17015932175547924,1.717,5.782815715579887,3.1613130333252966,-0.004437598858244096,0.1745341586832152,0.1745901668881039,2.114,6.500938857154709,3.4620760259062524,0.1067693989418759,0.033172764342021266,0.11180398849239939,0.252,2.2092235109912153,6.541798189830062
c1,266,c1/c1/c_1_266.csv,f00799da65da0c3f616fa1dce3b57db0e354cb3f514f2242b3da76f25ceba362,211175,50000,4.2235,4.22348,147.0716935,137.2424764,138.272141,140.86210363333336,147.0716935,1,18.906839550136144,38.48171322327147,42.87544544350457,160.72,2.4149020244333306,1.9734905637291396,7.518129679176038,16.108381207734066,17.776416687929956,98.025,3.3709268325537867,2.607265403188705,10.936674469042263,27.956048643665415,30.019123959471507,115.227,2.434048378581877,1.7312380867123331,0.000604171895347461,0.16979037741939554,0.1697910503291374,1.8860000000000001,5.648118661973013,3.4117628924747097,-0.002717234521131763,0.17400276041111604,0.1740235634054727,1.5990000000000002,4.597078604441688,3.094477813029742,-0.003147943648632651,0.1763734381477933,0.17640111089822424,1.693,4.858246048656982,3.3514403191358557,0.10501130815674203,0.028736353911091535,0.10887216800678207,0.29,2.6177489179993754,9.439534709084144
c1,267,c1/c1/c_1_267.csv,e6d8f4221a0ac1521bb60665ceb7aee8c992b5f8e60d2464bac7f97e1a7a11de,220164,50000,4.40328,4.40326,147.6946724,137.6662659,138.4666678,141.27586870000002,147.6946724,1,18.971158113951418,38.83568802769816,43.22162253285826,161.967,2.3967170580245583,1.9790042605987104,7.413642975236642,16.30635276117031,17.912510567001473,100.845,3.5069344280373334,2.619625191648041,10.982042459257643,28.155791683353094,30.221685280188023,113.012,2.415020847558304,1.747713210572988,-0.000620242183099871,0.1737273086275432,0.1737280212814108,1.947,5.951832020955849,3.526709450978526,-0.0035591241074835124,0.177090082817398,0.17712544242241599,1.597,4.522218767926872,3.1211921739913167,-0.004864183063534456,0.18064343063326213,0.18070849756119164,1.888,5.423098599268425,3.405694153826471,0.106666271506695,0.03192591866841212,0.1113416055677019,0.272,2.398025415913813,7.29317149072155
c1,268,c1/c1/c_1_268.csv,916ed7e27dc23dd701d967c802bb041dbe3e57b887bbe8782bf6f3d78d3ef584,220322,50000,4.40644,4.40642,148.3149609,138.0943508,138.6663564,141.6918893666667,148.3149609,1,19.12157622025944,39.297574597508174,43.702712010930924,165.005,2.3966476033295696,1.9786253647848377,7.480667804395385,16.399407409426484,18.02497527070652,99.65799999999999,3.456648292952571,2.619640183065364,11.08543591198337,28.331349011900535,30.422829964456728,117.793,2.4990114361097584,1.748397441047387,-0.0012295957734588464,0.17358913243506713,0.1735930932856313,1.944,5.6223435018470616,3.5923403712765234,-0.0041955410717041414,0.17677987982339555,0.17682925841696204,1.694,4.999172692991421,3.135877186289702,-0.0055434727353600634,0.1795716849682568,0.1796568222301622,1.9289999999999998,6.005894942401185,3.4253119877312552,0.1056703733626238,0.03175573378772949,0.11033879579701422,0.265,2.356378806945758,7.586348926619159
c1,269,c1/c1/c_1_269.csv,c063b95cac92f7e0864ea317efc0177309056361f5f75ef0777e2913691479d4,220103,50000,4.40206,4.40204,148.9323811,138.526843,138.8714903,142.11023813333335,148.9323811,1,19.357656197325795,39.867260459388405,44.31828165478616,167.50400000000002,2.4051022742775676,1.9754378271304325,7.586763706083062,16.598272003306008,18.249941515769194,101.10300000000001,3.4946961306638413,2.6208159972729703,11.226582954344105,28.640770612127785,30.762415042129362,118.74100000000001,2.4966180286826987,1.7475172555362148,-0.00013946197916430035,0.17475329837068443,0.17475295703848293,2.112,6.340379120199973,3.5782374372698293,-0.0030527389449485015,0.1779347316420524,0.17796051273907879,1.584,4.765102027118321,3.1329351054917884,-0.0038893109135268488,0.1808540531509843,0.18089545786589153,1.795,4.964193189780035,3.4554338956398043,0.10588438594657955,0.03180404592906394,0.11055765884450798,0.262,2.324578891105622,6.970537716444878
c1,270,c1/c1/c_1_270.csv,a2e9db28a4e51ed0119ae48745a43a88edc0cf167d1cb50793ef1e19348a589e,220156,50000,4.40312,4.4031,149.5467607,138.9638531,139.082351,142.53098826666667,149.5467607,1,19.471740706589873,40.18514477966996,44.6540839352957,166.399,2.3648452883506836,1.9729746579834375,7.619426415814241,16.698182451448766,18.35439156115104,102.443,3.480583912964844,2.609487588874811,11.302052966987045,28.948348617683568,31.07634924723955,117.065,2.4519289377843645,1.7453761116624062,0.00012529751630661898,0.17889274119726534,0.17889237879013492,2.146,6.2942871441211645,3.6291549831081045,-0.0029138156579879724,0.17922317030474388,0.1792464482073062,1.542,4.4352343265432435,3.1107731931021694,-0.0037830901724231905,0.182606441627478,0.18264521026790917,2.0860000000000003,6.033555429039477,3.435840129598355,0.10516760388088447,0.030350331694767658,0.10945941419532601,0.264,2.3661738179762657,7.3243387054153315
c1,271,c1/c1/c_1_271.csv,324c1dcc885847cd8230f1f01a84fd09e9d7c76a4bcee693e048c02df3dc082a,219966,50000,4.39932,4.3993,150.1579333,139.4054903,139.2992173,142.95421363333332,150.1579333,1,19.660668589691134,40.75965180238788,45.253547393447334,166.821,2.3361704460611663,1.9705964443431718,7.713402221252375,16.89725413732749,18.5745113852884,104.797,3.5895426058317703,2.5984941444592358,11.419689033759763,29.155627216896637,31.312234534999657,122.04599999999999,2.5043565610863183,1.7444777152292192,-0.0009247019993999071,0.1762965072088021,0.17629853156269623,2.0860000000000003,6.001184414991842,3.551888507764315,-0.004095896638571416,0.1779579737615699,0.17800469887664042,1.596,4.7414478680975884,3.117392836536075,-0.0053326241328205265,0.17878290944005848,0.17886201463049464,1.9869999999999999,5.76421998896697,3.5002848924288608,0.10688500040915414,0.03141625066589789,0.11140637159246135,0.264,2.3248221470442902,7.900079936488648
c1,272,c1/c1/c_1_272.csv,ff4a0a83d85b455ebf1f3c71d58a59f340284c5a89583b88bf64fcfe374096a7,220078,50000,4.40156,4.40154,150.765739,139.8518621,139.5223654,143.37998883333333,150.765739,1,19.682289806341387,40.91843348502322,45.40598113739133,170.272,2.390654210764543,1.9697112706633269,7.714915852561364,16.908271847782753,18.585163019267632,106.95,3.629077664267796,2.602184572623592,11.436258312961767,29.11646020240073,31.281822306132675,117.054,2.4722664569588835,1.7432219857457372,0.0009193058824598552,0.18209314437989302,0.1820950512482205,1.9689999999999999,5.480654159236811,3.584595079117949,-0.001161574532665691,0.1803962310878789,0.1803995609105347,1.698,4.977839166944225,3.1177816290896327,-0.0016680767727805595,0.18244265099714652,0.18244986198870067,2.08,6.653882807952929,3.4816075118093686,0.10870053344723234,0.030239178225748727,0.11282823102643699,0.266,2.3132508382484933,7.289943914907369
c1,273,c1/c1/c_1_273.csv,16897e946011ab42e527cf29e873237194cad71c042166a7eae7d41035cd1f4b,220058,50000,4.40116,4.40114,151.3700239,140.3030746,139.7520686,143.80838903333336,151.3700239,1,19.86417761226586,41.45433815252897,45.96781368243475,172.131,2.385364697949503,1.9686335352027746,7.790311340646557,17.037667889679078,18.734186899536386,107.744,3.664317024706251,2.598446039712503,11.554451494605967,29.24466531868625,31.44442577732571,119.28,2.459736442564417,1.745091893168207,-0.000467308618636905,0.1842405868259028,0.18424076084937457,2.042,5.747913735906583,3.5188373173365113,-0.0038054967326795665,0.18173386959192192,0.18177329583349228,1.683,4.813688369283441,3.0804911390752476,-0.004734688127675431,0.18307391756848446,0.18313471615171117,1.8410000000000002,5.635195891231665,3.42074570743515,0.10715240073071644,0.030894757883602113,0.11151734712417131,0.304,2.681197210215844,7.729870593213567
c1,274,c1/c1/c_1_274.csv,86fe5f41588efc82e18f8d9693d8b0e5c7efb7df562f2415dad2c05db25f17b8,220171,50000,4.40342,4.4034,151.970641,140.7592317,139.9885969,144.23948986666667,151.970641,1,19.921802489882865,41.691249348285176,46.20639124703998,173.176,2.3851678745212577,1.9716909319237796,7.8466850538899315,17.108323571568633,18.8218987450023,106.253,3.580403917425907,2.594837161249387,11.613689350550253,29.21249676228994,31.436346344258144,117.766,2.4612593064312067,1.7455771826346322,-0.0008653773657747841,0.1850479255475299,0.1850495287741167,1.984,5.636328862383392,3.5506157185589955,-0.003674121478305499,0.18286688070849066,0.18290337160752318,1.9209999999999998,5.325216213564525,3.119234839846373,-0.00463834928305726,0.18445711952598548,0.1845150093935912,2.189,6.059127675706754,3.497303798903455,0.10865237020316026,0.029853493310888848,0.11267903339008511,0.259,2.2541904412746767,8.391417304432835
c1,275,c1/c1/c_1_275.csv,699134c4bf8792ca99258f5801385af36ea0e1969ae2518c2c1855356c54770c,220090,50000,4.4018,4.40178,152.5674499,141.2204358,140.2322168,144.6733675,152.5674499,1,20.07901859239402,42.14819324399422,46.686498153152066,175.95600000000002,2.4081908998867423,1.9729312899286329,7.95108915443682,17.237943053545724,18.98328605233238,108.42699999999999,3.6083847554719783,2.6010044821092695,11.723000190831023,29.381128862060145,31.63345609352226,120.958,2.512371704344834,1.7478830851004652,0.000493616247898587,0.1839362057216235,0.18393645019662752,1.986,5.40404035707668,3.550088110466734,-0.002447680494343223,0.18208480791258225,0.1821008450557086,1.626,4.557914048922096,3.1229743864438464,-0.0029209868690081337,0.18369277990505095,0.1837155851821271,1.974,5.410537157283605,3.419853038373936,0.10828351583443138,0.028575517019108446,0.1119905186355324,0.247,2.16089721655435,7.667186116821818
c1,276,c1/c1/c_1_276.csv,55429823a9f4a328e085a93d85759c25fa8c4b07d7c0f5d5b64c6827ac463e9a,220094,50000,4.40188,4.40186,153.1603172,141.686787,140.4831912,145.11009846666664,153.1603172,1,20.0726633801921,42.29454238864498,46.81593749434352,176.035,2.3981149584703902,1.973491292692585,7.9994246821812505,17.284706949644796,19.046010925020653,109.55199999999999,3.636667030837844,2.60535105406658,11.75221390860269,29.375062414598148,31.638661524209006,119.547,2.454939503068686,1.7470846725940066,0.00015500195371068724,0.1860098832317908,0.18600952524379383,2.077,5.763145723827749,3.5115638552562904,-0.0022834016374821665,0.18375411578991513,0.1837678850573045,1.615,4.500242247126672,3.1395276943029398,-0.0031916181268003677,0.18496197486372448,0.1849890892294291,1.846,5.086786490596443,3.4399533533483746,0.11058202858778521,0.030163313417173456,0.11462201528977013,0.28200000000000003,2.4166387172632615,8.393656994023905
c1,277,c1/c1/c_1_277.csv,53e9b935bf78e1a99f12249e91f0d8f000f3c48025ed900e212f499cea8f4cf1,220007,50000,4.40014,4.40012,153.7491167,142.1583834,140.741779,145.5497597,153.7491167,1,20.135272541328227,42.45543461105812,46.98813611508997,176.977,2.403159804496616,1.9738442585180653,8.052978132513966,17.32938717308248,19.10907511121242,108.819,3.610849797723263,2.5953635302044806,11.799381796942825,29.44193313593518,31.71827387440243,120.142,2.4481786211786076,1.7482213820716472,-0.0010960742158204057,0.19085207743155122,0.19085479107927547,2.121,5.574918994609078,3.625856804990614,-0.004545314467266951,0.1842259903277684,0.18428163536174827,1.7999999999999998,5.269108872915681,3.1738206588329323,-0.00569888230829019,0.18724015080676368,0.18732643161138574,2.034,5.834734535847355,3.487670514518822,0.11542223656520022,0.030139891781778935,0.11929250454790281,0.277,2.280109727185553,7.794873605984329
c1,278,c1/c1/c_1_278.csv,13e643632ef0d52d9930831498cd1ea2a6e68dfc7198b3c710b8bad61b7abbf8,220102,50000,4.40204,4.40202,154.3337295,142.6353208,141.008235,145.99242843333334,154.3337295,1,20.044379973830317,42.30986086288196,46.81766078750403,179.02,2.4078520392477287,1.9737955270214869,8.024358392926915,17.209869097169925,18.988643351036654,109.32300000000001,3.658818521977615,2.592943396035267,11.769319792641594,29.246408140518138,31.525630704866042,119.889,2.4769686840221397,1.7484065227935242,-2.3448219461885893e-05,0.19246301182872655,0.19246257604338093,2.107,5.673830323012324,3.6293485198586395,-0.0025613170257426108,0.18312375349556395,0.18314124898878312,1.846,5.394743158383244,3.240159107830357,-0.003566296535242751,0.18809903535279918,0.18813241300294234,1.9929999999999999,5.549282993482214,3.5557044139000378,0.11681520840337663,0.030857522739322723,0.12082208116820561,0.28500000000000003,2.317457184090305,8.421401917900015
c1,279,c1/c1/c_1_279.csv,e2f1bfa0c3d2705940a60310f0ae75b0f74058434c9188f4cfd351e2b28ed5b9,220014,50000,4.40028,4.40026,154.914044,143.1176927,141.2828095,146.43818206666666,154.914044,1,20.14663052351214,42.62374816838967,47.14512033911911,177.025,2.3656743094037016,1.9737643410059587,8.086979196778387,17.276724350044734,19.07571964912359,107.382,3.6205711380945513,2.584715871189031,11.860466502131683,29.476460559637477,31.77307733997247,118.013,2.427023330943959,1.746686162899865,-0.00025513376421500443,0.1889242218562242,0.18892396478354398,1.9729999999999999,5.261375925171041,3.5767682410664614,-0.0031058523548501455,0.18321670216049862,0.1832426088432325,1.897,5.249870682767942,3.2211819290155925,-0.0038082758369921916,0.1886987027835854,0.18873669901862333,2.1,5.616289812801091,3.5637567723480807,0.11803048442371851,0.031236074609359864,0.12209374748780584,0.298,2.399795288692105,8.680899672140933
c1,280,c1/c1/c_1_280.csv,49668e4d91b8aa05f270ea42238da0b32ac8431696ad44530d384746918a16f3,220077,50000,4.40154,4.40152,155.4899564,143.6055902,141.5657483,146.88709830000002,155.4899564,1,20.204566747093065,42.853953406172664,47.37802755861952,177.973,2.371774550153396,1.974479516062033,8.110654875339085,17.288773387986172,19.096676401911814,108.812,3.647755166078332,2.5895902807377293,11.901214783916538,29.529033410773504,31.837065904733414,119.875,2.4411797315921904,1.7458628997304722,-0.00023947073069880093,0.19141147213988646,0.191411187064119,2.23,6.175187658201258,3.672408670771795,-0.003361746116132081,0.18407442833409862,0.18410470537693624,1.7530000000000001,5.029746513561977,3.241414029151264,-0.004197989794481023,0.19121322693563964,0.191258869437286,2.508,7.534291111516297,3.609203081159603,0.12108519745361852,0.03163169840363018,0.12514865097096137,0.317,2.493035263099994,9.150150484480227
c1,281,c1/c1/c_1_281.csv,30df30a2e8b628978dad58022e35a60d561573f3696cf5e6d9e9c207a61b72e4,213720,50000,4.2744,4.27438,156.0613707,144.0991016,141.8572923,147.3392548666667,156.0613707,1,20.583311145423917,43.3791833837079,48.0147627713139,181.153,2.375935929192101,1.966062571975564,8.281617242186037,17.307574148630867,19.186868046824912,104.58699999999999,3.427083557333438,2.5561158897582446,12.117812843907917,29.895210299686514,32.25772473737902,120.40799999999999,2.4298985944651195,1.7234845683414386,-0.0010186458918210743,0.188518046222114,0.1885203572639794,2.162,6.280488840481457,3.6177867213079304,-0.004185888077858881,0.18152948076347522,0.18157731096631488,1.7469999999999999,5.424686568812175,3.180152937620588,-0.005471359723002059,0.1886156890389868,0.18869458780964168,1.952,5.2942694944054685,3.504091216418058,0.12026014879281302,0.02486091302630161,0.12280295392307479,0.253,2.019495395488207,7.982707540012377
c1,282,c1/c1/c_1_282.csv,0aab4bfd4f6d81c4a180f36a908a544355295cc6567e1695c7428b3235f42107,220169,50000,4.40338,4.40336,156.6281987,144.5983129,142.1576774,147.79472966666665,156.6281987,1,20.385475680045783,43.269559797440806,47.8310978344563,180.442,2.379832476226372,1.975659903081898,8.23753999881909,17.38353367065725,19.23650008673589,109.71000000000001,3.625971444155545,2.581520475483797,12.006691886687044,29.607231196556317,31.94909713521021,117.841,2.419191993842597,1.7402170024967638,0.0011040745972412103,0.19085798482608385,0.1908607447943552,2.121,5.773843129383996,3.594023922050632,-0.0011987700357452686,0.18262917439009962,0.1826326939459268,1.782,5.415240714199942,3.223393043295794,-0.001509385971685387,0.1921826123362469,0.19218810310924947,1.9729999999999999,5.1980324683891475,3.5676129903235294,0.12536310288914423,0.030998306093447843,0.12913867810344587,0.318,2.423750998513962,9.138926838315115
c1,283,c1/c1/c_1_283.csv,12ff366e9a9d8f9a6bf50eee468ddcf109b7439a7d7f496ee652828fd5cec3d7,220133,50000,4.40266,4.40264,157.1903603,145.1033072,142.467134,148.25360049999998,157.1903603,1,20.4438811582089,43.49303771243006,48.05817321827255,181.265,2.3868988835469356,1.9731211798408286,8.290292545869997,17.44447237129365,19.31417055995737,110.986,3.6900885688438962,2.5666301965348883,12.047644224173567,29.692408372656352,32.04342118581528,117.04500000000002,2.412694935153285,1.7361755314349097,-0.0002898475012833149,0.18985087940316403,0.18985066944120957,2.066,5.50959342455156,3.577352595623255,-0.0034688074936515653,0.18011993905153179,0.18015292861731907,1.887,5.8394831994913545,3.230918370378336,-0.004444867421059087,0.19354905106612216,0.19359964318026077,2.2800000000000002,6.1725320376098765,3.5931165588528793,0.12654268101556787,0.03226811004961282,0.1305920224009619,0.306,2.3048881123521285,8.57410776785284
c1,284,c1/c1/c_1_284.csv,6946f4746864ab8e731fbd78355cbec17aea3c5280b7cbeee5d98cbb5ceb9165,220182,50000,4.40364,4.40362,157.7477835,145.6141647,142.7858874,148.7159452,157.7477835,1,20.43914314521623,43.5638363201552,48.12024301862107,179.657,2.364077836347966,1.9714590106620231,8.27903929476524,17.387592042884805,19.257971741857133,109.368,3.6081162092981267,2.5605653885658217,12.0409082122971,29.484514441798144,31.848329849175688,117.30000000000001,2.380250404306902,1.7344014752775656,-0.0016310188843774694,0.18893091335643514,0.18893752440664488,2.332,6.8382392754298245,3.658609768206541,-0.005235446130928052,0.17857730205303224,0.1786536254058972,1.771,4.964914638506524,3.129650214815605,-0.0064163828105839715,0.1910785424341421,0.19118580890111753,2.393,6.532911658971459,3.622613052079728,0.129536923999237,0.030477138553983287,0.13307391342798972,0.351,2.600058802563366,9.665099094473327
c1,285,c1/c1/c_1_285.csv,27a3a9c8cc4fb8ddcc0d499d4cfad74f1555a66eb32fe5d11032381e200ac8ad,220105,50000,4.4021,4.40208,158.3004046,146.1309628,143.1141568,149.1818414,158.3004046,1,20.55684068512755,43.85595112336866,48.43469221110838,181.31400000000002,2.3671049565110134,1.9689326990304834,8.335180995433998,17.379243917601062,19.274646277649598,109.411,3.689976924892908,2.5584664069200715,12.116400245337452,29.566386238395285,31.952689691061874,119.04499999999999,2.45347107733248,1.734294310612092,0.00024127121146725412,0.18885595690362783,0.18885568200702202,2.16,6.089305801014982,3.70813715014461,-0.002245005792689852,0.17741148489183375,0.17742528574967123,1.7320000000000002,5.2360067849107095,3.168657799195619,-0.0030726107993911994,0.1903443754867995,0.1903687411548138,1.994,5.337010655408794,3.6737113369134033,0.13231924308852594,0.03252004872345709,0.1362568561787918,0.353,2.553999921613968,11.28446579253281
c1,286,c1/c1/c_1_286.csv,c67b3a155989d902192739254d36e59a1245f9aa961eee2d2098bf524c73fd35,220068,50000,4.40136,4.40134,158.8481684,146.6537756,143.4521558,149.6513666,158.8481684,1,20.478309667920822,43.76353633602025,48.31769423835064,177.26100000000002,2.332064925204229,1.9675277711533388,8.252938791646217,17.271409836328743,19.141871406310063,102.701,3.3813830751502834,2.552112617517201,12.074592385080974,29.30947106670568,31.699163584107932,113.88799999999999,2.3567498808534375,1.736206029544838,0.0001252567388261812,0.1978365131082346,0.1978361032703645,2.198,5.696634645395498,3.6532581153692245,-0.002772715706054492,0.17991666630614397,0.17993762162530885,1.7930000000000001,5.068423111088427,3.252577488544376,-0.003542950360797572,0.19595995266576238,0.19599153311592069,2.306,6.229860956686482,3.6771617997042187,0.13388492193322066,0.03539320666389731,0.13848409911170864,0.396,2.8234288449578506,11.482930774354143
c1,287,c1/c1/c_1_287.csv,b87a0285c9f3291946b4dbf82f3be8e7b49d742aaaf7c69dadf7a00d78c2c1e8,220124,50000,4.40248,4.40246,159.3910281,147.1826743,143.8000917,150.12459803333334,159.3910281,2,20.553076270647452,44.0278002977627,48.588757311610316,178.423,2.32852219854911,1.9697795891183427,8.317076007159601,17.358504395682743,19.248118331659025,105.768,3.4265167567844705,2.5415465357787532,12.137315481274191,29.338586559092686,31.75001067825407,114.238,2.3667393614915206,1.7318367517815472,-0.0008460049790118296,0.2017220201815243,0.20172333601278325,2.396,5.993357158853379,3.727270151935328,-0.0038002943795315365,0.18267888673764013,0.18271799663290872,1.742,5.1609585119004056,3.337611921470621,-0.004939638567352947,0.19997737597057566,0.20003791954177574,2.308,6.128837986359697,3.7335638599415613,0.13532103723355926,0.03254567760308786,0.13917973788120577,0.334,2.36384983194042,10.085179678934567
c1,288,c1/c1/c_1_288.csv,be8c4819f12535ce530f7ec47cc6ad4e9f7ee9c356de7faf10e746752ef28670,220080,50000,4.4016,4.40158,159.9289454,147.717727,144.1581657,150.6016127,159.9289454,2,20.56616022809887,44.2900135616739,48.83199089402873,178.127,2.306070220327023,1.968519643477345,8.405395256270447,17.415806191754772,19.3380349710318,102.594,3.2778407989722407,2.531775485916349,12.145879825517993,29.232519525341313,31.655310955252194,116.315,2.4227530131804067,1.7316356219680098,0.000328494183933115,0.20585072258395373,0.20585051701495757,2.176,5.5720044653405285,3.557902996704572,-0.0020875636132315525,0.1842947254762473,0.18430612966481802,1.94,5.447458539907978,3.2795520841606085,-0.003017143765903308,0.20389640848447055,0.2039182670740711,2.176,5.9876930964526345,3.576412148007512,0.13490007724463832,0.03105674238171634,0.13842885430927998,0.298,2.116610741756012,9.35504850705434
c1,289,c1/c1/c_1_289.csv,feda490fff7e80aa8012581a6d1733ad26f4a70ef1084d4bfc6a08bffe5a64e2,220731,50000,4.41462,4.4146,160.4618907,148.2589982,144.5265724,151.08248709999998,160.4618907,2,17.65406083875849,43.212787413439294,46.67978577838126,175.881,2.362478708097967,1.971044584371707,7.111890300863948,16.854140546915232,18.29316129901035,108.438,3.4888994284138732,2.5526402385634426,9.965678975766883,27.805529631929684,29.537412427155072,110.83500000000001,2.4047468672204655,1.7395161075165462,0.002797762887858978,0.21832284014618,0.21834027128708527,2.38,5.789129016598254,3.7239485476282184,0.0029891043849753773,0.18787921170645175,0.18790256256807236,1.804,5.284653846273444,3.30764023179202,0.003819386493061691,0.22892984368925678,0.2289611836350111,2.8970000000000002,6.691090496990851,3.7874802944843906,0.1475736484680448,0.03242679619978165,0.15109425558322329,0.318,2.0715545987623494,8.353037465408347
c1,290,c1/c1/c_1_290.csv,93d09d49f5474cdd5048c56a20afc0120a3ee103140fabffee3834dc599962ff,224725,50000,4.4945,4.49448,160.9898432,148.8065493,144.9054997,151.5672974,160.9898432,2,17.574021221492934,43.28462821748542,46.71613131136332,177.09199999999998,2.3636375038003465,1.9942580658762068,7.079761957948604,16.844575022525664,18.271876599357714,102.78,3.4146465285450307,2.6182827486020464,9.915394006007343,28.035114164223728,29.736831825722394,116.532,2.4264185378883134,1.7646959928151587,-0.0011478518188897543,0.2146694633724937,0.21467205454963417,2.113,4.984346948394283,3.583270203096702,-0.005203519857603737,0.1872340917298155,0.1873059682097708,1.843,5.349535893473632,3.3925583668960684,-0.006594304149516075,0.22644760767568678,0.2265430989587594,2.329,5.3279045159514045,3.6884986265864286,0.14899648904216264,0.03997152763231583,0.154264933340249,0.354,2.262341754818903,9.668463439898709
c1,291,c1/c1/c_1_291.csv,92b7f5aabdf46405c1341b9ebd971b7be4f5b21b046d911a0edc8bb0b3e5f905,224612,50000,4.49224,4.49222,161.5127908,149.3604379,145.2951287,152.05611913333334,161.5127908,2,17.683467463893294,43.5684112883448,47.02024067027323,180.06900000000002,2.4181075719564005,1.991540163419197,7.071001967837871,16.915440061696188,18.333845952635375,109.885,3.637316478619933,2.6138391496965148,10.014100662475737,28.272733655054083,29.99376804630372,114.089,2.414234846659211,1.7547010208296987,-0.0008594465122077183,0.21458839113071984,0.21458963452198482,2.326,5.56876851326932,3.593638795852236,-0.004243295104446779,0.18645570365100853,0.18650356617521138,1.973,5.801497645270287,3.397250042623659,-0.005346869267893078,0.2254773132453525,0.2255401991959541,2.383,5.502345056110343,3.7491726657487026,0.14788672021085247,0.038160439489391636,0.15273079150414098,0.367,2.370183487133864,9.471367608392187
c1,292,c1/c1/c_1_292.csv,8c4a44645377b63eacacfef7ced8dd274ee44fe9eb979a4b0860f0ce83fbf197,219988,50000,4.39976,4.39974,162.0307303,149.9207185,145.6956336,152.54902746666667,162.0307303,2,18.07542975980508,44.16484000152653,47.72049231534545,179.16500000000002,2.379061792778115,1.9636166831447195,7.173709861446988,17.079630791843055,18.524971663076894,107.547,3.591530460076787,2.5679077989687618,10.262314753532012,28.583793109453623,30.370127076366106,113.82900000000001,2.4089132000021167,1.717932176893372,-0.0002019928359728712,0.2136684033802269,0.21366801322100434,2.2270000000000003,5.564707520213498,3.557583042351166,-0.0037034110951506445,0.1886070241712873,0.18864295141347917,1.919,5.481254360432559,3.300530433316146,-0.004560807862247032,0.22530883784581085,0.2253544821418374,2.6550000000000002,6.580743306745524,3.7265892952205046,0.1485552166481808,0.033309764082319795,0.15224384300511878,0.341,2.20698580230074,9.624273423255712
c1,293,c1/c1/c_1_293.csv,b157d98b71080cc15f965262cba04da68063e16daed9ab743fb7f12c0fd6916d,220147,50000,4.40294,4.40292,162.5436673,150.4874416,146.1071812,153.04609670000002,162.5436673,2,18.30421181755827,44.86140533034192,48.45183914619471,182.055,2.3757612100683376,1.9651806262177887,7.284778779633608,17.315070704312763,18.785055589302715,110.96199999999999,3.6043012850361875,2.5835512422180247,10.439443222028917,28.949087212224967,30.773817092359476,113.03300000000002,2.364445066454418,1.7223620468486436,0.001520293258595393,0.2106049773805457,0.2106099862601709,2.425,5.9968666368924675,3.516382336294123,-0.0009078025137748867,0.18685096625949074,0.18685274712118424,1.776,4.891552380587806,3.3070264115430756,-0.0012535487651432905,0.22015552827641635,0.22015859704112775,2.409,5.80036399742066,3.6589417413694383,0.15158741658982408,0.03449754765101708,0.15546324406902423,0.362,2.296362732798084,10.970324263698442
c1,294,c1/c1/c_1_294.csv,b791e6fede1f4f9777a328176f67a6d07353bfdb6d6e4a6e5a9090d3b5940112,220303,50000,4.40606,4.40604,163.0516165,151.0606542,146.5299311,153.54740059999997,163.0516165,2,18.36258282456435,45.09058985565211,48.6861018421904,180.93599999999998,2.3168829651966463,1.967540194598982,7.336329941035756,17.39957556501152,18.88294449031403,106.486,3.483884625819072,2.5719413651570635,10.513067098496162,29.14275834150922,30.980979461961454,113.66300000000001,2.3465042507535183,1.7222868204995607,0.0001890351016554474,0.206194826780652,0.20619444545194165,2.178,5.6354573347167625,3.469376744252146,-0.0031053594367757135,0.18502386380224856,0.1850495015914551,1.793,5.252648570467067,3.2986012409323706,-0.003931017734665438,0.2162539024564073,0.2162891373805665,2.535,6.1306823637049686,3.7464271738617128,0.15195094483506805,0.03333884509683252,0.155565301990623,0.332,2.1020111542592614,8.357576530143644
c1,295,c1/c1/c_1_295.csv,37ea7a13becb8d6674fad6fc18cd9ecf2d6e513f6de90521d528531ff049f67d,220359,50000,4.40718,4.40716,163.5546014,151.6403995,146.9640355,154.05301213333334,163.5546014,2,18.564630203440746,45.64815405838097,49.27869729761534,184.929,2.350102708693239,1.970026676729862,7.420995947521998,17.622695893976502,19.121432532391665,111.555,3.695539017816544,2.5766335752346095,10.657241505906272,29.49395458868444,31.36026476571383,113.665,2.322684471708796,1.7212690421791876,-0.0013069445768042148,0.20604762300219973,0.20605130036783212,2.258,5.750995008935151,3.578512433549817,-0.005140262026965089,0.18688208683349827,0.18695234200717226,1.783,4.899644423629946,3.295606239302879,-0.006100041296248394,0.21498077323360068,0.21506681201459643,2.2859999999999996,5.356474991231164,3.7460152599930256,0.15224819952895047,0.03617366928670026,0.15648655747787837,0.366,2.306907416319338,9.335684065373162
c1,296,c1/c1/c_1_296.csv,3943c79ff719c2396ee0f2db98b3184e7e1391321454972dee3d1b57fa949328,220105,50000,4.4021,4.40208,164.0526545,152.2267169,147.4096385,154.5630033,164.0526545,2,18.665581726903067,46.1588698532213,49.789913910523545,183.945,2.3235629651399714,1.9676209177296335,7.527178473910178,17.757424242831384,19.28686337643359,108.246,3.478896422421133,2.5426648460615175,10.804799282160786,29.90779919851008,31.79962384311636,113.88,2.3155934285033912,1.7149298334581269,0.000704886304263874,0.20769465935222775,0.20769538368504936,2.189,5.363624266629233,3.5427109372224677,-0.0023022375684332475,0.18978496131947387,0.18979849366965096,1.8439999999999999,5.12648957948808,3.2512605334362235,-0.003127425546898071,0.21680705705866554,0.21682911986737852,2.411,6.244548706502897,3.6636596067826988,0.15473126008041616,0.034878284290753035,0.1586135304261789,0.361,2.2444491276593057,8.936938443070424
c1,297,c1/c1/c_1_297.csv,58e6b9dc378e6b0eea86697784b188fb8e2919ee2568931db7e3b0bb4827bbb1,220048,50000,4.40096,4.40094,164.5458173,152.8196419,147.866877,155.07744540000002,164.5458173,2,18.712103200210862,46.38382116090997,50.01591641105213,185.18200000000002,2.3110643230053425,1.9672409548315544,7.629056846687995,17.779430798894836,19.347072940391886,111.21900000000001,3.6847951222204873,2.541434346460291,10.877325933432704,29.91384508901509,31.83002169199595,117.099,2.339552285593506,1.7157281286538357,0.0009774003853704647,0.20365559467521857,0.20365747732330847,2.4210000000000003,6.535483093935328,3.5268570301719806,-0.0019043435977604884,0.1894637201055352,0.18947285987825344,1.746,4.9558548944865155,3.1674496344957035,-0.0023420935432269326,0.21420984136192187,0.21422215807868314,2.625,6.525935563988291,3.7210524043128967,0.1621400103613757,0.03466294130652264,0.16580379066760056,0.362,2.1531473952589235,8.296616891195468
c1,298,c1/c1/c_1_298.csv,37747a198bf0c07feebdd1263ec971727ec3bb3650783a497933f209e22fe4aa,220105,50000,4.4021,4.40208,165.0341403,153.419206,148.3358794,155.59640856666667,165.0341403,2,18.680160882306172,46.37052669407701,49.991643175475645,184.881,2.324188456701884,1.9714311094600951,7.68510124713205,17.75305201186931,19.34503049890129,112.167,3.5758537575802127,2.5409989468415017,10.884081870016582,29.82747535490511,31.751180799108127,117.066,2.3541486684520283,1.7194564522583067,0.0008809386429204243,0.2013192511233125,0.20132072121094788,2.473,6.28847339898738,3.613067361576799,-0.002165366529610868,0.1895263037168983,0.18953824262390978,1.7959999999999998,5.054388954639124,3.2120263733155903,-0.00291624906294723,0.20856994667343473,0.20858985959184378,2.841,7.469202975871414,3.7385428318960705,0.16198479362122623,0.037033989694935335,0.16616432687566968,0.423,2.5155820618029714,8.539753099377489
c1,299,c1/c1/c_1_299.csv,fa466b0c728b3e3ad1d44d331cb49c34731472a71709527908ceb624b72a0dd9,219931,50000,4.39862,4.3986,165.5176828,154.0254367,148.8167664,156.11996196666666,165.5176828,2,18.781743596855378,46.72496489751069,50.358378750315936,187.78199999999998,2.315404166963347,1.9709415876502099,7.757359912881768,17.87113255190042,19.48210869836139,116.03,3.6954931888895306,2.5504071121132657,10.977162178137688,29.98264969492875,31.928878538924813,118.963,2.3767511880345378,1.7188901422899596,0.0004166579518121594,0.20195873534740105,0.20195870600656662,2.263,5.733845412746643,3.6501386610823365,-0.003119146459571411,0.19049310738620498,0.19051820921054927,1.8820000000000001,5.500786535536944,3.25879595954186,-0.0036176164342452857,0.21080671176122387,0.21083727092542656,2.532,6.265495631781534,3.7149513301865005,0.16374739350068884,0.034752227031527305,0.1673945060943577,0.351,2.066973451356672,8.482301176926784
c1,300,c1/c1/c_1_300.csv,24c1c9139df34e35dd91cb38cae0ab56c70c49214f0cb6b9e4ed4eb764347c2e,220322,50000,4.40644,4.40642,165.9965134,154.6383575,149.3096502,156.6481737,165.9965134,2,18.757284578934467,46.89070689048471,50.503110179529074,188.035,2.3198571253041287,1.9750208996918879,7.808463163006872,17.940597198711696,19.566186749844928,116.382,3.7491209165005737,2.561894048527338,10.998913263314604,30.022513841791923,31.973791443787228,118.142,2.374382160259931,1.7190804659022523,0.0008397118762538465,0.20317520756803872,0.20317648171840258,2.5279999999999996,6.235957967596021,3.558373005989604,-0.00193243525385572,0.1911767616908212,0.19118609423701757,1.9580000000000002,5.586180335249577,3.2723299103128713,-0.0023345784805875037,0.21202861661972147,0.2120409877239333,2.5469999999999997,6.531756029184321,3.6101642612891993,0.1675237334446855,0.03769154721197098,0.1717115242213041,0.356,2.0441260514793784,8.499597619205113
c1,301,c1/c1/c_1_301.csv,2526e8c786669d01ff16f9ecb77c3b3560d7d556ddb1e1ab28e435fb1d514044,210354,50000,4.20708,4.20706,166.4707092,155.2579876,149.8146348,157.18111053333334,166.4707092,2,19.165888169466708,47.50883793270607,51.228997853580694,189.478,2.3037733499553688,1.9648665774525589,7.96480716316305,17.891679634896015,19.584402761524277,105.98,3.392240284728973,2.5064732045008005,11.26183802542381,30.4911493255463,32.504380676498016,118.027,2.312980540938583,1.6987151266791298,0.0005856888863534806,0.19951111519486064,0.19951150064753656,2.205,5.8793603185425365,3.378718803228844,-0.0028653412818391852,0.18876940016030305,0.1887906968521698,1.855,5.376324241203385,3.1339260999887437,-0.0034405335767325558,0.20614021584098566,0.20616843562344628,2.383,5.980546907054178,3.464350246885793,0.1700196335700771,0.03224938514364628,0.1730511302976413,0.442,2.525265216403827,9.908583918902856
c1,302,c1/c1/c_1_302.csv,810b0aa5ce8ab899dad02eef43481fc3848519c6b27427cca75b332e466e14ea,219899,50000,4.39798,4.39796,166.9403565,155.8843423,150.3318158,157.71883819999996,166.9403565,2,19.045168490989045,47.705182388239024,51.36625857816988,191.50900000000001,2.324288420156408,1.9723515456487022,7.954471693823073,18.167936784736504,19.832953534884194,117.322,3.726121773543071,2.5510331202934613,11.238184075416443,30.52612650037959,32.529016936088254,120.076,2.336560005773726,1.7092281012795252,-0.00022455309028235687,0.2023016550810504,0.2023013197191031,2.3440000000000003,5.887257688944949,3.5403182456299085,-0.0036230451252620517,0.19275933282223753,0.19279294042273293,1.9449999999999998,5.15060353259134,3.237689802608221,-0.004360069850249433,0.20904307196054844,0.20908806140170932,2.4370000000000003,6.327477480687877,3.623454646188695,0.17855985247772843,0.037170947250642135,0.18238775713608912,0.412,2.2315094301878817,9.38475378947334
c1,303,c1/c1/c_1_303.csv,4e273b0c3942ee5b82dfe146e008cde3f987dd080e239164299140f231070b57,220054,50000,4.40108,4.40106,167.4055503,156.5174323,150.8612801,158.2614209,167.4055503,2,19.182381111000026,48.204203647225626,51.8806171408827,196.435,2.386633136297602,1.97383255353623,8.060302080398447,18.313208772336722,20.008512216429942,122.79599999999999,3.859657288090918,2.5659121533998257,11.36337491706581,30.80859260666968,32.837346947675414,119.51,2.312092999503867,1.7107168587977204,0.000821093913312187,0.20560973375689248,0.20561090607555496,2.527,7.042427990020673,3.5050684856986716,-0.00202029501849546,0.19418585660950002,0.19419592462387064,1.967,5.417209460175704,3.222484079969942,-0.0023296781699037507,0.2094698806012369,0.20948235936383142,2.482,6.129394398169508,3.5910913699273515,0.18532126659819864,0.03759518656567678,0.18909617522178654,0.40900000000000003,2.1364789611749564,9.653717175376041
c1,304,c1/c1/c_1_304.csv,d1b2e97e51604126cf7f6bce70e151bde6a3b0bceb821abaab52e43031553a8b,229066,50000,4.58132,4.5813,167.8663945,157.1572644,151.4031059,158.8089216,167.8663945,2,18.659742589472028,48.20085373611037,51.6865374329353,199.837,2.4099118684748424,2.027470288405203,8.017163345935232,18.258595492258873,19.941157491305557,123.171,3.9145671475707964,2.6226748624590863,11.154081478700462,30.761723509267583,32.7214461147698,121.63,2.3679882523598272,1.769448025373939,1.0228493098059152e-05,0.2004032726568918,0.20040283548178628,2.4050000000000002,6.861180365509187,3.5497359188879574,-0.0039062104371665805,0.19029936715344062,0.19033903836434682,1.9909999999999999,5.500710779024918,3.3326001103320158,-0.0045751573782228695,0.20144205442907162,0.20149356368940025,2.545,6.551077740799519,3.714336221514338,0.17706089074764478,0.0511650635425013,0.18430521243641496,0.424,2.2734028759200418,8.87779079581016
c1,305,c1/c1/c_1_305.csv,7cb0bbb96b8dc220af07eff71a73fcb3cb49bdb452eeb4fcc474a7e3ade7eda9,254944,50000,5.09888,5.09886,168.3230015,157.8038408,151.9573629,159.36140173333334,168.3230015,2,16.794387896949917,46.305328020429606,49.256740224089576,198.478,2.512955575965296,2.203136991507673,7.645602167534832,22.491558252423985,23.755492857147026,212.63,4.488646084558903,7.152528811124529,10.169025472260575,29.46710155847446,31.17235550014511,119.31899999999999,2.4512103360185376,1.9642581751370878,8.897640266097764e-05,0.19842045599664468,0.19842008680068082,2.518,6.975100264875255,3.7235529675577674,-0.0015337250533450483,0.18500501634776306,0.18501101084510468,2.051,6.032073414994419,3.567034638354682,-0.001966545594326597,0.19392536687914466,0.19393495742070732,2.722,7.9098684445644345,4.051664825238797,0.1739701777645287,0.07009216459858102,0.18755936398640446,0.47200000000000003,2.4898783514421132,4.38507153534336
c1,306,c1/c1/c_1_306.csv,06f82bf982567e6d9370acadf0d8737a1b533eec64f0c37018cc501ab875c9fc,220972,50000,4.41944,4.41942,168.7754925,158.4571595,152.5241115,159.91892116666668,168.7754925,2,19.64747022247163,50.03305484631133,53.75237980575859,201.51100000000002,2.3329199647187653,1.97613587225821,8.343255168075594,18.801060694192497,20.56910767065925,120.755,3.6821237562986884,2.554723508877531,11.788212886700578,31.879478860183138,33.98909437199659,121.751,2.2797606535771973,1.704147986180565,0.0001647222272505114,0.20451372232989465,0.20451332590656077,2.437,6.322326402293967,3.464334343352664,-0.002909762322828232,0.19505068280850066,0.19507194419174909,1.9819999999999998,5.285229530426795,3.1795262408941767,-0.003768812338214797,0.20307858889383804,0.203113098000695,2.6630000000000003,7.050259259967075,3.618038516025336,0.19600036656227934,0.041159933568655105,0.20027550064139193,0.384,1.8923932222674977,9.790352780144346
c1,307,c1/c1/c_1_307.csv,8a57ed3c87b7a3025a8b7988ec1fe09d3181820dfac5a871804400445986a27b,223588,50000,4.47176,4.47174,169.2239972,159.1172142,153.1034034,160.48153826666666,169.2239972,2,19.499035346261874,50.11477386312129,53.774452169362334,202.155,2.341446447533248,1.9922078123839124,8.372315294201837,18.838880619765803,20.615467471816302,126.635,3.829648787151379,2.581672537965362,11.749464193069397,31.819766580283986,33.919653972890345,119.958,2.2768805383959827,1.7246670037838987,0.0012107671252482243,0.20337475086774853,0.20337790012361245,2.532,6.455962025382122,3.4649473856219233,-0.0015018426749199422,0.19464867486381363,0.19465403335828804,1.924,5.029435985012513,3.166124809735626,-0.0018000697711862887,0.1980170324842603,0.19802477126492987,2.3529999999999998,6.241643366659428,3.761942827896288,0.2024686968889207,0.04985414408401487,0.20851618111337689,0.439,2.081373242511191,9.916145645142272
c1,308,c1/c1/c_1_308.csv,194210ecdcc80e92d383bb9538bdb80bd83a42836feaea3628431bae82f550d8,231187,50000,4.62374,4.62372,169.6686538,159.7839938,153.6952813,161.04930963333334,169.6686538,2,18.705632094365168,49.182219576290876,52.619206869562426,201.882,2.374038063889176,2.042050029636832,8.227989445773336,18.487519822394724,20.23577824291876,119.37899999999999,3.6701331230484846,2.6253044377038557,11.339903437477021,31.024622885731386,33.03205218812493,118.221,2.302914743739333,1.7850875741425383,0.0014896771877311442,0.20142075504994458,0.2014258280756989,2.117,5.292270659547102,3.4384961255724757,-0.001790502926202598,0.1919540955531665,0.19196203093650593,1.8079999999999998,5.12080433408803,3.224005262093505,-0.0020044249892943807,0.19405509976966928,0.1940650318296586,2.159,5.657897198933676,3.7508334162685375,0.2057514393110339,0.06168054649937804,0.21479787740732664,0.416,1.9134267291692566,7.78799479227822
c1,309,c1/c1/c_1_309.csv,afd6e50da93bee2a11415cefcc26c3c2cbd0228f8f881b10e129feaf6437db31,254847,50000,5.09694,5.09692,170.109609,160.4574833,154.2997786,161.6222903,170.109609,2,16.97276268506202,47.46839063815059,50.411446531194244,202.113,2.492291109366498,2.2040008404649414,7.76451269977673,22.878028315205913,24.15967266455961,208.82999999999998,4.341532331845936,6.992884403729462,10.445723712658967,29.791810086828463,31.56994788474275,121.082,2.451096855861362,1.963741212215158,-0.0006836023182536978,0.19592688554217463,0.19592769370714982,2.088,5.8133690977981205,3.5534200635726862,-0.00243416638218225,0.1844753549333943,0.18449105183759068,1.884,5.24686693668016,3.431041993514252,-0.0028140649095339553,0.18469993896676917,0.18472101275889016,2.252,6.474628858607963,3.9984895939314518,0.1941140331257578,0.07878076634215851,0.2094913903919063,0.439,2.0716841832406283,4.112376391813802
c1,310,c1/c1/c_1_310.csv,263cd71b3bd7600bf2232182115641a459752a76a17fa42aa92ca6e3859e3f06,220126,50000,4.40252,4.4025,170.5470173,161.1376626,154.9169196,162.20053316666667,170.5470173,2,19.46646237155084,50.274018050337716,53.911117278659646,204.05200000000002,2.364076398959185,1.974425271825119,8.42165004133996,18.73142010654982,20.53749484951472,124.782,3.86556396394548,2.5692378313538207,11.80903338542471,31.298451289431533,33.45208323061537,119.001,2.3070312084291773,1.706836314923148,-5.677657341704286e-05,0.20669796170966376,0.20669750000774967,2.029,5.2637308141569585,3.294335171322614,-0.0032212550993521885,0.19953896806729565,0.19956451434175773,1.866,4.7703871759970475,3.0490856709495286,-0.003915425710729311,0.19622332401639456,0.19626193856779042,1.964,5.34489778127646,3.545293213012508,0.23152553991804692,0.0456034260503299,0.23597402114263616,0.416,1.7417171517858236,8.966626873375713
c1,311,c1/c1/c_1_311.csv,1d8e8c27cef86b7c0acc05cc7b24dfd4c626999a92f7cf82fef25b02cb7d1836,219501,50000,4.39002,4.39,170.9810419,161.8245077,155.5467195,162.7840897,170.9810419,2,19.62335754734603,50.8798236270181,54.532749975790956,203.968,2.3072373950672946,1.970324217874669,8.527314230914664,18.925322477684666,20.757680196506687,123.214,3.668136288794638,2.557673018643963,11.945295000933935,31.61704031005581,33.7982655840769,119.414,2.273933252841473,1.7031961013705414,0.00019943872693062908,0.2127284316059671,0.21272804052243272,2.2039999999999997,5.462373447084255,3.2744367081418155,-0.0028991667463929556,0.2029241699910324,0.20294441686122333,1.814,4.833835860933409,3.0601925828909193,-0.0036685937649486786,0.19740520530261793,0.1974388414854704,1.851,4.755903108705697,3.484535100268431,0.2397773313105635,0.04251386336105158,0.24351712250689203,0.423,1.7165117413383106,9.252667698907372
c1,312,c1/c1/c_1_312.csv,05d8b8dedc2265972e8b572a9c24887d54197fafe4ceffcdfa2d3bae774568a9,213046,50000,4.26092,4.2609,171.4118535,162.5179895,156.1891839,163.37300896666667,171.4118535,2,19.879312730584008,51.39348037715729,55.10412418479532,204.011,2.3096274894632507,1.9594746079370118,8.603225129784178,18.92621884148276,20.78979463424664,116.845,3.5021028962000784,2.522847536206384,12.125163908263943,31.8999901671872,34.126590746683945,120.09200000000001,2.2654768117296467,1.6843698423848972,0.00035000422443979233,0.21339543319761214,0.21339521941016892,2.041,5.145382370958949,3.2239532522683674,-0.0029966579987420554,0.20249540624350437,0.20251710308410464,1.7759999999999998,4.6712104093604845,3.005820886923001,-0.003485392825962468,0.19864783188271057,0.19867794002386333,2.036,5.486265862576789,3.466198514159909,0.24788394994508228,0.0364350611892212,0.2505473210655532,0.393,1.5486096532578117,7.274928594030302
c1,313,c1/c1/c_1_313.csv,d6e494d793bf49107ed4c3978461393353efedfc6ec282502446cc67e119e9ca,219214,50000,4.38428,4.38426,171.839631,163.2180749,156.8443093,163.9673384,171.839631,2,18.62516369848641,48.92691842408682,52.35197368917364,197.655,2.326177819446453,1.962852166109653,8.172301353928125,18.19059091081594,19.941980785046162,116.341,3.7005852525611673,2.5280746936407037,11.2977879560612,29.73494032497004,31.80884555403035,112.17500000000001,2.258868523786962,1.7069566138504169,-0.00029378141906994987,0.20084770083711287,0.200847457586349,1.936,5.033670887097724,3.1872287565618085,-0.003510122528670614,0.19025551434535654,0.19028745774878603,1.818,4.829535329718088,3.0234998889254503,-0.004410270329449762,0.19001227891865605,0.19006302092645747,1.7690000000000001,4.672134514496645,3.3425871146376194,0.24551311960002556,0.04338982297732747,0.24931778926790416,0.453,1.7969034673197832,9.736607411864716
c1,314,c1/c1/c_1_314.csv,8b2a7e74d6e7929e10cac120679f624b0df7588e5e940ffda4b55a2a77d0842b,219002,50000,4.38004,4.38002,172.2645609,163.9247258,157.5120827,164.56712313333335,172.2645609,2,17.55321664642332,47.09152853382604,50.2565154810641,188.548,2.3433777466003183,1.9478102671296036,7.597779143569466,17.546318073949806,19.120620284537335,122.247,3.9896718236537,2.562550248321763,10.685903457502672,28.069771587397383,30.03492986395247,105.063,2.264663187432161,1.7151712286203014,0.0006867745500041098,0.2085275196291416,0.20852817447038025,2.241,5.893688002215594,3.3781518608931633,-0.0024613382526186976,0.1963572823765968,0.19637225994090163,1.682,4.343790717979775,3.0593232484777255,-0.002945584971826741,0.20477238347894652,0.20479310056528074,2.136,5.385923631975106,3.8252121517224102,0.2407299705025525,0.04172804741180852,0.24431975091713906,0.435,1.7599886967215939,9.865627992042361
c1,315,c1/c1/c_1_315.csv,30eebd06513efdb0a8c7ab17fbab984c6b9075976ee49a32a1cb4324a77ef083,252492,50000,5.04984,5.04982,172.6868372,164.6378999,158.1924817,165.17240626666668,172.6868372,2,15.121602537902191,44.347073320855706,46.854220582876565,189.876,2.5321091360413837,2.1766247864805073,7.684081677835338,20.593380760310822,21.980235730396128,206.51999999999998,4.706500934243421,7.053773524426134,9.44642739967999,26.313096850620504,27.957312358403982,106.858,2.463970753586864,1.9717988243344162,0.00038266558940481296,0.20340064923198004,0.20340060640751428,2.254,5.909520238065496,3.573927168527712,-0.00311580960980942,0.18708542013882062,0.1871109940009147,1.792,4.9008344212821475,3.467967601179003,-0.0036141184671197504,0.20092367188441493,0.20095577595153022,2.237,5.757485668284867,4.123832583269039,0.2174911284317919,0.0843178694908038,0.2332635117301082,0.413,1.7490948197335994,4.367027362924459
c4,1,c4/c4/c_4_001.csv,28ea2a40c36f8008bcfbe0de34e7fb6294c5a4442bd85fb240413dd59eba9c08,165597,50000,3.31194,3.31192,31.41635516,19.48369225,21.74806264,24.216036683333332,31.41635516,0,1.8404416444742355,1.697719483308203,2.50388887243503,10.940000000000001,2.7852673801844055,2.272989215035958,1.2881005030284365,2.498914991334891,2.811359338530767,18.569,4.07382999498933,3.486011443186384,0.34306714493620055,1.411209481626996,1.4523068686441174,10.221,3.8318348003101566,2.9384317442748746,-0.010536465032579092,0.07527409888305209,0.0760077156694992,0.642,4.446916961295215,3.040738111546879,-0.018431535595451607,0.07394160014728815,0.07620399412556657,0.635,4.422340375554357,3.0352956144217935,-0.022516603561658726,0.07566073165863102,0.07893990867697799,0.62,4.26907005148693,3.0300300337803314,0.031738745267124405,0.011924385130932868,0.033904838197897386,0.10300000000000001,2.890442934072975,9.686985320089603
c4,2,c4/c4/c_4_002.csv,28ea2a40c36f8008bcfbe0de34e7fb6294c5a4442bd85fb240413dd59eba9c08,165597,50000,3.31194,3.31192,34.8927704,23.473047,24.92595987,27.76392575666667,34.8927704,0,1.8404416444742355,1.697719483308203,2.50388887243503,10.940000000000001,2.7852673801844055,2.272989215035958,1.2881005030284365,2.498914991334891,2.811359338530767,18.569,4.07382999498933,3.486011443186384,0.34306714493620055,1.411209481626996,1.4523068686441174,10.221,3.8318348003101566,2.9384317442748746,-0.010536465032579092,0.07527409888305209,0.0760077156694992,0.642,4.446916961295215,3.040738111546879,-0.018431535595451607,0.07394160014728815,0.07620399412556657,0.635,4.422340375554357,3.0352956144217935,-0.022516603561658726,0.07566073165863102,0.07893990867697799,0.62,4.26907005148693,3.0300300337803314,0.031738745267124405,0.011924385130932868,0.033904838197897386,0.10300000000000001,2.890442934072975,9.686985320089603
c4,3,c4/c4/c_4_003.csv,d23478fb1de02e998192f8a30e5c3e9dd24f95d1ab08e954ed6706a1a10d2b6e,216750,50000,4.335,4.33498,38.10284657,27.17286849,27.89865916,31.05812474,38.10284657,0,2.453194731257209,2.6110674253153077,3.582709314879597,15.299,2.7255909262424125,2.3624812735730503,1.914360212226067,4.49377909290163,4.884540141147117,30.592,3.9008789874588343,3.4576874711142653,0.6358749434832757,2.1285920762977857,2.2215355651444892,14.328,3.5407940900952415,2.6413893683804655,-0.005737605536332181,0.08320396920367978,0.08340137090583986,0.761,4.568270231794498,3.1218788642799407,-0.010428618223760093,0.07996355996063596,0.08064054500946344,0.7110000000000001,4.613064060471622,3.033575379838196,-0.013221850057670126,0.08545393526264103,0.08647056539949012,0.733,4.382994354773062,3.051327029709114,0.05629435755478663,0.017970000416586203,0.059092927814139135,0.169,2.7752898031354576,8.726229048686639
c4,4,c4/c4/c_4_004.csv,42259c1cf644204a708ae54fcbedc501a497df23c72d02b9e459229f91432ab9,223334,50000,4.46668,4.46666,41.06102301,30.59930868,30.67784802,34.11272657,41.06102301,0,2.8981477607529524,3.135452735081595,4.269693229908973,17.480999999999998,2.6990229460222093,2.42683643308727,2.306754717150098,5.50299263677151,5.966901179897369,37.811,4.001742157293562,3.611898717623018,0.8941893218229199,2.729135546342034,2.871884751100904,17.137999999999998,3.484819506132183,2.5278430253911646,-0.001712506828337826,0.08415682473499113,0.08417405845685567,0.794,5.025301235971807,3.2140830211667195,-0.0048714571001280595,0.08136869094450655,0.08151420314724547,0.719,4.575889668285427,3.122059206898314,-0.006356206399383882,0.0881803244282897,0.08840891447866016,0.812,4.76196323054752,3.1438452367436867,0.07463035632729455,0.02434486166573781,0.07850069885876346,0.194,2.4076218778643512,6.930230407819623
c4,5,c4/c4/c_4_005.csv,d94bbd666e91f32540cf3840f8cb856a5decb675fe39bf6c07386b5cb87fe45f,232582,50000,4.65164,4.65162,43.78119133,33.76786983,33.27472071,36.941260623333335,43.78119133,0,2.490281990867737,2.8576417719925873,3.7904598375894363,16.52,2.9315704363370165,2.2783823064173347,2.0527576553645597,5.485755799891819,5.857234953359651,43.400999999999996,3.9807178960144287,3.1505134452199375,1.37033479804972,2.8076614232541535,3.1242192997793037,17.395,3.4210146518059745,2.436162983290295,0.011647784437316733,0.08290537739991188,0.08371942983534456,0.77,4.670361477246088,3.1950941385901297,0.015103202311442845,0.08003768008830688,0.0814500424240187,0.689,4.235725233928956,3.0689229728567984,0.020129967065379093,0.08674091533622634,0.08904588489984944,0.75,4.390994602836061,3.082443427506016,0.07491711740375437,0.02376774102977466,0.07859693101452397,0.23700000000000002,2.9517691976691633,10.314776069987047
c4,6,c4/c4/c_4_006.csv,4550bd3c1d9e0228172b17535c7b8e2b73e1a8541f8eae26782d02582704852c,223178,50000,4.46356,4.46354,46.27671037,36.69342355,35.6999933,39.55670907333333,46.27671037,0,2.703387506833111,2.827251187607835,3.9117281952999035,16.439,2.8836359370657108,2.329532978473516,2.340556188333976,5.46254574127045,5.9428507926707175,35.994,3.7559415133774445,3.2351249043715042,1.577809515274803,3.0573248350478597,3.440447083021372,18.363,3.2077226400204584,2.393390729599612,-0.0030659563218596816,0.08322054596669869,0.08327681746539588,0.77,4.851290098446361,3.182474182090566,-0.01143105951303444,0.08028958830460485,0.0810990642798386,0.671,4.303378874949142,3.0372442085646063,-0.013410636353045553,0.08609678041174218,0.08713476660073761,0.8,4.6938784133558205,3.0354256038195335,0.08637697264067248,0.029264348699004104,0.09119966924303596,0.262,2.8179926762138408,7.809690300078666
c4,7,c4/c4/c_4_007.csv,0de934841753f982490b76f3221f0fb30d90e80df25b9cd1eda739d27f5538c0,223334,50000,4.46668,4.46666,48.56042098,39.39022937,37.96391852,41.97152295666667,48.56042098,0,2.843566116220549,2.8238377738665523,4.007479547769964,17.18,3.06676549524476,2.3676909816743916,2.494697994931358,5.5420515073873435,6.077640617047594,38.1,3.771200280534869,3.3189139069030635,1.7109777373798882,3.2431623076296043,3.6668105317293893,18.682,3.1793298015050975,2.3610934921201334,-0.005828964689657643,0.08466319995853873,0.08486343241811864,0.761,4.713455355296219,3.1824474062999046,-0.010959907582365426,0.0818029940951815,0.08253374736597319,0.755,4.725339784593232,3.0678357609084346,-0.01399503882077964,0.087691853136552,0.08880139518051848,0.744,4.403083974133087,3.034915816818013,0.09609022808887135,0.032435809226589014,0.1014170051991055,0.253,2.4453492736560056,7.149417648328726
c4,8,c4/c4/c_4_008.csv,9d9f394a71382949e6baa68b45606e8cb18da4ab64371c96ab52f6d76a122c8e,223178,50000,4.46356,4.46354,50.64466037,41.87195302,40.07630017,44.19763785333333,50.64466037,0,3.00804145121831,2.876927674247927,4.162329771822381,17.606,2.929849547855671,2.373620645374562,2.6388934975669645,5.665001679132177,6.249468706973639,38.528999999999996,3.8016031624398714,3.381671994817157,1.8385072722221725,3.464519318949832,3.9221103145732714,20.058,3.2645690643693905,2.346554791661858,-0.002287738934841248,0.08502795896927172,0.08505853961449741,0.8029999999999999,4.90250599046173,3.1452576760838893,-0.006153110969719237,0.08203061771459028,0.08226088296585413,0.683,4.20613039302802,3.0262690403644963,-0.0074069666364964286,0.08804800069598127,0.0883588073973896,0.759,4.459091420598328,3.0027482743367795,0.10360883241179686,0.03412659474343798,0.1090844141211417,0.267,2.401809663743903,7.0306544495848495
c4,9,c4/c4/c_4_009.csv,4b4828aa3cb030b7eb5df5bfa90354501bff4dd42133eeed9b2d7943c10324e0,224091,50000,4.48182,4.4818,52.54127629,44.15168423,42.04650728,46.246489266666664,52.54127629,0,2.9628131517999385,2.4670141395508827,3.85543685954063,16.248,3.0157412567211233,2.8240234036807768,2.5476019340357268,5.4312911470606196,5.999088889181152,48.342,4.1716334700644735,3.6943495169009144,0.23029351915070215,3.547876146947001,3.5553345957863796,20.101999999999997,3.1898544832997815,2.314896955417085,0.007316862346100469,0.08645126545579201,0.0867601545744075,0.8109999999999999,4.748723674145363,3.0780187504138894,0.009887679558750688,0.08360762604412703,0.08419008341875388,0.7030000000000001,4.442328416991319,2.982921231571741,0.013403893953795556,0.0877547025871025,0.08877228077656157,0.728,4.325674598431485,2.9774501078673796,0.11489419923156219,0.03687000068072568,0.12066510639363251,0.302,2.461357793288886,6.822341869132219
c4,10,c4/c4/c_4_010.csv,6c633537f330a8f593583fe77eed7f878e6171911ec95422baaa0ff4e4970d82,223045,50000,4.4609,4.46088,54.26164088,46.24195416,43.88348786,48.12902763333333,54.26164088,0,3.084145674639647,2.5104259842434757,3.976702768538943,16.326,2.9388668653991084,2.7961665515456593,2.724180609294089,5.506185015536318,6.143215565916096,39.325,4.2832617084105395,3.6956443109233854,0.37300968862785533,3.7868942604357985,3.8052122244397384,20.996000000000002,3.152780789188803,2.2757269383996537,-0.0025882445246474925,0.08567014853117298,0.08570904534365147,0.815,4.993638632701237,3.125657853392472,-0.009604205429397656,0.0827090548340608,0.08326462540289543,0.735,4.455673681408274,3.0368036555364895,-0.011574310116792576,0.08726844778286208,0.08803245133762484,0.738,4.202995536054815,3.0299660602217555,0.12009185142011702,0.03838955586481381,0.12607856348151417,0.287,2.236700611213319,6.4563825138602375
c4,11,c4/c4/c_4_011.csv,1aecfbb2d14c48b98df22403c31d3250e286d59a9c891f5a666df62696f0f8d5,222889,50000,4.45778,4.45776,55.81666418,48.15475251,45.59578247,49.85573305333333,55.81666418,0,3.1589454436961897,2.532651907241036,4.048855791626042,16.942999999999998,3.091490693713521,2.8055376854281993,2.830361893139635,5.489338793135424,6.176054860493122,38.845,4.050967901862578,3.8033321806538916,0.4788748435319823,3.8857698901346667,3.91515785271475,20.739,3.0106065817568393,2.27969041449378,-0.0031957207399198706,0.08322964867698278,0.08329079163334496,0.754,4.730414878687076,3.112211918960747,-0.007303213707271333,0.08030622157573893,0.08063744304069276,0.6819999999999999,4.266008283849034,2.989253286664381,-0.008747829637173661,0.0851719470989776,0.08561981400047129,0.751,4.543340867312078,3.0395430722020613,0.11596668296775525,0.03959292366358488,0.12253923506240318,0.302,2.423713513869681,6.582035314069874
c4,12,c4/c4/c_4_012.csv,9cb7a90d0699b1a296bb73fd0374d2ff752e27075e742f0cfeec5a09d35ac032,222912,50000,4.45824,4.45822,57.21680745,49.90154413,47.19153732,51.43662963333333,57.21680745,1,3.298163329026701,2.5681275450566248,4.180087420819923,16.705,3.0018510946689037,2.8095464947760282,2.9722293640539763,5.579959315329597,6.322179503548009,39.805,4.2143694251400765,3.8185634411112113,0.6002173548306059,4.092071732098337,4.135847774534198,23.293999999999997,3.1016615454239633,2.285896231052019,-0.0020272887955785244,0.08380013886975701,0.08382446940573345,0.774,4.676438786658015,3.1714073137273995,-0.006014377871088142,0.08084044262937792,0.08106368230220994,0.728,4.551976785662751,3.025809027260754,-0.007113215080390468,0.08589236311152383,0.08618620988099307,0.8,4.826758254881119,3.0529524485467556,0.12159359298736722,0.03954762189484474,0.12786324427617532,0.359,2.768582965370296,6.887863699441631
c4,13,c4/c4/c_4_013.csv,c27e4a01ea880328a179be3712b9a1e1304f709ef7497009ca09e251686a2ba3,223912,50000,4.47824,4.47822,58.47209617,51.49328539,48.67851721,52.88129959,58.47209617,1,3.1106622378434383,2.3020885171458154,3.8698588385678137,15.299,3.1114830029449405,2.8826781342300647,2.6701600986101686,5.170210918416488,5.81899617726632,45.29,4.496480011831171,3.7717818815708584,1.5423771035049483,3.8919769246811686,4.1864476423803945,20.789,3.172140471927425,2.190713689533387,0.017388835792632822,0.0879300069423238,0.08963271278433446,0.8009999999999999,4.6076927404141,3.1166066352712662,0.023306106863410624,0.08489467730518588,0.0880354966172962,0.736,4.6799304352314515,3.09837008597661,0.030822702668905643,0.08926777834133534,0.09443907909926308,0.769,4.256712410097367,3.0476842403696964,0.11927246864839759,0.03937575384819403,0.12560400011235517,0.304,2.380497434257976,7.0313341102764255
c4,14,c4/c4/c_4_014.csv,2b191762a6b29ae8060394eb492d5cf5ac96bc233142470008ee51122fb82478,222889,50000,4.45778,4.45776,59.59213275,52.9404401,50.06411807,54.198896973333326,59.59213275,1,3.211205810964202,2.2917075998117733,3.9450909901356126,14.663,2.9241404137052487,2.8162783471762185,2.843583927425759,5.215254194957938,5.940094598703328,38.388999999999996,4.399424885540478,3.7310534698755013,1.6748490504242022,4.098377619844138,4.427385582656531,21.913,3.1178671345171813,2.18937171559225,-0.007385173786054943,0.08824603458001389,0.08855432497991174,0.79,4.742851352492107,3.122402876368179,-0.018390943474105945,0.0845798246091078,0.08655600174001585,0.708,4.216923063247921,3.076832418642912,-0.022176962523946898,0.08894077443768386,0.09166375256216004,0.746,4.614692156675023,3.063441892020381,0.12081200059222302,0.03775786276653361,0.1265748367233028,0.3,2.330637017884374,7.142007810486882
c4,15,c4/c4/c_4_015.csv,138362772b8d2c4aa6d7196406009ad69e66e1777068f92c891c476c401e8429,223045,50000,4.4609,4.46088,60.58610902,54.25299511,51.35537927,55.39816113333334,60.58610902,1,3.2965001412271064,2.303408360544365,4.021514574013628,15.501,3.039899464494287,2.8553310070272433,2.9520118899773586,5.297033639891477,6.064059183660042,38.133,4.299265427726994,3.8032745745302123,1.7760812302450177,4.235650027422562,4.592941895534447,22.848,3.1883704024729416,2.1992443372871997,-0.006405129009841064,0.08701208032306867,0.08724731431683161,0.8069999999999999,4.676361710325899,3.1181521772458907,-0.011402098231298617,0.08364567671682711,0.0844190482588951,0.695,4.122292387527975,3.075956879741631,-0.014292882602165482,0.08815469648173885,0.08930566702757782,0.753,4.3558266003419,3.087313970139058,0.12234052321280459,0.03976605407608673,0.12864111157398,0.308,2.355390094913384,7.503563169280381
c4,16,c4/c4/c_4_016.csv,783aa9920153235b5fc709c3a163e8fb1f6ac1f1a313cd2ebae9844113445b13,222889,50000,4.45778,4.45776,61.46281844,55.44047554,52.55899557,56.487429850000005,61.46281844,1,3.403806509069537,2.3234594047025965,4.121205907992492,15.812,3.0262986801538676,2.8481032345770694,3.053628981241784,5.360833497036662,6.169526464931739,37.081,4.09561416806072,3.817548416677163,1.8749643454813831,4.375556210334368,4.7603463686628205,22.993000000000002,3.079187702914447,2.191368661804373,-0.0021938363939001024,0.08539651016947,0.08542449384621065,0.8200000000000001,4.90491639030749,3.1084719704827806,-0.005557582473787401,0.08178507578870381,0.08197350386049648,0.7070000000000001,4.464857335156288,3.047488065537539,-0.00684353646882529,0.08693838602680455,0.08720712726504076,0.765,4.414776774264151,3.0701807598880344,0.12507324722171126,0.04010386660506439,0.1313454607950749,0.296,2.2155314560433728,6.836961713674486
c4,17,c4/c4/c_4_017.csv,f6b1c1e40541f9803f8f183d01e3803a31b17f3cf6bff8ab1f737dfa35d92e14,223334,50000,4.46668,4.46666,62.23066801,56.51195964,53.68132888,57.474652176666666,62.23066801,1,3.476894749567912,2.361290603809852,4.202911544334137,15.868,2.9755563180622002,2.9126010278458394,3.159386868994421,5.392796153678071,6.250107641029604,39.855000000000004,4.3040858726024265,3.840521769942945,1.9758053856555653,4.516606239191229,4.929852685433524,22.978,3.0343705896527267,2.1951910930222045,-0.00221784412583843,0.08625494798058003,0.08628326356102659,0.8460000000000001,5.1574312518355265,3.130577694310351,-0.006139311524443211,0.08244380404280498,0.0826718908510682,0.7370000000000001,4.765827852054132,3.07492826865056,-0.007078966928456929,0.08764472253071076,0.08792994236976363,0.845,4.992611028378866,3.0638755641299724,0.12576484995567178,0.041108761727333895,0.13231296311510027,0.327,2.4336239807424556,7.14864223143029
c4,18,c4/c4/c_4_018.csv,561bba53b6e9bcaec8c5b5e0edd52de4c16412d21dacfe7091744736140146d4,223334,50000,4.46668,4.46666,62.89769001,57.47609342,54.72841962,58.36740101666667,62.89769001,1,3.606957247888812,2.4023399306045223,4.333745711159271,16.131,2.984715962150881,2.937104317793075,3.2673964868761582,5.553888498661862,6.443711596856099,40.045,4.2984543277067075,3.8756098722041594,2.093847967618007,4.715568073736682,5.159523427900461,24.841,3.1671529799893867,2.191009035651348,-0.0003190826296040907,0.08727418371067307,0.08727457161849315,0.844,4.926979210848222,3.1811895769972747,-0.0038814287121530983,0.08370977070475777,0.08379952162333047,0.736,4.463032637359058,3.141252772413846,-0.004087384813776676,0.08900651674912272,0.08910011933872662,0.7969999999999999,4.635235093568421,3.0704512079981394,0.1270784117062337,0.04153516341126634,0.13369399686134678,0.324,2.3860458022721316,6.955404814976342
c4,19,c4/c4/c_4_019.csv,22dfe21627547132bc7c0ed3b65393054d3159ee070e0f9a3d8b55d85bdba304,222889,50000,4.45778,4.45776,63.47155339,58.34110474,55.70599795,59.17288535999999,63.47155339,1,3.8132843343547687,2.4794200824364374,4.548475984186784,16.329,2.939885809332411,2.962517484957944,3.4657817254328385,5.752165878994411,6.715571965207019,42.649,4.424195013310993,3.903995948177931,2.249769297722185,4.977373712461127,5.462197343181498,25.947000000000003,3.1501974240238004,2.1681601778699715,-5.256428087523403e-05,0.091506026993796,0.09150583681834422,0.881,5.201853964189703,3.0980613793228593,-0.0034532390562118367,0.0877067948355471,0.08777455330385238,0.783,4.488772487808349,3.0520796857868486,-0.003985073287600554,0.09362386786411757,0.0937084314056926,0.8320000000000001,4.834143451178089,3.030949982881161,0.1299218579651755,0.042132880874289964,0.13658279856365196,0.327,2.357544312946097,7.310016240531579
c4,20,c4/c4/c_4_020.csv,35a029bb9e58ed29f5cdc35776b3f341e41b45161b8d6b953e09f14e18bc8abc,223178,50000,4.46356,4.46354,63.959575,59.1148173,56.61949457,59.89796229,63.959575,1,3.9296936167543395,2.532027193808502,4.67478608120963,17.331,2.9956450962086327,2.960857561994784,3.5916613734328653,5.829225669261216,6.8468789291185,42.646,4.4011293776271865,3.968517695605828,2.372836395164398,5.126077880339951,5.648620119541253,26.858,3.07862798913309,2.178774828303668,0.00014187330292412365,0.09345654755196019,0.09345644586179337,0.861,4.654574609474161,3.062144497116567,-0.003108859296167185,0.08964537179168766,0.08969906176403697,0.771,4.336723175804295,3.041128237566079,-0.003359717355653335,0.09604179018527258,0.09610032170783335,0.794,4.34962123509653,3.0051460281599534,0.13365279283800374,0.04440547553785025,0.14083645286584529,0.327,2.2863398889115967,6.928117350876331
c4,21,c4/c4/c_4_021.csv,4698f991ab2418d3dce6ebead4ac9d0e43e64431cbbe0434ce60062637382b8f,223646,50000,4.47292,4.4729,64.36873051,59.80466414,57.4740514,60.549148683333335,64.36873051,1,3.495281645994116,4.071719923761286,5.366173943534207,22.541,3.2380612672715605,2.670754097069938,2.937880963665793,7.069260180107315,7.6554138096779845,55.303000000000004,4.191020994768352,3.908634372638615,1.8355722525777345,4.701674943822945,5.047273910659837,24.891,3.190038877421474,2.2718938225862377,0.014233270436314532,0.09095516121972737,0.092061883258131,0.948,5.496302944197153,3.1181951589124695,0.02009219033651396,0.08766968464910173,0.0899424001919997,0.7969999999999999,4.53623651502566,3.0240568870534545,0.02704872879461291,0.09943732033056077,0.10305032844284734,0.89,4.395910297862253,3.027338804452369,0.12181102724841937,0.03965547183369434,0.1281033792458833,0.297,2.279409034476221,6.21262847191643
c4,22,c4/c4/c_4_022.csv,eded941cf3aa8a9889dab675da9f7035d3826c082cf7e35a11f5c6cfde9cd291,223334,50000,4.46668,4.46666,64.70566514,60.41770086,58.27453188,61.13263262666666,64.70566514,1,3.5276633204079983,4.0197979986656405,5.348187739759713,21.511,3.112830141738437,2.640061341599876,3.005890979429912,6.876001627947448,7.504303250108385,50.352999999999994,4.432523432407876,3.973798211231329,1.935700466565771,4.803118262162903,5.178491869128764,26.874000000000002,3.363720643039379,2.2562540512627898,-0.006533084975865743,0.09135700362998958,0.09159009739626274,0.8300000000000001,4.7385035319081235,3.113128585144915,-0.01680920504714911,0.08789323595058524,0.08948595258331973,0.784,4.80522347459653,3.0081554279441085,-0.020448364333240796,0.09931871916510848,0.10140167361803783,0.9339999999999999,5.0295027863255966,2.999503529890494,0.1178960838922869,0.0379939074943528,0.1238669331994917,0.328,2.6076370154397708,6.60738133859699
c4,23,c4/c4/c_4_023.csv,dc25638386ef62c31ade0840cafb89344c4f55b28919f3ec19e3ce88c0bd2615,223357,50000,4.46714,4.46712,64.9767041,60.96061858,59.02553109,61.65428459,64.9767041,1,3.6023399311416244,4.031871151311364,5.406733318741952,21.901,3.108531345857221,2.5913053338986183,3.0879812855652613,6.862269175954909,7.52503527111682,49.278999999999996,4.344165684574705,3.9803479298426327,2.0511373093299072,4.944542989137051,5.353088844193541,26.21,3.219262840872241,2.2454868392466425,-0.005481668360517019,0.09146631978299966,0.09163022910882579,0.869,5.10748477387494,3.1307926207876715,-0.010264370492082182,0.08825269077979121,0.08884739647912702,0.823,4.862269656956014,3.0554499057274604,-0.013074016037106515,0.1000863652725545,0.10093644317127247,0.9430000000000001,5.151756725939371,3.022344164846582,0.11508656993064915,0.037538083844202486,0.12105378973137304,0.299,2.4286724162242823,6.742561402780986
c4,24,c4/c4/c_4_024.csv,a799afa4235d404542d5fa584baa628b66348ecd981096250187371844e00bc2,223201,50000,4.46402,4.464,65.1878629,61.43975654,59.73138559,62.11966834333333,65.1878629,1,3.7004543169609456,4.047527847872459,5.484138075698987,22.168999999999997,3.1182657628145827,2.5731942889798654,3.22103665306159,6.90996903167747,7.623813692424847,50.166,4.291028259584202,3.9594798472986787,2.16738647228283,5.08773037044031,5.530140004632,26.205,3.068638404414005,2.237143207510643,-0.0021542511010255332,0.09358806129174736,0.09361264216295527,0.8420000000000001,4.753631451031696,3.1549710682189183,-0.005997056464800785,0.09013235933956752,0.0903314479535202,0.8089999999999999,4.6606138785312545,3.072092717359928,-0.007151522618626261,0.10169985584447017,0.10195076564585874,0.9710000000000001,5.169161768050016,3.046891349645824,0.11612538026263323,0.038288196324036794,0.12227462267732027,0.292,2.3471755112864745,6.184020778640644
c4,25,c4/c4/c_4_025.csv,33538eccc69c994cac494c4e8abad30a8b2ea047251f7617f8e1ddcd63dae79c,222912,50000,4.45824,4.45822,65.34485725,61.86111439,60.39618301,62.534051549999994,65.34485725,1,3.7746895007895493,4.053179035071738,5.538634075230505,22.028,2.974199013014672,2.5374955506640546,3.299098774404249,6.826904286360437,7.5822467499804675,49.685,4.297011304740766,3.9746943621192807,2.277243122846684,5.1829081505384895,5.661117613167001,26.12,3.056993544834427,2.1968591678532166,-0.0015952976959517655,0.09339205390410388,0.09340546867971876,0.837,4.710644957082023,3.146490569877861,-0.005014422731840367,0.09008241367422552,0.09022166749134938,0.776,4.367021924503639,3.0723481071029264,-0.005832126579098478,0.10171993567898487,0.10188676360448613,0.907,4.554075363520231,3.021117721624483,0.11458256172839507,0.03735125873008839,0.1205166947869289,0.289,2.3565199867296913,7.4671248289993555
c4,26,c4/c4/c_4_026.csv,fa975a26bfa925cf12d368311ced291670f56d794d5ee58ef42235ef78e123f0,223201,50000,4.46402,4.464,65.45311297,62.23036422,61.02377139,62.90241619333333,65.45311297,1,3.856492842774002,4.0681781509185635,5.605580823182894,22.074,3.0260914140861987,2.527504575679248,3.3790631807205163,6.89690111468797,7.680175769547409,49.626999999999995,4.34885880248132,3.969016389033827,2.370491682384936,5.330780841893215,5.834066153533808,27.356,3.0152212088553005,2.235108934118477,0.00031136061218363733,0.09300602501205736,0.09300633784386354,0.8220000000000001,4.569581061383991,3.090775502064612,-0.003035308981590584,0.08960482674715974,0.08965602101827451,0.775,4.349958826753048,3.051507696457487,-0.0031969256410141525,0.10135468357802023,0.10140486276307141,0.919,4.59544036945044,3.006136173267181,0.11595567224161184,0.036157450972759186,0.1214622300491989,0.276,2.23114625748457,6.174379139927217
c4,27,c4/c4/c_4_027.csv,53ece9f3606f83af716372958b23f05309b609af3fc9c2e571efe07e5f6b8edf,222912,50000,4.45824,4.45822,65.51777545,62.55286224,61.6177683,63.229468663333336,65.51777545,1,3.9100612304407116,4.058365626019379,5.635497892210138,21.714,2.9811030580319056,2.4888569460938212,3.4170405361757106,6.858676280249373,7.662727667853238,50.204,4.279416080199401,3.9992118775415455,2.42714063397215,5.367390588402877,5.890650570755661,28.737,3.2918265592373257,2.2187332237077393,-0.0016137444372667244,0.09253781248643249,0.09255167473100595,0.8220000000000001,4.592029276998266,3.0899471046136253,-0.00540063791989664,0.08902445126003077,0.08918791542783162,0.8160000000000001,4.843705539340275,3.0324102598275777,-0.0062798907192075796,0.10128352044633898,0.1014777932442,0.8959999999999999,4.631555190296405,3.0001240424024096,0.11412970589290841,0.03605488857518221,0.11968934340898818,0.28500000000000003,2.3393895565390257,6.448816703512473
c4,28,c4/c4/c_4_028.csv,53f29580b5de4c29ad8525e9f0fe0a43139b0f7410473f885f0ac05f725e4d10,223334,50000,4.46668,4.46666,65.54371906,62.83366026,62.18156971,63.51964967666666,65.54371906,1,4.026787018546213,4.1050521753208535,5.750338390111944,22.002000000000002,2.9194803611676114,2.4699117203630028,3.5524311882651096,6.9110494291768525,7.770595710633505,50.943,4.38782318237739,4.076642627166043,2.5653582840051223,5.563759762254252,6.126691375566153,28.29,3.1326859512694845,2.2137878223676513,0.0004230166477114993,0.09202584853077779,0.09202661474378232,0.834,4.54216425502321,3.079933336231994,-0.003156505502968648,0.08885648189816635,0.08891233069459278,0.778,4.6225309446870115,3.0152672875855946,-0.003212488917943529,0.10131666105890326,0.10136735140235521,0.9079999999999999,4.676061803356804,2.9971956311985193,0.1163474795597625,0.03635040207830477,0.12189373164638595,0.293,2.3627137844584887,7.104687965314896
c4,29,c4/c4/c_4_029.csv,bc990053a0ea6b3cb8a50118a3fe327f9d4f01f2c7c04e665972ac3758a836d3,222912,50000,4.45824,4.45822,65.54371906,63.07751676,62.71835863,63.77986481666667,65.54371906,1,4.084926679586563,4.0914375659595565,5.7815579420659535,21.5,2.936924643867264,2.441171404707624,3.5979109334625323,6.875829357704477,7.760269347973046,49.833,4.198823331887421,4.1034371517299455,2.6514060570987654,5.639894906239477,6.232032247839032,28.406000000000002,3.005600621931154,2.198419320323111,0.000198266580534022,0.09345561055268858,0.09345561124004771,0.8320000000000001,4.6011148425910235,3.0776539040930313,-0.0033826263278782655,0.09015991694832634,0.09022314735447455,0.791,4.477786597409849,2.9941865196721693,-0.0036492517226528855,0.10285742950371159,0.10292191399860844,0.931,4.8677680052352486,2.9959484095646975,0.11393348496267586,0.035254307619244654,0.11926315284219734,0.295,2.43159763169864,6.984918260179362
c4,30,c4/c4/c_4_030.csv,fb9e0bd88220db2f956ee23286574ecda2e322fa0bbcda0776ba12946c96120e,223201,50000,4.46402,4.464,65.54371906,63.28890784,63.23111352,64.02124680666667,65.54371906,1,4.167029520477058,4.111903637393522,5.854213080893265,22.402,3.0265382819472806,2.4296411439184578,3.688779588801126,6.886926805836877,7.8125951633073845,50.803,4.31661941967607,4.146613777571369,2.7584944198278682,5.7899480409720745,6.413473285760675,31.555999999999997,3.346704514643385,2.2110690938306217,-0.00020215411221275874,0.0939787063029202,0.09397871320119679,0.944,5.1181803156874315,3.1083988200637434,-0.0038302695776452618,0.09066698983805169,0.0907476566159426,0.853,5.091040553865229,3.026222671778804,-0.004322888338313896,0.10344934882455169,0.10353939921129489,0.9610000000000001,5.051217256270761,3.0123542588105097,0.1157616094909969,0.03659462745295106,0.1214080351152351,0.291,2.355692518444447,6.750532792662554
c4,31,c4/c4/c_4_031.csv,1fa4cf29123779dc9f46301cdc9f942e2c5db93e69ac2fc8b676859cf65ee278,222912,50000,4.45824,4.45822,65.54371906,63.47203771,63.72261651,64.24612442666667,65.54371906,1,4.212361052792134,4.106958683516722,5.883113087479356,23.832,3.129125639141404,2.426828784264203,3.768847563163939,6.923957374642377,7.883221588441233,53.760999999999996,4.460739762987336,4.149047698775224,2.8398932358957794,5.860991817949235,6.512761670687386,32.775999999999996,3.4050071415647927,2.2215344143355567,-0.00020007895492391614,0.09550437378945748,0.09550436914942344,0.866,4.544294715155658,3.1016087327511004,-0.0035651737008326155,0.09221030863421696,0.09227899727456325,0.8240000000000001,4.562251567898743,3.04147776056464,-0.0040412090869939715,0.1048574953290152,0.10493510553069939,0.907,4.726730844663726,2.9999391767704466,0.11077994006603503,0.03547938700578547,0.1163227251070395,0.28600000000000003,2.4156930620515076,7.416772684551073
c4,32,c4/c4/c_4_032.csv,fdb515183f4fe3f57056878aec78f8a29afbd7285c31646df2874a6d8cfa14b9,223045,50000,4.4609,4.46088,65.54371906,63.6308491,64.19546132,64.45667649333335,65.54371906,1,4.309374547737003,4.150116339975499,5.9828168456276245,22.4,2.9566340498836285,2.3820910250012988,3.8751657692393913,6.962379618747828,7.968150498266546,51.842999999999996,4.282047635448493,4.17904010202137,2.955257096101683,5.999464872572937,6.687821909087995,29.983,3.0540585975001417,2.2129313213093043,-0.0003730637315339957,0.09455241079652234,0.0945529348125911,0.843,4.653477978997724,3.0973171039079603,-0.00405774171131386,0.09113667964461628,0.09122676364857274,0.758,4.264099530029595,3.039024498611067,-0.004666031518303481,0.10435922092903575,0.10446324719737267,0.9199999999999999,4.738508645674664,3.004507818772839,0.11279910780335807,0.03498326300395554,0.11809937309200125,0.287,2.3878196184861844,7.2176946137222835
c4,33,c4/c4/c_4_033.csv,2fd78eb39bef67605dcd76bc81a608514015750e2e1cd57cace516cfd47555bd,223201,50000,4.46402,4.464,65.54371906,63.76903326,64.65206107,64.65493779666667,65.54371906,1,4.132788168511789,2.8608367447456517,5.026359344261233,19.173000000000002,2.887378121218092,2.8555949252763173,3.252399474016693,6.430391560859329,7.206098299760886,55.637,4.839789654431616,4.154083145202128,2.271760296772864,5.713566394610686,6.148625011661175,29.470000000000002,3.167862727529976,2.196294242103137,0.00908904081970959,0.09088238481239334,0.09133554361235546,0.889,5.1677581512324835,3.207221163980951,0.012068790014381658,0.08759892349192984,0.08842619922686988,0.813,4.704488077483612,3.1783417220698222,0.016416346700955643,0.09675857163175706,0.09814110085981487,0.888,4.544477248498243,3.0971299116000863,0.12269038221154924,0.03680239701190812,0.1280911403840694,0.28500000000000003,2.1859435333345147,6.568688840417243
c4,34,c4/c4/c_4_034.csv,3ed4f4e90a7eeca933125f963112787749b8c9ad89b476388b520f8eacdf91da,223045,50000,4.4609,4.46088,65.54371906,63.89003975,65.09465581,64.84280487333334,65.54371906,1,4.258049918177946,2.92553707888715,5.166209242109741,20.335,3.0385915986611023,2.7999817313354485,3.3827872447264005,6.492812244429378,7.321179643987556,51.004000000000005,4.713038291354711,4.19930573107099,2.4194934295769914,5.939546074305752,6.413423255816182,31.790999999999997,3.2877917391274,2.166605040705164,-0.0032018785446882914,0.09336568341395071,0.09342036064527422,0.89,5.287926492552987,3.1700053617066946,-0.010750391176668385,0.0899511255499792,0.09059105707546061,0.808,4.658296454676338,3.1219191275448086,-0.012964289717321616,0.09949863877849269,0.10033946153472798,0.8999999999999999,4.743896296824895,3.057038556862867,0.11949585957990541,0.03593692013925588,0.12478267866853034,0.269,2.1156782561246597,6.798345381443048
c4,35,c4/c4/c_4_035.csv,54384301ae7eb1f29cd7eed7ac0ffdee08c7bbd4ea94b3a2861067b3aa45b0ea,223201,50000,4.46402,4.464,65.54371906,63.99708603,65.52531985,65.02204164666666,65.54371906,1,4.365043893172522,2.9254435567166306,5.254692174594985,19.752000000000002,2.9050226907300383,2.795980616071405,3.452194188198081,6.509922455740195,7.368618949515108,52.858000000000004,4.850841147424529,4.310191255615016,2.538785350424057,6.131358946515297,6.636175491753961,33.858999999999995,3.2628733261960567,2.1642100488687395,-0.004189407753549491,0.09333636613250879,0.09343013084390968,0.833,4.848542926230197,3.114592859194994,-0.009253256033799133,0.08985440222131123,0.09032939816548262,0.775,4.350743035838982,3.1136434446327454,-0.011415620897755835,0.0997258813983702,0.10037690602815301,0.886,4.483102914865569,3.101685556546402,0.11510418860130556,0.03541305801312342,0.120428623228749,0.28600000000000003,2.333332329692523,7.727606469051651
c4,36,c4/c4/c_4_036.csv,aa80ca0ec2ea13a1b2d36268b4599f6cea039e670bca4fcb625b5017b7672ecc,215305,50000,4.3061,4.30608,65.54371906,64.09316671,65.9459689,65.19428488999999,65.9459689,1,4.516109003506653,2.939175652836879,5.388316427832832,19.519,2.8428174560937696,2.7809655408673892,3.6276310721999026,6.460859966999613,7.409603554310909,48.402,4.403339498645323,4.164173170315464,2.6856768769884583,6.275918067666811,6.826406444326069,29.672,2.8796996135996586,2.082210550074905,-0.0023304010589628664,0.09323839647470343,0.09326729849811671,0.8460000000000001,4.846285968164147,3.1490624950479256,-0.005619237825410464,0.0898090428762668,0.08998445729411102,0.7929999999999999,4.623020602772751,3.1202249018392636,-0.006677606186572537,0.100358340160728,0.10058001831872822,0.9179999999999999,4.6728963451827585,3.128740872844389,0.1164924874015931,0.030539597576144103,0.12042907584666662,0.28,2.2835017047721684,8.418731648659996
c4,37,c4/c4/c_4_037.csv,f9531052642954e36aca738dc5f34a21f14e26f4d1cc00c7e412ce3193c42bff,222912,50000,4.45824,4.45822,65.54371906,64.18106257,66.35836702,65.36104955,66.35836702,1,4.49481793712317,2.9600921205080817,5.381960083662365,20.026,2.8569516980766605,2.7788063181839515,3.6031472913077804,6.554575005481171,7.47963442773368,50.966,4.621749944331754,4.27624783889128,2.7207024834912437,6.349047586683147,6.907419664833771,31.881999999999998,3.108686172540054,2.114620147163473,0.0004206906761412576,0.0904081797600595,0.09040895575446592,0.859,4.822531090659821,3.1718515213302196,-0.0027556210522538035,0.08702160888627102,0.08706503252492295,0.81,5.042207959600007,3.1116181603843924,-0.0028804909560723514,0.09758922673044129,0.09763150965826053,0.889,4.721836235183066,3.152438846768659,0.11616527149727247,0.03435969968666798,0.12114022440288832,0.277,2.245331815593985,7.348331076243288
c4,38,c4/c4/c_4_038.csv,22bde53dbdca65caea415f6cd304edc825afeea3c6e3aa20286c948533aca054,223201,50000,4.46402,4.464,65.54371906,64.26334943,66.76413333,65.52373394,66.76413333,1,4.5765272960246595,2.993117476075934,5.46839228468944,20.1,2.786010806623253,2.7540850275631703,3.709995224035735,6.597234880685014,7.568842555924427,54.03,4.9742083709391824,4.362440859437721,2.8235710547891806,6.503670175528433,7.090140319373844,32.501,3.0457789306357665,2.1349981721375126,-0.0004329550494845454,0.09017759893765505,0.09017843626227849,0.874,5.1786216234861175,3.1812889197423413,-0.004208829709544312,0.08687208181423069,0.08697378360616118,0.816,4.702566486609956,3.11732431595338,-0.004687586525149978,0.09750157989933968,0.0976139793184501,0.873,4.835372999805437,3.1024182044592634,0.11472250572354066,0.033910867766465756,0.11962940742181058,0.279,2.290406731129932,7.780651585763826
c4,39,c4/c4/c_4_039.csv,f2d0559f0f8a193e2b94b01e3063c2ab8fcde3372531b499797769c73080c74d,223045,50000,4.4609,4.46088,65.54371906,64.34240665,67.16474862,65.68362477666666,67.16474862,1,4.653210468739493,2.984009117602553,5.527805908200358,19.405,2.760227159453111,2.7439702316105654,3.7932235064673048,6.603290770320395,7.615234604114454,52.405,4.657637202777229,4.413640750673481,2.928437485709162,6.590570430069811,7.211877006865524,32.426,3.0251486512083847,2.1227355980071088,0.0006282319711269028,0.0917558378230304,0.091757782796173,0.895,5.067690018545153,3.2230877110133243,-0.002881669618238472,0.08836551169418169,0.08841228799378306,0.863,5.1350328138994,3.1681501189866452,-0.002869779640879644,0.09935773854372087,0.09939895162304845,0.891,4.486968853468092,3.0826239169181946,0.1139522786881571,0.03443905046617945,0.11904270115259794,0.264,2.175689878441134,7.629319284952536
c4,40,c4/c4/c_4_040.csv,2300550e6c11f543e11fc2290a5cf10857ef647b8d0cfe29dde0c5d38b65b61b,223334,50000,4.46668,4.46666,65.54371906,64.42042549,67.56156165,65.84190206666666,67.56156165,1,4.71863897570455,2.9867099351558126,5.58443820609235,19.535,2.765542285551902,2.7585618247006627,3.852719326210967,6.618463879039947,7.6581534450349675,51.505,4.654646874842978,4.416600830888896,3.0106166951740443,6.683695807653287,7.330443541298244,32.423,3.0340592454874904,2.133923584051873,-0.000501723875451118,0.09322300570456633,0.09322414712262844,0.845,4.569631508021556,3.204930912809536,-0.004306272220082925,0.08982416612473307,0.08992712979666728,0.8420000000000001,5.093012542884178,3.18625097186886,-0.004752751484323928,0.10084200550427115,0.10095371804744205,0.9159999999999999,4.784370594186731,3.074011866633987,0.11417609947432993,0.035337198874302554,0.119519428229045,0.28500000000000003,2.3427153572339114,7.4333512674561195
c4,41,c4/c4/c_4_041.csv,d2fa69d1ccdb77010303f04b5433bc938619ff26b45be2263949d563d5d51ab1,223045,50000,4.4609,4.46088,65.54371906,64.49941721,67.95579535,65.99964387333334,67.95579535,1,4.749455777982022,2.975708172954613,5.604652497506699,19.613,2.6891943803304437,2.7489095413778437,3.87313958169876,6.619041202932985,7.668945184315264,50.707,4.588114682572431,4.374271071022914,3.0776714564325585,6.744371367761234,7.413393474356474,33.62,3.1091024750983944,2.1172265317651866,0.000850371001367437,0.0950484980935505,0.0950520889653104,0.9179999999999999,4.934136693946445,3.19314492180992,-0.002497177699567352,0.09190672304613856,0.09194043597325856,0.844,4.655187844926974,3.1533074277130115,-0.002614046492860185,0.10260987892791658,0.10264294076019813,1.026,5.183015958622006,3.0739024336859377,0.11221642269497187,0.033727201951604564,0.11717527287770614,0.269,2.2530350774222847,7.471017179932211
c4,42,c4/c4/c_4_042.csv,77d70d2450b2386196aed64a2b47f8d34878f47182a6b9e109a04661b41a5b3c,223201,50000,4.46402,4.464,65.54371906,64.58122094,68.34855283,66.15783094333334,68.34855283,1,4.83003952939279,3.011889684098119,5.692163093414182,20.006999999999998,2.7980575641670384,2.7163859587392016,3.973587201670244,6.618280990270008,7.7195104943516135,52.208,4.594203223889629,4.364597104293553,3.196780050268592,6.864253450701719,7.5721309434115724,33.316,3.0599048237748665,2.102256661339986,3.340934852442408e-05,0.09504394964958698,0.09504374261018089,0.9219999999999999,5.039784701709447,3.1356659063583243,-0.003994444469334816,0.09178714333934568,0.09187381304435224,0.773,4.212299317686696,3.1128867384799865,-0.0043651954964359484,0.102835462765824,0.10292783857912347,0.9119999999999999,4.6828924677114765,3.082375595901197,0.11340716215429143,0.03459275260446175,0.11856575221915436,0.275,2.277217450625522,7.726535863530753
c4,43,c4/c4/c_4_043.csv,d74ed46891497c1d49aab0e20ab204e6646c8aca3922eff5b07e12b96fdf190d,223201,50000,4.46402,4.464,65.54371906,64.66751133,68.74082317,66.31735118666667,68.74082317,1,4.870714181388076,2.998995584502518,5.719946753007085,19.651,2.705619591976791,2.725695336716822,3.9971992733007466,6.634090935092382,7.745228685055498,52.029,4.621554954092813,4.436433963766587,3.2559191849498883,6.917206876497133,7.645164899496954,32.943,2.937804520276319,2.098863409532545,0.00042949180335213525,0.09400793955801233,0.09400871006895105,0.874,4.691054687130021,3.1495691959200705,-0.0029096061397574377,0.09068713627380813,0.09073359712376508,0.772,4.331361397079063,3.1208182537029523,-0.003247575055667313,0.10185146205971081,0.10190299598348197,0.902,4.445404137807973,3.1191101771473195,0.11191003624535732,0.03407891731571472,0.11698386048763111,0.287,2.410588937863068,7.779553488541706
c4,44,c4/c4/c_4_044.csv,f77cb880f18fc910c74f1d67ed6b284960aea91d86dc0998eac667911b11c777,223045,50000,4.4609,4.46088,65.54371906,64.75980602,69.1334871,66.47900406,69.1334871,1,4.965300598533928,3.0463936016183606,5.825348264397963,19.774,2.6432754405613808,2.70267729880787,4.117113219305521,6.712469378521712,7.874494549398679,54.063,4.660489606003023,4.518295510768344,3.370011387836535,7.056236921445877,7.819669623141229,35.338,3.0800533987681247,2.1179466456662834,0.0003884148938555002,0.09329224597727621,0.09329284540947118,0.856,4.748488461849682,3.132074720040735,-0.003341751664462328,0.08982014856401463,0.08988209066162257,0.8400000000000001,4.884176555846872,3.116135685287313,-0.003613660920442063,0.10148707563583263,0.10155116389787676,0.9450000000000001,4.953168242422446,3.1310695423122454,0.11391637561926966,0.03448952899025384,0.11902295119459841,0.288,2.3776926816182264,7.907310607107927
c4,45,c4/c4/c_4_045.csv,4710065f94c9f5935a091e311ee7f2e1aa2c4fa2e8e0ee28b509fc6323bf96f0,223045,50000,4.4609,4.46088,65.54371906,64.85947284,69.52732244,66.64350478,69.52732244,1,4.966557214911789,3.0074105570883725,5.806131954897673,19.624000000000002,2.659601972527362,2.6822954097049476,4.123890703669662,6.6820751378927286,7.852159097971924,53.08,4.6827884587179405,4.451966936498941,3.4212608352574594,7.066056744297801,7.85072988734843,33.527,2.9370517558065927,2.0960587412584872,0.00023217736331233608,0.09142074460523401,0.09142083449276725,0.88,4.998860517250644,3.164363696520628,-0.003563159900468516,0.08812433562258558,0.08819614401870023,0.8220000000000001,4.932188417531802,3.0826956605325178,-0.003957309063193527,0.09992395970813811,0.1000020662433083,0.924,4.669903508431253,3.0933919066067475,0.11048421618955817,0.0338716687125205,0.11555971107886953,0.267,2.2672261599995256,7.418880693775576
c4,46,c4/c4/c_4_046.csv,51988e15a406d1569abd7dff0eaa278aebdb7ba657b16c7027e1aa4b689a9f71,223201,50000,4.46402,4.464,65.54371906,64.96773684,69.92300941,66.81148843666666,69.92300941,1,5.0596397372771635,3.0430279268874316,5.90422998768651,20.325,2.8242463513068308,2.6837516574602773,4.183108364209837,6.722398317860856,7.9176279443142965,52.242000000000004,4.611734759047494,4.489607551958174,3.5087844588509904,7.184013347720195,7.995085048460677,35.371,3.017979152660252,2.1063185107159565,3.514321172396166e-05,0.091713448579005,0.09171324986161113,0.869,4.8956939229338134,3.227040015544231,-0.0035640028494495993,0.08843562057889488,0.0885072091072322,0.862,4.880958335005277,3.1818448862461177,-0.004025788414926456,0.10039161431930298,0.10047207594021516,0.9470000000000001,5.195473420003888,3.0633818768033843,0.11310444845677214,0.03390060952452158,0.11807566403748193,0.261,2.168101294088301,7.056878046288343
c4,47,c4/c4/c_4_047.csv,faa82bfaf68efa0fa31a2eaae16282ffb21086ef67f2b301de9cd5f46003253a,223045,50000,4.4609,4.46088,65.54371906,65.08568713,70.32113581,66.983514,70.32113581,1,5.087391311170391,3.0376477063132947,5.925268987223075,19.759,2.656250717720785,2.6236611027217185,4.241725786276312,6.688295572449331,7.919932749280801,52.928,4.702186392098065,4.532669460433317,3.5916603331166357,7.202257404940497,8.0481241982386,34.827,2.9895164894778503,2.087897803059342,0.00029832993342150687,0.09314540662475271,0.09314567557197753,0.835,4.487594270299688,3.210322319433421,-0.003718003093546145,0.08997123627880983,0.09004782402817016,0.8280000000000001,4.69750384937309,3.176627948862507,-0.003938810553924096,0.10199389552819262,0.10206969341524862,0.9470000000000001,4.771249757934955,3.078566056234247,0.11019561971799412,0.03318724857828227,0.11508459121551316,0.261,2.2244507044440174,7.158994120989475
c4,48,c4/c4/c_4_048.csv,d140e8ff360c7848062ee15e73fb71804a73b80ec6373c156affa6bc8341912d,223045,50000,4.4609,4.46088,65.54371906,65.21428344,70.72220197,67.16006815666667,70.72220197,1,5.19005233921406,3.0702095451443885,6.0301565214768535,19.783,2.640893307376338,2.6226469637708276,4.348255688314017,6.7389014749448775,8.019969888736702,52.244,4.516351121326403,4.526373531017868,3.690497460153781,7.3772132496914145,8.24880614595227,33.815,2.849866948508117,2.0838830906316974,0.0005285211504404937,0.09501525646337075,0.09501651340542062,0.8340000000000001,4.5150046515548725,3.175271460413146,-0.0031134300253312115,0.09191704257334413,0.09196955084623236,0.838,4.686333640147993,3.1741342195134385,-0.003322177139142326,0.10403516235717516,0.10408795964171293,0.9239999999999999,4.573055343177699,3.0488295267087118,0.11286089354166198,0.03399904046488314,0.1178707379337086,0.261,2.1718706821363614,7.3006541214227045
c4,49,c4/c4/c_4_049.csv,dd0fc0b8f71b2ced9874c833a85bcd9779be7a6387a3164845ce47656912c0c3,223334,50000,4.46668,4.46666,65.54371906,65.35436259,71.12662555,67.34156906666666,71.12662555,1,5.20942443604646,3.100070171725756,6.0620536943210395,19.241,2.56167311987811,2.578166673546934,4.378211754591777,6.711958588927854,8.013671103182016,53.372,4.679004106508855,4.584565589140173,3.7486635129447374,7.38887764737012,8.285393567254262,35.414,2.9320272842573702,2.085551905457231,6.93042707335203e-05,0.09585262479492347,0.09585243525446244,0.931,5.153755339533762,3.1493829414581533,-0.003480889609284748,0.09257852715635076,0.09264373646600384,0.798,4.360791300211107,3.1168072118253742,-0.0039544270017104425,0.10494010033375135,0.10501434588546801,0.9339999999999999,4.532714040033547,3.081080317650988,0.1119175405446551,0.03315793198204717,0.11672608710995908,0.26,2.1846016285955274,7.651660636835675
c4,50,c4/c4/c_4_050.csv,303548dba58f12f275363b7fe9b43d63ccbc48f311fd6e344d740931b5ff4ace,223334,50000,4.46668,4.46666,65.54371906,65.50664473,71.53474627,67.52837002,71.53474627,1,5.293236264966374,3.1348598036218074,6.151882000023125,20.144,2.6554475524625785,2.5596704128548664,4.489817381142146,6.729846264875509,8.090061067180258,54.782,4.622956451061196,4.647372803353954,3.8834614031002896,7.561399734728336,8.500340135081004,37.02,3.089641071139294,2.0921955425274743,-0.0002263515631296625,0.09495953691104275,0.09495959408863897,0.841,4.538772560439631,3.122264035236958,-0.004106651920442029,0.09171011378916684,0.09180180772336625,0.875,4.923650320286152,3.1012330467091678,-0.0046994277629022,0.10439556188023258,0.10450104862047374,0.962,4.889903084665176,3.097060986255571,0.11299311345339266,0.0347224914823465,0.11820782420893228,0.28500000000000003,2.3687095323326495,7.972390757722921
c4,51,c4/c4/c_4_051.csv,ffbd88274bc6c9de574f5b828f48828335d77d4210c498aa85ed812b4e86c8c3,223201,50000,4.46402,4.464,65.54371906,65.67173932,71.94683041,67.72076292999999,71.94683041,1,5.325658760489424,3.1305911205119665,6.177636933949843,20.522,2.532036143794364,2.5564940545601957,4.468314519200183,6.714223644270071,8.065136813084372,53.019,4.619388469586554,4.602412213739328,3.915313403613783,7.588442261852172,8.538962291535393,36.359,2.9250626887952773,2.082531738043002,0.000553021715852528,0.09289387571310746,0.0928953137492959,0.837,4.747279299687413,3.1373865160803596,-0.0027459554392677455,0.08948879938101885,0.08953071878889725,0.786,4.411893541605121,3.0967728809721304,-0.003149914202893356,0.1026430164231057,0.10269110758810689,0.931,4.644998103567475,3.1407964765518153,0.11413122253036502,0.03547524223923473,0.11951745951878616,0.272,2.2339832278482463,7.452397236563409
c4,52,c4/c4/c_4_052.csv,01c2b6639284137287cd65917534a9082ae8fde474217485629eacace36a0bc7,223334,50000,4.46668,4.46666,65.54371906,65.85015104,72.36307514,67.91898174666667,72.36307514,1,5.384180899460002,3.1636870363126937,6.244859870800656,20.309,2.580362143167516,2.534312568745278,4.574596259414151,6.746242140304699,8.150982159762965,52.14,4.489152261997355,4.608580134742502,4.0200912489813465,7.681297665970379,8.669671464052865,36.768,2.971392873053271,2.082380066088546,0.0001328234841090026,0.09175843070284016,0.09175832140734642,0.8440000000000001,4.806103612578644,3.123488559498445,-0.004085217656066699,0.08836241095141549,0.08845659789824728,0.815,4.804616163159279,3.0875484031601057,-0.004386304817000546,0.1018591030152121,0.10195327400670529,0.954,4.737464340460846,3.117091755903655,0.11306210876982457,0.03442518445437931,0.1181868370751392,0.26,2.157600679658426,7.58258722745908
c4,53,c4/c4/c_4_053.csv,00b370571f26ed085716c1dfe73e9cf9be13e6e6ac16b1ad1fa79a4332929461,223045,50000,4.4609,4.46088,65.54371906,66.04228544,72.78361282,68.12320577333334,72.78361282,1,5.417749759017239,3.148177505867965,6.266018642224744,20.182,2.4983966524621932,2.52948018977867,4.665887897061131,6.728408139444729,8.187904676334611,55.214,4.758970889417276,4.68249343805678,4.109652262996256,7.754294908945026,8.775993486487344,37.727999999999994,3.0125364200312323,2.076680833452667,-0.00022819610392521686,0.09194793259253317,0.09194800964101461,0.913,5.144211406496962,3.2220955629118317,-0.004294850814857988,0.08871051392694616,0.08881422038355677,0.881,5.032977805463667,3.1496499852654565,-0.004722746530969087,0.10221711767967238,0.10232593335733538,0.9319999999999999,4.769074505246299,3.0894503703460785,0.11216741016386829,0.0345518093140689,0.11736843731318337,0.268,2.240806864440195,7.18179419909307
c4,54,c4/c4/c_4_054.csv,37c769b3e255b95dc45c944a2faeefbff35f32a37086733d53ac8addfb9640b7,223334,50000,4.46668,4.46666,65.54371906,66.24845443,73.208515,68.33356282999999,73.208515,1,5.488572998289557,3.194369005411972,6.350463070588148,19.874,2.486747789013979,2.4939807728898966,4.676610323551272,6.746546740221178,8.208920345236523,53.995999999999995,4.626917840911956,4.661512503802961,4.188471047847618,7.842455043423165,8.89084447260752,37.506,2.9084976213081855,2.068325578112281,0.000598753436556906,0.0933707316359225,0.0933724423787988,0.898,4.980056086715187,3.278719109159345,-0.002931103190736744,0.0900069798612723,0.09005449192287975,0.851,4.952556951650368,3.223700944496311,-0.003384258554452077,0.10382588545692423,0.1038807943230881,0.925,4.697692226748205,3.072566363322519,0.1137804946850905,0.03656955376464049,0.11951287480975348,0.28500000000000003,2.3428438186740794,7.452399677438011
c4,55,c4/c4/c_4_055.csv,685c443dfbc8c219233555e3d2ab72caa3eed9653a0d688a169f3c354157fe9b,223201,50000,4.46402,4.464,65.54371906,66.46888163,73.63779647,68.55013238666668,73.63779647,1,5.489421351158821,3.180285003234667,6.344124380715407,19.868,2.519496630391968,2.490710877036511,4.708535252978257,6.721321609665722,8.206477076543624,53.42,4.549577078173604,4.650136598582039,4.240458138628411,7.832921321993299,8.907068360396433,37.106,2.8891661048006867,2.063401717622203,0.00017281284582058282,0.09473555450788404,0.09473549990676876,0.888,4.887291463660912,3.1882197326032076,-0.0032669790905954722,0.09142293018004867,0.0914810792914793,0.839,4.809737744764258,3.1639753240683697,-0.0034047293694920732,0.10510216740412706,0.10515706483167483,0.948,5.030570231745928,3.0593435365913333,0.11113795637116322,0.03481699004669094,0.11646399748930382,0.28300000000000003,2.3870037607590437,7.930955344168681
c4,56,c4/c4/c_4_056.csv,6d53a22d550ab246985e46a3fc4073d6e45f48342e464f026c221c6e3e2f132a,223334,50000,4.46668,4.46666,65.54371906,66.70370749,74.07141897,68.77294850666667,74.07141897,1,5.547737169441285,3.208787841238294,6.408873614645088,19.953,2.4595585664194637,2.4870221955689535,4.80905920280835,6.742086782631038,8.281460080693092,55.959999999999994,4.663066611892436,4.677494133290215,4.337383649601046,7.896927755571593,9.009666235267728,38.214999999999996,2.954715447259733,2.0579440628841565,-0.00035027358127289187,0.09547334970458492,0.09547377850156569,0.85,4.493380347285247,3.1743799279759046,-0.004625001119399644,0.09228161063739194,0.09239723029627774,0.829,4.664641987838493,3.137195720659206,-0.00511050713281453,0.10594129442804247,0.10606424889498361,0.9279999999999999,4.71412379957605,3.071641336045538,0.11180000805967745,0.03367094457652356,0.11676030675884762,0.275,2.3124296903197417,7.262629250321066
c4,57,c4/c4/c_4_057.csv,bcefae45fdb6f9ee7d0b5f288afca698e3f074667438bb17573e82d1fd2829be,223334,50000,4.46668,4.46666,65.54371906,66.95299431,74.50929495,69.00200277333333,74.50929495,1,5.610233936615114,3.247377637784101,6.482294279619269,19.241,2.3969908383907264,2.464160617153413,4.869172432321098,6.778885154261716,8.3463715679322,53.609,4.525798988524836,4.768152240200874,4.441748726123206,7.990263976829744,9.141835936846114,37.2,2.84406766645277,2.0734984865833,6.804606553413268e-05,0.09523213377996563,0.09523194488456871,0.866,4.641299729158647,3.1133986661395503,-0.003482582141545846,0.09192199771551329,0.09198773944513608,0.865,5.1311185908804,3.0904199132597885,-0.004008346243742556,0.10563798477786203,0.10571376778970853,0.919,4.351372669972908,3.098258794259791,0.11244925089775851,0.03503536499889377,0.11778075110952715,0.276,2.3008853097565205,6.647261780761083
c4,58,c4/c4/c_4_058.csv,2074a50614e299a591d1b28b17a877c64a4626819e0c8198e36f2d7d9b5cd2eb,223334,50000,4.46668,4.46666,65.54371906,67.21673103,74.95129106,69.23724705000001,74.95129106,1,5.674183348706422,3.305322075138986,6.566693367036734,20.163999999999998,2.433340359732776,2.4668727770450585,4.924503429840509,6.770995894516422,8.372389990460267,55.637,4.611466981828626,4.773415460836445,4.5160396177921855,8.090133090169372,9.265234707559255,37.896,2.868788631799483,2.0659450725360538,0.0007875737684365124,0.09293672780614104,0.09293985675521926,0.87,4.89563913573009,3.106489949428154,-0.0029284927507679083,0.089537644622769,0.08958532233308342,0.865,5.302207857598843,3.07337841895415,-0.0029536210339670627,0.10418752688302543,0.10422915153976077,0.99,4.864282137100506,3.0979035730010582,0.11119086659442808,0.033196249850688204,0.11604048812330924,0.261,2.2061265351449078,7.27155837973155
c4,59,c4/c4/c_4_059.csv,60457f424af89321e5fc1fe87abafd902fbd55a0b0c3ffd2668f02e8e1ba715a,221311,50000,4.42622,4.4262,65.54371906,67.4948379,75.39723162,69.47859619333333,75.39723162,1,5.756370297906566,3.3449176542059758,6.657643919931709,20.15,2.3909359213917347,2.4697322014262895,5.023907334023162,6.789799282418397,8.446348967809708,56.153,4.773305028439398,4.798636738818386,4.6217024549163845,8.180773009708634,9.39600331074034,40.069,3.0437409453984743,2.04928598562813,-0.0006071681931761187,0.09215831582632658,0.09216010770717653,0.8160000000000001,4.4704808864705505,3.1384138826404695,-0.00462336259833447,0.08865807328974977,0.08877834152757613,0.831,4.899843728944647,3.0704025993495767,-0.005311990818350648,0.10384524489632807,0.10398078383514081,0.973,4.779729308330492,3.0854631105040404,0.11198858167917546,0.03290687262958241,0.11672317593275638,0.253,2.1246851622926326,7.11316873952623
c4,60,c4/c4/c_4_060.csv,3d0f06b8f6a2fa900da2cb3a4ef9bb1d39c9144993ee4b6cfc427b5eb39ad959,223201,50000,4.46402,4.464,65.54371906,67.787171,75.84690187,69.72593064333334,75.84690187,1,5.80092588742882,3.377205182802408,6.712391891005867,19.412,2.326443427852349,2.436454315600783,5.110138950990362,6.84441384256927,8.541622273561778,55.956,4.633780180435854,4.821360712123532,4.717111903620504,8.28160525898266,9.530782921558043,39.098,2.9190676389313848,2.0790080809212275,9.093597250908399e-05,0.09218750263404567,0.09218734097232294,0.882,4.848821923762842,3.2276953380348283,-0.0032259443282064153,0.08871274705054742,0.08877118308652747,0.8200000000000001,4.697470344554716,3.164417535378511,-0.0037672143045954097,0.10382511878569642,0.10389320910796072,0.94,5.034015259423973,3.084195102131203,0.11067076312382114,0.03438558150587162,0.11588951949413272,0.26,2.200371535865331,7.214524405903944
c4,61,c4/c4/c_4_061.csv,b5019ac98183e8b486877893c3b3d2d74468d6e27c31ac48f9c19079444a590d,223334,50000,4.46668,4.46666,65.54371906,68.09352659,76.3000512,69.97909895,76.3000512,1,5.818151669696509,3.4206776246226216,6.74921268524312,19.735,2.315825671663061,2.42184474259414,5.174002794021511,6.793388964695409,8.539334394226241,54.846000000000004,4.5183849488419225,4.804221381494336,4.795872912319665,8.317989945029714,9.60151258481511,38.305,2.8232010071902627,2.0502720669801597,-6.081026623801153e-05,0.09421067141013884,0.09421048011679553,0.958,5.116203626204327,3.2386908426372605,-0.004126142907036098,0.09083290890193475,0.09092637379728735,0.863,4.806086306424739,3.212259935767986,-0.004495710460565789,0.10599330324348781,0.10608836619097461,0.935,4.543382251097442,3.0638010045879622,0.10985634968253825,0.03520194167406457,0.11535852250553728,0.292,2.4878959418557374,7.486778577155595
c4,62,c4/c4/c_4_062.csv,44f7094c7dbb6569f6ab221372200f5ff5ca0901ccbd6b538db30cd45311ad18,223334,50000,4.46668,4.46666,65.54371906,68.41364529,76.75639617,70.23792017333334,76.75639617,1,5.889473138886153,3.4433417907759507,6.822202243605679,19.785,2.363019949329398,2.40954413941432,5.239484601538503,6.904515806922238,8.667428912901627,55.511,4.469260768016137,4.803395227267073,4.870072577395291,8.43856162443259,9.743028807905887,39.675000000000004,2.910388602873759,2.05513306186341,0.0010958967286664818,0.09642632367706139,0.0964323351093451,0.899,4.780554152061856,3.18328446303594,-0.002311036384966015,0.09294680574410141,0.09297532417122065,0.883,4.915282673910361,3.1508433721600824,-0.002420527102904171,0.1078960673509604,0.10792297334219611,1.017,4.716326693354633,3.0626546502113206,0.11038927346485533,0.036786977524545586,0.11635749804820382,0.28600000000000003,2.414971142500754,7.418495684770409
c4,63,c4/c4/c_4_063.csv,8759e9f692a61d20f5d04ed96d8686b75bee2a6f60b54d67cb8f672d6bd15e6c,223334,50000,4.46668,4.46666,65.54371906,68.74721616,77.21562347,70.50218622999999,77.21562347,1,5.998818249796269,3.49419121618411,6.942271816968791,19.566000000000003,2.3211421887303554,2.4037164769060606,5.35085895116731,6.917140532243355,8.7451878435617,56.038,4.517570200517245,4.796593059551908,4.981747633589153,8.546880779481006,9.89275762659577,39.63,2.9044479895832045,2.0480723842477793,0.00015693983003035828,0.09680421676421547,0.09680412725506474,0.847,4.379978540406877,3.081221926599555,-0.0035961788173766644,0.09341081181882481,0.09347980101120741,0.829,4.482251732112326,3.07170183188656,-0.003909248032095427,0.10887584884853603,0.10894576451351386,0.921,4.240642140270562,3.046619758693472,0.10976896486876159,0.034545910325977376,0.11507667107174482,0.254,2.1637747918929664,7.0419916800480005
c4,64,c4/c4/c_4_064.csv,7243917166a753c5902aeb411cd65222998d850a2f4e9ab14a3f3c90af39191d,223201,50000,4.46402,4.464,65.54371906,69.0938806,77.67739272,70.77166412666666,77.67739272,1,6.067967208928275,3.5522055711575247,7.031239857638902,20.688000000000002,2.3496567226406313,2.3962539063871704,5.409832119927779,6.972928552285576,8.825406411194553,57.644,4.658142422523928,4.848567143350383,5.076776452614459,8.611078639013549,9.996199390883378,39.827,2.8590866270700053,2.0501724815012126,-0.0008082625077844633,0.0960239297386204,0.09602711627454097,0.88,4.811141039361681,3.0766743826900287,-0.004787312780856716,0.09246065353498312,0.09258429950105816,0.831,4.5256053376005845,3.0458767284511223,-0.005902366028826037,0.10817248622366361,0.10833315409264999,1.014,4.966162062814909,3.0918072461087447,0.1113033588559191,0.03505976167578495,0.11669455460426294,0.252,2.116636897391071,6.451052565896397
c4,65,c4/c4/c_4_065.csv,b66d02a21cb4d520f7dd027a938d47b79ac46b6d2eaacb939d69a484ec74bdd5,223935,50000,4.4787,4.47868,65.54371906,69.45323612,78.14133923,71.04609813666666,78.14133923,1,5.73992947060531,3.3983983090492145,6.670520955740627,21.192,2.4875118615316127,2.5354524830341187,3.8957383035255773,6.726823358583067,7.773463022288706,62.482,4.795417421182342,4.573727496670163,2.4140287985352895,8.205383592989644,8.553102027227284,38.49,2.9854665498802486,2.0793720715792716,0.013485198830017638,0.0863591898578344,0.08740553161260967,0.787,4.5763693969947035,3.0962528424305162,0.017775305334137136,0.0827623534993105,0.08464950117388424,0.7290000000000001,4.571793036382308,3.0786309371552503,0.0242940049567955,0.09788955062735492,0.10085891139625715,0.875,4.422018776781592,3.088653840155006,0.12109373255632215,0.037878955849709864,0.12687986819587124,0.278,2.1516415794076593,6.284047346799861
c4,66,c4/c4/c_4_066.csv,a60c46c8b09cf3c8e73192d94e2f55e12ff11a6e47126c90d728be472218f20c,223201,50000,4.46402,4.464,65.54371906,69.82483999,78.60707661,71.32521188666665,78.60707661,1,5.934561081715584,3.4300990212277886,6.8545271036817965,20.897,2.314091075878887,2.474166564407734,3.9449094851725577,6.869188663499538,7.921354198380426,55.2,4.71952131715605,4.774177350535959,2.615857939704571,8.633613603312188,9.02117856247974,40.510000000000005,2.917024623528407,2.0589432346935848,-0.005929014654952263,0.08593723514284876,0.08614132870505876,0.9019999999999999,5.746370614909385,3.1415304296472812,-0.014962930273609888,0.08170666436817327,0.08306526575157659,0.696,4.538599817732414,3.060730450689021,-0.018511359716130302,0.09854799959071125,0.10027130771476045,0.855,4.717201867412885,3.1188968982786354,0.11343872563294968,0.03715977696828885,0.11936995983491304,0.31,2.5550817008048816,6.873728006444918
c4,67,c4/c4/c_4_067.csv,f99b6b98bc6415c36cb3669275f266737749558983ec91cb9a56dd53e3b64ef3,223646,50000,4.47292,4.4729,65.58464803,70.20821271,79.07419922,71.62235331999999,79.07419922,1,5.973711901844879,3.488948866819259,6.917943600001988,21.571,2.396232313890972,2.443316827130681,4.020470971982507,6.868279531649915,7.958469679100738,56.019999999999996,4.833089972184981,4.842981095597463,2.698848971141894,8.736999477066114,9.144320877457979,40.184,2.900270053446828,2.0517758281458485,-0.005234066336978976,0.08401500599736136,0.08417769967172539,0.804,4.858769027842415,3.156393059661773,-0.010616867728463732,0.07994771069788285,0.08064940016478336,0.765,5.368917798710116,3.07688548555459,-0.012673059209643811,0.09744938129696747,0.09826976077729185,0.965,5.047330898912858,3.132528605776512,0.10997245647138783,0.03561449127511426,0.11559553408202827,0.293,2.4914457317670333,7.19535151791837
c4,68,c4/c4/c_4_068.csv,ee4ad3efd462bcbcee11a3fb2e7a56d110c03dc2fec42708fcbfe0fbd24b6440,223490,50000,4.4698,4.46978,65.89045864,70.60284141,79.54228463,72.01186156,79.54228463,1,6.061194178710457,3.552989695646208,7.0257920667235165,20.344,2.3029431907946507,2.4202722462124617,4.111494102644413,6.906114616580429,8.037324769226942,54.931000000000004,4.708407472209173,4.777871919610029,2.798694979641147,8.878445876676771,9.309089217842068,40.714,2.838623562587958,2.0296980500954804,-0.001373645353259654,0.08403355158173421,0.08404458992634778,0.884,5.544675753768062,3.2068476775304258,-0.004177363640431338,0.08004307040551187,0.08015182355664162,0.788,5.052910614239425,3.1298502069746545,-0.004957881784419885,0.09806367245934257,0.09818870311447686,0.874,4.450613829683723,3.0918922388917,0.10915493310662669,0.03459000608534572,0.11450442170034374,0.253,2.16585522477911,6.72500832604302
c4,69,c4/c4/c_4_069.csv,b4361e0e3083b481e38ec772220f5907069ca5dfb78ac1d4cf0423917826d7ae,223646,50000,4.47292,4.4729,66.21371695,71.00818308,80.01089589,72.41093197333333,80.01089589,1,6.1154110782218325,3.6273583453203595,7.110268798587506,21.037,2.2388745701375448,2.3877594115818006,4.190536240308345,6.933733806576495,8.10166918073721,56.607,4.683602743274097,4.839433987656214,2.8851051840855635,8.96580515708962,9.418552681040614,40.647000000000006,2.8507564706888133,2.046061083783042,-0.0009308684259946525,0.08516959752086718,0.0851744939716681,0.9079999999999999,5.658971101845694,3.2652790841756794,-0.005031581159511012,0.08106814250838874,0.08122395676648599,0.835,5.3063162293250405,3.1602429578795608,-0.005389696216341898,0.09877378992994187,0.09892050737207407,0.865,4.862490223496261,3.0270588437248116,0.11169927027534586,0.03726664632010645,0.11775195836233829,0.275,2.2929554952213573,6.856460355835375
c4,70,c4/c4/c_4_070.csv,56ac1d2d2b700133d30cb0f8176eb79c9ac8f8cadec0ae9ad62dbe3fec9b026e,223646,50000,4.47292,4.4729,66.55393858,71.42366764,80.47958375,72.81906332333334,80.47958375,1,6.12358591255824,3.64480371232627,7.126207906718134,21.532,2.3228342782975626,2.3754043159076628,4.268122251236329,6.912056756457957,8.123618807546041,56.355,4.723264459966789,4.84756296520502,2.9463776146231098,8.919996946852331,9.393994401247271,40.532,2.849373637740944,2.050369331722766,-0.0015490149611439507,0.08760602637016798,0.08761952400530845,0.8540000000000001,5.284210400092439,3.1896443864143382,-0.005183741269685127,0.08341738186236541,0.08357810512688214,0.752,4.510750745397569,3.118096476133704,-0.0061310240290459025,0.10073288713376888,0.10091906972732131,0.873,4.498654230827604,3.0246738820522157,0.11101913738676301,0.035854638457154565,0.11666532568344719,0.268,2.254311625663384,6.549182799974577
c4,71,c4/c4/c_4_071.csv,58e89eabc67b20ef92320627c27bfaa937b94adfcb8b55fafd01e06b64f4f7c5,223490,50000,4.4698,4.46978,66.9106077,71.84870103,80.94788874,73.23573248999999,80.94788874,1,6.161663286947962,3.701392996023348,7.187930388579426,21.179000000000002,2.3106790274971614,2.3512309569512735,4.3055436619088105,6.9335168286822935,8.161565213483463,55.946999999999996,4.669569990942181,4.84833126705811,3.0256964338449146,9.010880828614178,9.505285314395747,41.085,2.898387485357809,2.037573208196762,0.000803499037988277,0.08879927476392625,0.08880271125754119,0.848,4.797150829826986,3.135781448472713,-0.0029553671305203814,0.08449124483089547,0.08454272710123505,0.778,4.849618814744982,3.0771419751710747,-0.0030351514609154775,0.10142768012752197,0.10147285552780529,0.884,4.5726514503463065,3.0451255560604027,0.1106798290751264,0.03608901025362287,0.11641492772646013,0.269,2.267750409297338,6.861176666523111
c4,72,c4/c4/c_4_072.csv,af13b553d87825cf9b4d647fdd7caa57221494b36968428e3fcd45253b1fe9e3,223490,50000,4.4698,4.46978,67.28317974,72.28266799,81.41534322,73.66039698333333,81.41534322,1,6.234957868361001,3.7619178071512622,7.281940804836323,22.057,2.346077846259559,2.3308182867157146,4.378232332542843,6.986040553025355,8.244602027426152,56.961,4.769302371320821,4.862453685515955,3.1159365967157364,9.075126626128526,9.595134998878574,41.476,2.919396131818248,2.0416483687243785,-0.000688173967515325,0.0876379488188476,0.08764045464736024,0.841,4.815127918927458,3.1152353828016754,-0.004240068906886214,0.08339696543750529,0.08350449633593418,0.734,4.538677755450473,3.0533390704995624,-0.004890804957716228,0.10071069923763343,0.10082916012282962,0.876,4.472912394099027,3.096120960930869,0.1106742180858204,0.03450541351061017,0.11592842957201135,0.255,2.1565029468867887,6.621204633325665
c4,73,c4/c4/c_4_073.csv,7dd5b4b82148ea6a077bb25a5961ae9c4968e218596480b7f51dbd1edb88be52,223357,50000,4.46714,4.46712,67.67108395,72.72493484,81.88147329,74.09249736,81.88147329,1,6.257247670769217,3.8092451930314675,7.3255329082021605,20.828000000000003,2.2723261513660007,2.3122151802308277,4.456038704853665,6.960341783538762,8.26452792250257,56.92,4.626519549397543,4.8622325745917925,3.1987613148457408,9.131644113978371,9.675671802980103,41.545,2.8326715248400993,2.034564236549195,0.000985802996995841,0.08591973083504778,0.08592519364651358,0.827,5.074181174309064,3.1253346297667415,-0.002527469477115112,0.08150529610508639,0.08154429258387086,0.754,4.635517557666162,3.0491551842877898,-0.002540386018795023,0.09893831044339083,0.09897069772797279,0.923,4.981272349468947,3.1214508674161188,0.10837998809081424,0.03348048000510708,0.1134335018472212,0.229,1.9747252474114407,6.145638000396912
c4,74,c4/c4/c_4_074.csv,c49699f8231019855958590c4774baf54d77b0c739fe3f19f19f3ff8f7c75af0,223357,50000,4.46714,4.46712,68.07372593,73.17485215,82.34580059,74.53145955666668,82.34580059,1,6.35350186025063,3.8957254447006626,7.452757521926222,23.156,2.4000512491350943,2.310300643197061,4.538597693378761,7.024478928704137,8.363130533800957,57.82,4.728492499330535,4.944815865424236,3.2967750551807193,9.279289440842469,9.84751505642498,42.04,2.8696579632607424,2.038671271421814,-0.00045857976244308434,0.08538334070392477,0.08538438103903401,0.823,5.164879040329333,3.2313598535119525,-0.004352583532192857,0.08075846389559171,0.08087549242264451,0.764,4.7604037820016165,3.085351247724454,-0.004792144414547116,0.09903104358941182,0.09914670107749235,0.922,4.720278082013183,3.125632672368623,0.10915955174899376,0.035783194284539674,0.11487488410681372,0.29,2.4809600655178845,6.913863972527089
c4,75,c4/c4/c_4_075.csv,4c4b789ed5a645cc1cc8eaba99250142477e348afdb40260acc76a1ef61657c9,223490,50000,4.4698,4.46978,68.49049008,73.63175725,82.8078441,74.97669714333334,82.8078441,1,6.365942225602936,3.946770913759283,7.4901369391046435,21.924,2.267381776604757,2.2876966359176327,4.599610085462436,6.9864516771263006,8.36461006705073,55.599999999999994,4.652697458462885,4.8810955487518415,3.3689075036914398,9.30391525866373,9.895048740947486,41.093,2.7983692374767006,2.0301257748788926,0.0005751800975435143,0.08602638160584998,0.08602811197992208,0.91,5.370337548589061,3.2590597387639093,-0.00308752069443823,0.08127548597969209,0.08133392802653683,0.761,4.6966869702317195,3.162733709894692,-0.0034507897445075846,0.09922461469465998,0.09928437972627524,0.909,4.613011646572155,3.0741844988761144,0.10802021566960492,0.03513852959279898,0.11359171506121046,0.277,2.3945408329597724,6.8750036920978355
c4,76,c4/c4/c_4_076.csv,05bb4e1b830cb0d39ee02354e5121f035de4004c028f8f5ec86249eb751933d3,223490,50000,4.4698,4.46978,68.92074185,74.09497664,83.26712176,75.42761341666666,83.26712176,1,6.439315589064387,4.002875610795682,7.582066124515711,22.326999999999998,2.2611250968343457,2.273671928166996,4.679253067251332,7.029084916453121,8.444123575313533,57.042,4.639439445738498,4.905388495584885,3.465777596313034,9.380953209778696,10.000675162573339,41.203,2.78761179088498,2.034062459847408,-0.0010382164750100675,0.08796221726681315,0.08796814729986581,0.8560000000000001,5.206429986967552,3.247046279151517,-0.005042659626828941,0.08337433355659907,0.08352650363091803,0.845,5.43540050480394,3.1661679682458534,-0.005823571524452995,0.10140711099522604,0.10157396385340021,0.869,4.341663781443904,3.0466113304049998,0.10900893999731533,0.03532865074204164,0.11459082414373695,0.252,2.1554954495324656,6.3209031882323945
c4,77,c4/c4/c_4_077.csv,785f780f4b0113d42a6ecc281a661c0ec493bdd0441552191327327b412a5704,223201,50000,4.46402,4.464,69.36383003,74.56382831,83.72315207,75.88360347,83.72315207,1,6.4653456928956405,4.049946852174439,7.629068812668857,22.033,2.283240645447312,2.2571468888081365,4.723497672501468,7.033029965233862,8.471996172348462,58.269000000000005,4.761333595930815,4.926510697527687,3.5304066693249583,9.419695540914349,10.059524730189755,42.917,2.8669346488555214,2.037835227619269,0.0007975815520539783,0.0891993521324768,0.08920271806304242,0.9079999999999999,5.369791531032444,3.155856033820181,-0.0025839355558442837,0.08460813375914208,0.08464739186182929,0.7749999999999999,4.831808647661754,3.107805661597046,-0.002822227498980739,0.10225787797216294,0.1022965870727835,0.915,4.5651571901194705,3.052439291531166,0.10889103095416239,0.03553197192557227,0.11454157321579413,0.259,2.2175354578155555,6.339139447037081
c4,78,c4/c4/c_4_078.csv,abb11853670787803d29ae6843d135addb30a5cf745f95b8edf670cc47648e77,223646,50000,4.47292,4.4729,69.8190889,75.03762397,84.17545561,76.34405616,84.17545561,1,6.505793839371149,4.11602837674435,7.698504226556341,22.397,2.279533722857997,2.2380547447033474,4.821262392352199,7.049977758638318,8.540874382475819,56.529,4.64179640451611,4.9174455646296265,3.6173746411739978,9.481656163129887,10.148241271659545,42.059,2.7920108757294586,2.027174255715476,-0.0004653827924487806,0.08859544688807983,0.08859647111547281,0.9199999999999999,5.4065358808218456,3.0918638207310085,-0.004282200441769581,0.08399735270598327,0.084106248010272,0.8140000000000001,5.2314781649308895,3.056186891515191,-0.004777214884236695,0.10184064379430448,0.10195240132427495,0.888,4.433441430794219,3.0982797165082667,0.1083034885488674,0.035140129253222324,0.1138616212533181,0.253,2.1780824589547367,6.327713296373889
c4,79,c4/c4/c_4_079.csv,3202a5ab5ff91d214374ad75807986fac609fc921b1d6e47fe1a8c23a7b21d84,223357,50000,4.46714,4.46712,70.28584028,75.51567114,84.6235564,76.80835594,84.6235564,1,6.588234870633111,4.192617302629851,7.809148471993344,22.582,2.236735549675292,2.2232777991072923,4.813500105212731,7.102623693823992,8.580024518590761,56.531000000000006,4.621432015034929,4.930350827179627,3.695032593560981,9.626026064047277,10.310830655186981,44.825,2.9517505444325502,2.029604471138871,8.594760853700592e-05,0.08736748759919345,0.08736733429633409,0.915,5.32235536021741,3.134511258015756,-0.0038171313189199352,0.08249543232433662,0.08258351153070548,0.7789999999999999,5.122087837627537,3.062617130318441,-0.0042787018092112624,0.10101518388788802,0.10110553387457734,0.958,5.172812802203171,3.1455816676065806,0.10584029602833132,0.03417823529060747,0.11122191690925333,0.248,2.184821182305869,6.420688318026417
c4,80,c4/c4/c_4_080.csv,c5f738d02496e2f373cab759c9a9c248e9f8479d76cdf46125ff454e70d92bdd,223490,50000,4.4698,4.46978,70.76339554,75.99727516,85.06698331,77.27588467,85.06698331,1,6.628612022909303,4.235038845303136,7.866000961055734,23.226999999999997,2.259343736161295,2.20802690659359,4.901350328873776,7.098614041308053,8.626316182685873,61.032,4.841695935494428,4.96961943139178,3.7526193476218177,9.658160026599115,10.361553439926006,45.346,2.8789119481888252,2.0244961351639836,0.00041600071591570083,0.08616436529818053,0.08616517674799205,0.869,5.129682508430531,3.1743808671237876,-0.002756360463555417,0.08112614913872052,0.0811727796034638,0.737,4.656733474528819,3.0711787885600956,-0.003095413665040942,0.09984602416219472,0.09989377117573475,0.893,4.484764112187446,3.146479564091489,0.10760638507315765,0.03511850500376502,0.11319204028465256,0.259,2.2439740405884288,6.62755928515479
c4,81,c4/c4/c_4_081.csv,d39e2f8c26d29ff2670b769c2954037a80e6d9aad405f893d658f6401a7e07dd,220889,50000,4.41778,4.41776,71.25105747,76.48174113,85.50527131,77.74602330333335,85.50527131,1,6.573821095663432,4.333398509498819,7.873587583010767,22.695,2.2630090555475357,2.1505739656957483,4.9624433810646975,6.860260626342939,8.466924300421248,55.814,4.624465580500343,4.955174428380963,3.813335802144969,9.610507484863852,10.339389049629023,41.923,2.7636062307787164,2.036051438008955,0.0001425512361412293,0.08455602849993582,0.08455595726261175,0.849,5.392878453067083,3.2580858872356755,-0.0035005319413823235,0.07991467157323878,0.0799911216603261,0.757,5.025557732607512,3.131932573426778,-0.0037419337314216644,0.09904474183474418,0.09911517816331057,0.893,4.570440253394882,3.103648977194197,0.10497281439999276,0.0367534426060974,0.11122095661832793,0.279,2.463564496574812,6.825896479167418
c4,82,c4/c4/c_4_082.csv,04146580ede68c4e6c17b1b59d8f396d6dc6d4defa605c950f4f3608ca3b7819,223357,50000,4.46714,4.46712,71.74812216,76.9683757,85.93796266,78.21815350666667,85.93796266,1,6.708794503866009,4.369344781649398,8.006185861083878,23.752,2.276115033573923,2.1823930064814383,5.060965548426958,7.114656058193766,8.73106388039458,60.519999999999996,4.853016835112779,4.980183094202505,3.924247482729442,9.809381116759694,10.565190267650648,45.87,2.8870279878814378,2.020850069151235,-0.0006620567074235419,0.08763754285681577,0.08763984739335584,0.847,4.883623291571906,3.226249012931527,-0.004572173695026349,0.08267857986136064,0.08280472049108747,0.8069999999999999,5.1204810243352785,3.1444576687668464,-0.005014402951329038,0.10136469515139301,0.10148842130210918,0.871,4.502976735046547,3.0199539712151555,0.10764570620128314,0.036607091078903545,0.1136999172432137,0.271,2.339491588467946,6.503316922823819
c4,83,c4/c4/c_4_083.csv,514e10d1f0c8a8c86703310936c9473b2d2bed740d9895335794a8d1b73510f3,223646,50000,4.47292,4.4729,72.25388071,77.45648882,86.36460805,78.69165919333334,86.36460805,1,6.746921872065675,4.45245455772101,8.08363888942806,23.374,2.2684090977865776,2.1649330330335688,5.111457222574963,7.090128498038533,8.740520137977644,57.982,4.680728303826791,4.960332341796374,3.9905669361401506,9.87238163671963,10.648385222997868,44.233000000000004,2.7972316343016628,2.0146371800467584,4.493708807669262e-05,0.08939473983577255,0.08939455127242016,0.9139999999999999,5.526063870431978,3.1614213601912913,-0.003889995796929075,0.08432808910535282,0.08441757448933711,0.7609999999999999,4.880500328187471,3.0935582599505675,-0.004192196596406823,0.10273038913444091,0.10281566113903005,0.9470000000000001,4.707454045794856,3.0251687675713215,0.1060574568738095,0.03582434607855839,0.11194446030079215,0.276,2.4208433295567224,6.74202716194981
c4,84,c4/c4/c_4_084.csv,05f4825a1be6c6ad26cafdb473dd0a330c004fdfe156cc22abfa336a4d8d772a,223646,50000,4.47292,4.4729,72.76762093,77.94539538,86.78476767,79.16592799333334,86.78476767,1,6.795030306824177,4.504984308118581,8.15274369408755,24.545,2.3462040164309124,2.145300883456424,5.2233325344517665,7.114569105174657,8.826101630443825,58.049,4.563509654258831,4.982010424660345,4.075804722642032,9.909776775982536,10.715195788398235,44.189,2.7894963928109537,2.0064761856433995,-0.0011484980728472675,0.08901342818094088,0.08902063814688693,0.9259999999999999,5.4706415291747765,3.1003129838391477,-0.005016052153850282,0.08393411432092923,0.08408367752222773,0.731,4.44795007807707,3.054075571571571,-0.006009474794988509,0.1025158846962276,0.10269164236031048,0.8240000000000001,4.070438356934427,3.0851715950345775,0.10861494057573129,0.03856689734219274,0.11525885751715105,0.304,2.594160713032466,7.042744184994465
c4,85,c4/c4/c_4_085.csv,15068c788554567d000882a4ed8beb19f9c86ec3d54ef9f2110b36f78c17c4d9,223490,50000,4.4698,4.46978,73.28862893,78.43441676,87.19801218,79.64035262333333,87.19801218,1,6.807922976419527,4.605070941186593,8.219148297573753,24.558,2.305226687002721,2.1540372170595488,5.259628538189628,7.154529714225132,8.879794972593176,60.88,4.819030183925903,5.056408968212117,4.142738869748087,9.979885047691875,10.805551594389723,44.768,2.8852761219693033,2.0223639919663907,1.3951407221799356e-05,0.08724877482483849,0.08724858074391455,0.853,5.031600471399297,3.1247050947883803,-0.004035299118528793,0.08235816921303994,0.08245678459253031,0.75,5.142087483707312,3.0377451330043717,-0.004229482303458767,0.10127947508429744,0.10136752288999888,0.903,4.478752040657714,3.1417512088368493,0.1094107118886751,0.03838774194739882,0.11594962705476607,0.287,2.432090616960794,6.567734346870149
c4,86,c4/c4/c_4_086.csv,e67fd565530c4923cdd72dab7205a82f6f1b08cab2d1312edfbe1cde44e9c937,223357,50000,4.46714,4.46712,73.81619066,78.92288232,87.60392369,80.11433222333334,87.60392369,1,6.8656364340495255,4.655158555283733,8.295020662877594,24.236,2.3074083571191752,2.1366408800246264,5.298496465299945,7.163107352934262,8.909766664736686,60.590999999999994,4.72425390965544,5.052001151755218,4.211114426680158,10.070934477455221,10.915894460640615,45.2,2.84365153143651,2.0168626343948732,-0.0002172486199223663,0.0857223084334841,0.08572239182801282,0.821,5.272834674362096,3.1884287361293784,-0.003944232775332763,0.08088006813372482,0.08097600327210894,0.6930000000000001,4.3346174893383145,3.071783890140074,-0.004787255380399987,0.10012018854116285,0.10023435084109338,0.87,4.619174924712363,3.130325451424737,0.11076871555402339,0.03931667419566238,0.11753936487208431,0.289,2.4162117968654275,6.10363416733178
c4,87,c4/c4/c_4_087.csv,f841487764d9264ef0a127e6470036fad345b6fb6a2bb5e31ed7e41c5eb866cd,223357,50000,4.46714,4.46712,74.3495934,79.41013074,88.00209657,80.58727357,88.00209657,1,6.8712720353514785,4.712173159893703,8.331797876790251,24.677,2.3644356585843203,2.1468126260024682,5.440244268144719,7.142238959743852,8.97817390504988,59.266999999999996,4.687478817527559,5.051165667583534,4.315810146984424,10.053087365443126,10.940307597233716,44.774,2.7955338301213066,2.0149481045059914,0.0006790922156010331,0.08560829900120907,0.08561080079147791,0.89,5.256346113337548,3.2763552124343898,-0.0031625693396669908,0.08081217778488287,0.08087385662087229,0.834,5.218002672709049,3.123832174071528,-0.0033225195538980194,0.09983817382287431,0.09989322029989768,0.89,4.654970563607672,3.1051555593421774,0.10634052212377493,0.03806394543037683,0.1129476166216919,0.271,2.3550740418980562,6.339306892687788
c4,88,c4/c4/c_4_088.csv,ddeb01551f9ed9447de493161564436746bf89123bf3f85153df056969d2f010,223357,50000,4.46714,4.46712,74.88812711,79.89551141,88.39213832,81.05859228000001,88.39213832,1,6.942003890632486,4.764869632377881,8.419934618645302,24.619,2.3314907881266262,2.1237292953381135,5.522101098241828,7.190764105309169,9.066446793406001,59.506,4.619891447492259,5.081824901295448,4.3878020209798665,10.182756191266629,11.087870219222292,45.344,2.776547649938073,2.016295301414381,0.00162062975416038,0.08717160465339413,0.08718647301834366,0.857,4.977836411718229,3.2356478817827723,-0.0014590901561177842,0.08223304862435722,0.08224580812727057,0.756,4.74188300753879,3.135243189518092,-0.0012846295392577795,0.10089824800519076,0.10090619973156656,0.874,4.410036263220706,3.0374411943360013,0.10801329709836718,0.03731739535829128,0.11427796861853652,0.28500000000000003,2.4501660589947036,6.692619687396861
c4,89,c4/c4/c_4_089.csv,ebc2f23c1a0668ed697df5e15a7857e411ea67634fd30d906ce00312a07d06ce,223201,50000,4.46402,4.464,75.4310858,80.37838559,88.77367027,81.52771388666666,88.77367027,1,6.941802146943785,4.823915098470055,8.453322995606673,24.805,2.3031179584783823,2.1202374369011725,5.5911208820749,7.147233179815486,9.07432344472174,59.275,4.572131493079288,5.127413857669973,4.45664738509236,10.199799704751172,11.130909838079504,44.244,2.757456528396037,2.015979118667677,-0.0007974202624540218,0.08886273208169071,0.08886611082572525,0.86,4.895004360583256,3.1851267812426958,-0.005387493783630001,0.08420506089713745,0.08437704428731235,0.79,5.025063434981642,3.1103102431320684,-0.006379236652165536,0.10238428718874146,0.10258260066320384,0.88,4.532932456320485,3.0483649879867993,0.1073205137969812,0.037219318494448664,0.11359121508473213,0.261,2.25369540953532,6.725619320679383
c4,90,c4/c4/c_4_090.csv,6985bed43958d0be290248d454a924952ed89f4016dfc88c0a95c63cdc31f781,221178,50000,4.42356,4.42354,75.97776878,80.8581276,89.14632832,81.9940749,89.14632832,1,7.086557727260397,4.891819341775532,8.610986511511356,25.17,2.307749521316132,2.122738811609513,5.664278210310248,7.1755956245473955,9.141826262604102,59.432,4.637147850141313,5.082586052737407,4.574843338849252,10.331780707439293,11.299309781493905,45.936,2.8017640556992,1.9927702776550256,0.00022768991491016303,0.08965875273200119,0.08965883915854067,0.798,4.505969559628366,3.107388251853996,-0.0033087287162376,0.08473361592867738,0.08479800052179196,0.746,4.776056009668771,3.0447426577483268,-0.003730890956605087,0.10343636262523191,0.10350339263665716,0.921,4.618206107291498,3.0748523710738493,0.1091831013934478,0.03382195945507505,0.11430165965246238,0.255,2.187194838291347,6.504022118459239
c4,91,c4/c4/c_4_091.csv,edc26fe02912887d2752bd9176e9fbed45bff7eed9b8e888026e0d4537ffbcad,223935,50000,4.4787,4.47868,76.52748184,81.33412589,89.50976354,82.45712375666666,89.50976354,1,7.027767151182263,4.99843440730452,8.624021456706018,26.697000000000003,2.410592332633232,2.0958724694009847,5.611398142318083,7.152030885301351,9.090605396480322,58.692,4.581983067500334,5.132077523439571,4.58140003125907,10.323703090972314,11.294582587260491,47.018,2.901745128409332,2.0194638885388376,0.0002839663295152614,0.08824092580336479,0.08824118569259401,0.815,4.680354153884206,3.1193176215191176,-0.003603938642909773,0.08324178362944867,0.08331957736733091,0.746,4.524746907175496,3.062666437800491,-0.0040642999084555785,0.10200476698703646,0.10208547672207105,0.965,4.78030779371865,3.1833468278205177,0.10760785049233035,0.03804807721739263,0.11413631850946349,0.277,2.3831152393218944,5.96145338613104
c4,92,c4/c4/c_4_092.csv,002efe92022a9d7b911adec2b53038ffbbcb6eeff45fc030cff368de97531088,223646,50000,4.47292,4.4729,77.07953845,81.80578408,89.86364278,82.91632177000001,89.86364278,1,7.043755765808465,5.038667874455367,8.66040159103289,25.927999999999997,2.361322368834978,2.1003567842851103,5.683605094658523,7.16097552020726,9.142357900674414,57.985,4.491729644162226,5.13116738619785,4.6287662868998325,10.288948461905928,11.282174632674657,47.476,2.9162817516324817,2.029343020267385,0.0015600726147572506,0.08653460690317107,0.0865484750639807,0.883,5.153181493611481,3.149114063341677,-0.0014590334725414274,0.08130182681035003,0.0813147358465552,0.714,4.710093392208017,3.0613462002569403,-0.0012283027641898359,0.10046055864860641,0.10046784284206425,0.925,4.797554982420648,3.129396617023596,0.11048217719073894,0.03767254362970869,0.11672842701974295,0.267,2.244526090938298,6.510256807635245
c4,93,c4/c4/c_4_093.csv,c0558f90550ad4500bca4ac06af3d2e2afb98da290e994461bbc4c8574b9644b,223779,50000,4.47558,4.47556,77.6332608,82.27252187,90.20764919,83.37114395333333,90.20764919,1,7.045122553948315,5.128769604074781,8.714236163086824,26.855,2.394128367598629,2.098942394980393,5.6769894940990895,7.090917889037241,9.083452071444423,60.275999999999996,4.75909375202173,5.137214584203262,4.681544340621774,10.3208948913202,11.333016048768693,46.634,2.8646390210951176,2.019159434938212,-0.0009093748743179653,0.08592288644420813,0.08592750657586577,0.85,5.015856006708029,3.2648287119352726,-0.005421817954321004,0.08057131813642554,0.08075335538898495,0.777,4.86667084119215,3.1182096638632855,-0.0062967704744413015,0.10006858215806341,0.10026627401709767,0.9890000000000001,5.5452344813889205,3.0911248776764064,0.11013138855746071,0.03883600151637496,0.11677821294887444,0.271,2.277822149209073,6.007550810950185
c4,94,c4/c4/c_4_094.csv,aef758f1d45b85ae77f7aff3626e2e3f224877a14e1d5750c4971edda9199a33,223779,50000,4.47558,4.47556,78.18798081,82.73377594,90.54148272,83.82107982333333,90.54148272,1,6.961900768168595,5.107254729253264,8.634349808390326,26.826,2.449750180314191,2.0962462206480352,5.670101694082107,6.992374311751933,9.002395972609957,57.213,4.487583097090496,5.0934927119176105,4.665957900428548,10.157402359758759,11.177813953487185,45.506,2.8338278067437255,2.0225306004422645,-6.311584196908548e-05,0.08698780013313322,0.08698762866952799,0.87,5.06968642259912,3.307158459587157,-0.004152051801107343,0.08223271493889407,0.08233728634153191,0.802,4.8945018460818766,3.1617678603963237,-0.004434330299089727,0.10075471269982064,0.1008520205668572,0.9059999999999999,4.739617484243882,3.0236863621898533,0.10844584165627696,0.03848692881524443,0.11507274934988894,0.31,2.6504972004503022,6.208535644276074
c4,95,c4/c4/c_4_095.csv,f3507bbe26ca3b02e8bd1ae81138246e1568cb7b37f130e482449cab293f5868,223357,50000,4.46714,4.46712,78.74304115,83.18900074,90.86486054,84.26563414333333,90.86486054,1,6.831214119100812,5.0807732637018965,8.513496797683812,26.422,2.4171031585515443,2.10291231519103,5.6727512323320965,6.82950082645474,8.878174320177491,56.443,4.513540572066498,5.0683103715561595,4.663551332619976,9.882880040427164,10.92792714276296,43.57,2.792661371302297,2.018661132551314,0.0006400470994864724,0.08888548939434865,0.08888759482039435,0.88,5.0288232109689215,3.183310109179354,-0.0026893762004324916,0.08463806272866634,0.08468059006867802,0.782,4.888959791898426,3.1086523760524103,-0.002990871116642863,0.10251691102141364,0.10256030080864885,0.9390000000000001,4.855679986051718,3.070037798269627,0.10608482384702517,0.04034421644152039,0.11349730553495879,0.307,2.660856119681006,6.304247429278225
c4,96,c4/c4/c_4_096.csv,376ea559b8666ad8bf37cc36778084b727a082fa478d6fbdbe799c3cb06c0928,223357,50000,4.46714,4.46712,79.29779609,83.63766927,91.17751744,84.70432760000001,91.17751744,1,6.883134139516559,5.156177580621512,8.600208357682737,26.623,2.384825942231738,2.097594460647054,5.733771786870347,6.831970338893469,8.919178697692535,59.625,4.709290106595411,5.089850001273166,4.7496146841155635,9.926895606193675,11.00461970411178,44.144,2.834355101643881,2.026090960121427,0.0012295831337276197,0.08912472961868298,0.08913301151318456,0.769,4.420360013772445,3.110552844905954,-0.002495605689546332,0.0846894353874064,0.08472600782888345,0.707,4.189976715496549,3.0514824403193868,-0.0023214674265861377,0.10276903359125163,0.1027950202642134,0.956,4.825136458216889,3.0994612296156276,0.10597204475346642,0.03848974690028974,0.11274541344540884,0.294,2.5632971769617336,6.7273944845823825
c4,97,c4/c4/c_4_097.csv,6e30ec967240acf3960c0ef6321bdf8c8b71b7c73984ec6b8a1b465e16c0716f,223646,50000,4.47292,4.4729,79.85161241,84.07927373,91.47920614,85.13669742666666,91.47920614,1,6.1131490704059095,6.089121935509181,8.628315694060385,32.178,2.6329588306138083,2.212066115882391,3.8053046600431037,7.212002925198549,8.154329965144033,71.19,4.984958932708826,4.758739515052908,3.2686034492009695,8.74398475258813,9.334918103243025,44.649,3.2714802274902133,2.155496885586348,0.011395991880024683,0.08290035522027431,0.08367978726878662,0.8160000000000001,4.947431315404718,3.259416055855625,0.014777599420512775,0.07774391801192501,0.0791357517630564,0.749,5.244153126169428,3.1269245634625418,0.019957557926365773,0.1009189180393967,0.10287315780887342,0.9319999999999999,4.821471514673549,3.1385291323156355,0.10453603909750231,0.03623136168827189,0.11063674421450288,0.268,2.377148766146758,6.686983299267774
c4,98,c4/c4/c_4_098.csv,56bef3e471ad339794f689e8fd9b35efc3cb4e9d49721da74825e86fddca6247,223513,50000,4.47026,4.47024,80.40387017,84.51332619,91.76969765,85.56229800333334,91.76969765,1,6.346377454555216,6.30682173288746,8.94719672343118,31.302,2.5068186934196137,2.213185554384631,3.821740990456931,7.237989151337014,8.18498361429363,63.113,5.237273771097152,4.890811865409715,3.515105756712137,9.313767009211475,9.95499052128612,45.166,3.0276271921659355,2.144888840151108,-0.004602018674528999,0.08256525141654779,0.0826932211122599,0.877,5.490171913652679,3.366568598171939,-0.01250827468648356,0.07757255392689136,0.07857436691438605,0.6930000000000001,4.543466451202644,3.1441661786812416,-0.015301020522296241,0.10210846163627633,0.10324830516806137,0.987,4.929863005222996,3.175921584490912,0.09896127294609262,0.03749281537404041,0.10582550948903173,0.267,2.4757735754360337,6.8362108052922
c4,99,c4/c4/c_4_099.csv,22c44bd163bb514ab3c6319340189836c4f162a26611b7bce542623de606092f,223802,50000,4.47604,4.47602,80.95396348,84.93935911,92.04878148,85.98070135666667,92.04878148,1,6.3820395572872455,6.298070607568257,8.966378591886606,32.119,2.5607885909230608,2.211582808898982,3.850018735310676,7.251092252998817,8.20979586782474,62.962999999999994,5.143855058017322,4.956454700900201,3.5770454285484483,9.375486362253227,10.034670187402916,46.847,3.098557243967299,2.1415686306480537,-0.005326431399183206,0.08235127739578037,0.08252316921803586,0.956,5.840783922470302,3.4946651799976505,-0.010169949330211526,0.07729896465517369,0.0779649351173607,0.755,5.3100794527284005,3.238626784817855,-0.013027944343660915,0.10207441331531117,0.10290221879100718,1.078,5.276854147361241,3.1728347461973434,0.09643861091500522,0.03893985765997736,0.10400342020603907,0.28500000000000003,2.692219154382593,6.983182511430968
c4,100,c4/c4/c_4_100.csv,ab0692efc6884f0f2691c3c2db190e626e0de5f23638334b6eceee9a03fb9150,223513,50000,4.47026,4.47024,81.50130122,85.35692589,92.31626586,86.39149765666667,92.31626586,1,6.481661925704546,6.356817185023328,9.07859489414517,32.912,2.6031561354545114,2.2268425451213583,3.95790434113452,7.312626843786832,8.315003240191821,62.357,4.980635461429431,4.99952744511659,3.685418758640437,9.585736619261722,10.26977345707844,46.683,3.1211009798767733,2.1524714462232413,-0.0015348816399940938,0.08405798077154979,0.08407180490991059,0.888,5.388251156085258,3.4754970687720426,-0.004666131276480563,0.07909726532496063,0.07923460211211213,0.792,5.212369204752618,3.249233589820951,-0.005311288381436427,0.10327993417580489,0.10341618279784688,1.042,5.221619918572771,3.1219030391683056,0.09716175792906899,0.03871486627223561,0.10459082831926997,0.268,2.5145608293413284,6.717897509636552
c4,101,c4/c4/c_4_101.csv,5be9c8ac7ed3d91b841419f9948584b678a1931dc995242d9f8ca5fb02a9103b,223802,50000,4.47604,4.47602,82.04530765,85.76560133,92.57197792,86.79429563333333,92.57197792,1,6.525433061366745,6.422840264108338,9.156089196216215,32.312,2.548904832605225,2.2285750054405815,4.042152183626599,7.26040684140359,8.309769325435065,64.731,5.174391528341108,5.058758445974824,3.7775279175342495,9.665240639712716,10.377195015162709,48.351,3.187373847332615,2.1515019760849436,-0.0014203224278603412,0.08563464405672735,0.08564623057464939,0.954,5.884672292269919,3.4230900126890944,-0.00554680476492614,0.0805459601193492,0.08073654529575562,0.794,4.954385879835613,3.2158613211475426,-0.006545482167272857,0.10408469741290131,0.10429007222720153,0.982,4.784731560190137,3.136064499764464,0.09765340792307485,0.03983745338546359,0.10546659983159884,0.267,2.4841987929670815,6.306713369670726
c4,102,c4/c4/c_4_102.csv,5ad0d7e6f058a439291a233c50b115f7124a37760415dd49ad9773fcff942daf,223513,50000,4.47026,4.47024,82.58542306,86.16498203,92.81576385,87.18872298000001,92.81576385,1,6.598011645855052,6.498821968732084,9.261115251501183,33.702,2.6502207707674876,2.240381036059063,4.110212622979424,7.228142686931667,8.315026203161766,62.623000000000005,5.008402737704495,4.981635518061068,3.8738328643076687,9.75516165094456,10.496158065472297,47.821,3.02844143559205,2.1212733312277376,0.0005927037800933279,0.08558578307857502,0.08558764391622611,0.855,5.059141485701183,3.2983531157328794,-0.0025042391270306426,0.08050619099602757,0.08054495021485703,0.699,4.395061379461905,3.133328757757402,-0.0025487197612666826,0.104761060553601,0.10479182543970267,1.045,5.248500994158849,3.1113746750748854,0.09712010934487032,0.03873018853963053,0.10455781382724487,0.275,2.582303417763747,6.335008106293505
c4,103,c4/c4/c_4_103.csv,3b33807d15787b0f9dabc19303ddffca7b38e59d7a069e25d19ef0cca9c6de54,223513,50000,4.47026,4.47024,83.12110433,86.55468673,93.04748896,87.57442667333333,93.04748896,1,6.643572414132511,6.554463759053327,9.33262328515022,34.259,2.592518658553199,2.243816252636183,4.22112749146582,7.267874770761166,8.40474179593639,61.07899999999999,4.896759591103503,5.092222400569315,3.980059777283648,9.894241015314533,10.66472892819658,47.492999999999995,3.0335510839346544,2.1469458762490903,-0.0004689481148747503,0.08471197431294357,0.08471308280475666,0.9750000000000001,6.31543537652911,3.300602710438751,-0.004701113581760344,0.07969785989638789,0.07983621310638288,0.695,4.396501115756675,3.1098715136098596,-0.005097766125460264,0.10359703314900724,0.10372215038311418,0.907,4.5313368288642355,3.1271081710609203,0.09599848778370833,0.038425887812130376,0.10340334571381579,0.289,2.7465262176913736,6.740589589779133
c4,104,c4/c4/c_4_104.csv,a455682d9c10565504eec9de228e145d5e85c13a8f8b8b100d3eba15a59cb190,223646,50000,4.47292,4.4729,83.65182542,86.93435665,93.26703779,87.95107328666667,93.26703779,1,6.733519159743523,6.659572987967556,9.470480154280917,34.022999999999996,2.579594656450124,2.2433530233042136,4.343829444747502,7.289825593436046,8.485880850752036,63.297,5.102239916102867,5.152215509940418,4.091701483594609,10.020835442642449,10.823987943404758,47.533,3.011921314995953,2.142471596778792,8.3413072444846e-05,0.0838465222007322,0.0838463762378775,1.039,6.833926827968838,3.345521247129441,-0.002997084678465074,0.07888498682264658,0.07894172431652044,0.727,4.699669322048991,3.1210093901164395,-0.0036684090035144826,0.10344607315597236,0.10351086622991298,1.068,5.728867138285357,3.166880777503944,0.0964070137628216,0.03917042560094401,0.10406069230948382,0.266,2.508151677712922,6.559577008958431
c4,105,c4/c4/c_4_105.csv,42109ec81007f5c2430d0be6b101af00ff6e7dcb500ebd68cd2392140b8bba87,223802,50000,4.47604,4.47602,84.17707788,87.30365573,93.47431411,88.31834924000002,93.47431411,1,6.814538359800181,6.753064007314658,9.593831496083242,34.717,2.639195821850435,2.2555087435235572,4.359423642326699,7.29911317242158,8.501846243180657,63.278000000000006,5.040787468295473,5.0594623113363975,4.1693217486885725,10.107161919313192,10.933321062511864,48.769,3.084515656970208,2.1357258085363022,0.0006244492899974084,0.08343207565773078,0.0834342260854838,0.915,5.585237879746768,3.4170913709955344,-0.0028830752182732954,0.07845194625586745,0.0785047291146506,0.791,5.133448704872888,3.196100189107495,-0.0029721718304572793,0.10318719952619629,0.1032297649686114,0.987,4.862938515384984,3.1659637769467537,0.09915344366895738,0.040067083951203154,0.10694283255361016,0.276,2.53406416801377,6.687328288696026
c4,106,c4/c4/c_4_106.csv,f64c551f3133f3ecd33921a4912641a6ad30d2480060b4ea2af4662a766bcc38,223513,50000,4.47026,4.47024,84.69637128,87.66227089,93.66924092,88.67596103,93.66924092,1,6.893424498798727,6.846723823236369,9.715797378558902,35.269,2.647338041112491,2.267980153262648,4.430429487322885,7.254864370962279,8.500678031912074,64.196,5.04524460742964,5.092083242896655,4.269953304729479,10.199755791987114,11.057443374792948,49.147,3.0431989438634677,2.1197479724870676,0.0007315905562539987,0.08426212688405295,0.08426511428700326,0.964,5.803113235383359,3.523191604677026,-0.0026945009909938125,0.07895960707151796,0.07900539216225656,0.796,5.328750209041115,3.2187851046123432,-0.0026793430359755357,0.10443813983775282,0.10447226968130666,1.099,5.896301495881271,3.1697876513534897,0.09848791345469837,0.04109656824523551,0.10671827145297329,0.276,2.539396453019008,6.94515604901085
c4,107,c4/c4/c_4_107.csv,1479325f3d6815d9728dac5fa96fb146c5784350fe03a1927baa722ddd9989fb,223513,50000,4.47026,4.47024,85.20923356,88.00991211,93.85176045,89.02363537333333,93.85176045,1,6.943699829540117,6.90796172696278,9.794625518331058,35.728,2.676774109528935,2.261741325429853,4.528138833088009,7.344611899964335,8.628274677460205,65.85,5.308013677362584,5.225644633764793,4.354332727850281,10.28668947751189,11.170305299746378,51.15,3.234020828492505,2.160182772689694,-0.0005162250070465701,0.08620456500485586,0.08620591782778164,1.0750000000000002,6.403272697621075,3.4917456389356043,-0.004682984882311096,0.08079798280013258,0.08093339955925882,0.7889999999999999,5.115317066310459,3.237584932012169,-0.005347362345814337,0.1055704664591256,0.10570557132446351,1.016,4.843642521248144,3.121579113629163,0.09729057370264817,0.040557646770686996,0.10540574502161225,0.309,2.8840932715542995,7.034197404267083
c4,108,c4/c4/c_4_108.csv,e5f3cc17c72aacc599fad490128d4cd2b2d32b6a83c88a54dfd2fdcd36b33b5f,223646,50000,4.47292,4.4729,85.71521147,88.34631267,94.02183405,89.36111939666667,94.02183405,1,6.997351425914168,6.9861820183431504,9.887843442280577,37.021,2.74033465013585,2.264055045333392,4.66000792770718,7.397443144399151,8.742859616787113,65.053,4.9581031721895386,5.241745933375575,4.455243974853116,10.356699689681955,11.274304756170546,49.987,3.0840926116503518,2.1468343927321385,0.000872561995296138,0.08706977902265763,0.08707395641358845,0.84,4.857939358937733,3.321604684951208,-0.002296526653729555,0.08190508267832633,0.08193708932715603,0.727,4.466841609892265,3.160490357844688,-0.0023785536070396966,0.10645356283593224,0.10647989428408348,1.142,5.972958597265143,3.1304674445010594,0.09793321588581955,0.040491357917566785,0.10597385294845843,0.273,2.5289256976468035,6.288530140349007
c4,109,c4/c4/c_4_109.csv,599da00360d9029b1d6366109464655c72cd6a6500d6aad7510bb4a1927945dd,223513,50000,4.47026,4.47024,86.2138708,88.67122916,94.17944214,89.68818069999999,94.17944214,1,7.031638343183618,7.03742323124567,9.948318548783513,36.842,2.671406214997984,2.2578311772606274,4.620356757772479,7.334448239145195,8.66842470499507,64.154,5.067356699157599,5.165295624085681,4.492036065016352,10.420642485447996,11.347585293216921,51.235,3.0624136414971552,2.12878109645901,-2.899607629086449e-05,0.0856862436780358,0.08568605690327212,0.8109999999999999,4.843261727733351,3.29394297636045,-0.0041747996760814815,0.08037465975574816,0.08048283034710703,0.6990000000000001,4.460578715381923,3.1313550548017637,-0.004595567148219567,0.10539234982613872,0.10549226011409979,0.965,4.616452424787029,3.1280309169070573,0.09835039125241038,0.040856196146892905,0.10649892372669736,0.3,2.7699810446633535,6.919121203323305
c4,110,c4/c4/c_4_110.csv,1104806fc053ef0532da5b5de20cf44f619c7ff2ac717f3cc6a2bbffddf28a81,223802,50000,4.47604,4.47602,86.7047967,88.98444158,94.32458407,90.00460745,94.32458407,1,7.139112519101706,7.174882870388865,10.12154344673567,37.861999999999995,2.757089385315048,2.272016033778865,4.70011009284993,7.338446570580169,8.71456208464863,63.436,5.000366005397158,5.116701125768452,4.608620320640566,10.585224200877274,11.54494919826088,50.14,3.006596166332965,2.1082370422576657,0.001127188318245592,0.08495549697492111,0.0849627846210099,0.88,5.437674883901522,3.3588388864655334,-0.0018075799143886112,0.07947949883847577,0.07949987330154107,0.778,5.094347741459222,3.1384369198969644,-0.0019142635007730045,0.10573059492826327,0.10574768630290127,1.0150000000000001,4.879539383225666,3.178493504126608,0.09788379460415904,0.03996881734395563,0.10572954396926786,0.28200000000000003,2.6198921285474848,6.519297445091252
c4,111,c4/c4/c_4_111.csv,f08e2842dca4a78136d863a064af365b4034300bb1e2097682d613d73b0452f7,223513,50000,4.47026,4.47024,87.18759393,89.2857533,94.45727798,90.31020840333333,94.45727798,1,7.206526143893196,7.2843529132113565,10.246735042327959,37.269999999999996,2.695395156204335,2.2722700445957686,4.843891831795018,7.4248063215080204,8.865144688485765,66.033,5.083729773585676,5.264864240583878,4.74229225145741,10.674318240004784,11.68032088229336,51.047000000000004,3.0857028983371024,2.130367336302603,-0.0006778173976457745,0.08465101765177327,0.08465354195808057,0.955,5.646544597468821,3.5184995812460786,-0.0048206726230689044,0.07888648580878017,0.0790334656058387,0.8069999999999999,5.238287310653061,3.1724161283681127,-0.005661961496646727,0.10541340395337885,0.10556511651991143,1.05,5.162690270864273,3.2264067682703756,0.09910840980166702,0.04093690098224593,0.10723012290285455,0.295,2.7044639337280842,7.027355389487056
c4,112,c4/c4/c_4_112.csv,ef47fe2f9db36966f3b600eb6c181dd8510e7fdb1565e13318a06a0c48d09c00,223802,50000,4.47604,4.47602,87.66188705,89.57499109,94.57756064,90.60481292666667,94.57756064,1,7.329937359809116,7.416634927321269,10.4275696862701,37.255,2.652104069504625,2.26216767325328,4.898708814040983,7.45928046797329,8.924010562979642,65.012,5.058375904132485,5.212697085839126,4.859410076764283,10.877025441318176,11.913144845494822,52.057,2.9318874615386443,2.1279043515137426,-0.0003365608886426397,0.08461215777360362,0.08461263810607514,1.018,6.133835460245933,3.516659864099187,-0.0037362758152295335,0.07894529995361772,0.07903348843421615,0.741,4.706865499295729,3.2064026126170555,-0.0044030214207201,0.10532168067878095,0.10541344057583578,1.0390000000000001,5.122686415035634,3.1441997601411993,0.1005003574588252,0.03847376694332163,0.10761294521636973,0.274,2.4996992644253044,6.609188052458089
c4,113,c4/c4/c_4_113.csv,1c22be73c6e32dee49179caca776fdb552eff7c7c0af07dd6813052634270426,227519,50000,4.55038,4.55036,88.12732061,89.85200505,94.68548722,90.88827096,94.68548722,1,7.293110759980485,7.532203811779178,10.484431766181487,39.076,2.7242296613660453,2.267388216793957,4.889684514260348,7.446458897662327,8.908339971552543,67.071,5.139453607092274,5.30303572464018,4.8802906394630785,10.930314776240735,11.970317152294102,53.173,3.125564638262708,2.1660399647319992,0.0005091311055340434,0.08674890363379925,0.08675020703348038,0.99,6.155604905863891,3.556265930551437,-0.0027627626703703866,0.08137096678714949,0.0814176761615827,0.794,5.097173237619617,3.251905535070018,-0.0031251324065242904,0.10710115103192117,0.10714650058990692,1.024,4.881167346768822,3.152230683379484,0.10049359833684218,0.04550702843493601,0.11031701519535972,0.332,2.9641846221176102,7.065638968429328
c4,114,c4/c4/c_4_114.csv,56208bc188d795fdab2fb1c34b5b3b852f9f4ebf43e03a0895283dfc00f1816d,223802,50000,4.47604,4.47602,88.58355929,90.11666848,94.78113112,91.16045296333334,94.78113112,1,7.493911917677233,7.669488665880469,10.722849873035264,39.46,2.7391971675236944,2.27672299780879,5.0480138157835945,7.541055500883473,9.074673958567018,64.354,4.910369254416328,5.266454977622572,5.047967095915139,11.085494608048458,12.180706605659617,52.574,3.0713324941770974,2.1153023378098847,0.0022596938365162067,0.08934947030068678,0.08937784058624766,1.056,6.522869608126387,3.458691454006286,-0.0004903262705427118,0.08313487674123515,0.08313613696122671,0.764,4.967755480298733,3.174718647861067,-0.0003044655543739555,0.10950336153451624,0.10950354016233824,1.053,4.949611667316772,3.1663447982671022,0.10316628537725311,0.04155875098648068,0.11122232017394192,0.28200000000000003,2.490507297157589,6.318281695228172
c4,115,c4/c4/c_4_115.csv,43faf4e576fde89166169021f81b51b1870c6abf63696971b8b9501622b1ba10,223802,50000,4.47604,4.47602,89.030288,90.3688778,94.86458369,91.42124983000001,94.86458369,1,7.531527278576599,7.7577934619801825,10.812353750838625,39.255,2.694602921009705,2.2735128721734985,5.089587756141589,7.4909925757536575,9.056413338765694,67.511,5.144751929614357,5.221608658970395,5.137793759662558,11.132940730355317,12.26126992683712,51.997,2.948471097669217,2.1022253274391365,-0.0013336207898052743,0.08838310576858516,0.08839296932315287,0.952,5.9506995186123275,3.295244862489847,-0.006103689868723247,0.08217120463224988,0.08239740123769843,0.7130000000000001,4.52684179837149,3.1061127642253,-0.007157764452507127,0.10902237207535018,0.10925684461852067,1.145,5.757076384515822,3.1271070740001248,0.10304690306610306,0.04018564981645779,0.11060535008304592,0.275,2.441111571883961,6.519220825342731
c4,116,c4/c4/c_4_116.csv,6f2b74091f72b3b8b3adee7f5816a26025d7ffd5c202ea17aa656dfb0936c9f4,223802,50000,4.47604,4.47602,89.46721198,90.60855238,94.935954,91.67057278666665,94.935954,1,7.674086406734524,7.945078241582898,11.046066647853294,42.216,2.7274867118292385,2.2853797970731207,5.228974495312821,7.551402839548199,9.185075085296045,68.25800000000001,5.2557000951771835,5.155000929668951,5.298808031206155,11.349170785319203,12.525193353428806,52.314,2.885943472489761,2.1028973038545327,0.0005480469343437504,0.0873618060955775,0.08736332993751478,0.944,5.414170915168935,3.284704885574034,-0.0031132072099445043,0.08165830061571354,0.08171744198172398,0.8049999999999999,5.139661617086992,3.1157986302795395,-0.0034223867525759377,0.10909659566771802,0.10915001940509599,1.0470000000000002,4.874025702419271,3.1757171252210417,0.10340548788661406,0.03751787145128939,0.11000126960111774,0.29,2.5908791874262516,6.737160559785403
c4,117,c4/c4/c_4_117.csv,cba7801e8242ca1707ccaabb0039956e1dff69d38cdd33a8c474187cc7c7ff95,223935,50000,4.4787,4.47868,89.89405683,90.83563433,94.99536852,91.90835322666668,94.99536852,1,7.710183535400898,8.039258783927261,11.138955217407302,40.867,2.71695140247132,2.2867868181434923,5.287166177685489,7.574176945253247,9.236992281380749,66.894,5.08076639780246,5.276286943080032,5.364674927992498,11.438860185165167,12.634345060528826,54.156,2.9618472363009607,2.113612694306328,0.00012455846562618624,0.08597364285500575,0.08597354112383494,0.931,5.513324143729962,3.4843944233460125,-0.003474794025051913,0.08035621385286215,0.080431128697058,0.741,4.612641970963295,3.1433834337686735,-0.003696443164311073,0.10820449443872314,0.10826737285456146,1.101,5.680381667948537,3.1838491224894394,0.10313606180364837,0.040874634002808,0.11094041413489937,0.309,2.7402097096045397,7.423243455280802
c4,118,c4/c4/c_4_118.csv,a6f02f4562405b481bebcebb46ff233d61ff43b720555e474ece1928dbf94cbd,223513,50000,4.47026,4.47024,90.31056855,91.05008833,95.04297086,92.13454258,95.04297086,1,7.81379098307481,8.180269118383912,11.312463612747717,41.892,2.758638707560894,2.293967859539693,5.389787757311655,7.580542438759077,9.301299835895954,67.032,5.004354318346338,5.276675685266847,5.481096034682546,11.517437640542884,12.755124070791862,55.628,3.046148338844647,2.0924854382552676,0.0006766004661921233,0.08622397172372843,0.08622643345071063,0.994,6.0654254046000995,3.580449995196947,-0.0028478969903316586,0.08043451370634937,0.08048473499288734,0.8029999999999999,5.404751597162395,3.214072800896957,-0.0033394970314925758,0.1089080906890648,0.10895903538404059,1.042,4.928457728239537,3.197724122949497,0.10402044623802642,0.042522992338434984,0.11237637662356427,0.301,2.6340055525329293,6.799423363474481
c4,119,c4/c4/c_4_119.csv,962360906943ff3515c09640ed00549b0d37e7599b23235197ff6646639cff6a,223802,50000,4.47604,4.47602,90.71651354,91.25190137,95.07892145,92.34911211999999,95.07892145,1,7.902562153153233,8.334911597302955,11.485683676109172,41.891999999999996,2.704236062552065,2.288470412633357,5.473826324161536,7.638866276806707,9.397595005654868,68.281,5.037139818380728,5.332934962174978,5.602489839232894,11.732326434685367,13.001336890003957,53.785,2.9150848347864375,2.1061552566909723,-0.00032703014271543606,0.08854483701038772,0.08854524311392879,1.048,6.053402544847533,3.5713282975803082,-0.0037672317494928556,0.08292801079073166,0.08301335001348996,0.817,5.264213526245911,3.2045081212219237,-0.004331511782736526,0.11074518995659323,0.11082961829848031,1.03,4.646772297031918,3.1355442911115112,0.10591058167487333,0.04247277215521921,0.11410950716240503,0.334,2.883195346131454,6.6337593490356825
c4,120,c4/c4/c_4_120.csv,e91618c02343970bcd54fab1b71707fd4c3bd2fc3e8ed6ee3e21d23224c81ba7,223513,50000,4.47026,4.47024,91.11167857,91.44108249,95.10339716,92.55205274000001,95.10339716,1,8.003363719336235,8.439775526027141,11.631135932084867,42.785,2.7489146534519846,2.2879396586296794,5.55780720584485,7.653798749341459,9.458836828186419,69.03999999999999,5.1364666589047605,5.284194608673632,5.697567895379686,11.836515634027046,13.136390503253514,56.932,3.064312071876229,2.1038975528918358,0.00030931086782424284,0.08970913431048923,0.08970946687117035,0.963,5.384047156289814,3.4379035621652303,-0.003289374667245306,0.08420337152677954,0.08426740793746276,0.7709999999999999,5.031601308001101,3.154777740036773,-0.0034012294586892033,0.11146186155221594,0.11151349406469183,0.994,4.474794769774834,3.076556855177678,0.10512687405206855,0.04015875116165779,0.11253611743555929,0.287,2.5058621749722216,6.901765059212045
c4,121,c4/c4/c_4_121.csv,0da886c4f558f889158457ddacc3ddb983c4edb0abc571f9e7f8c85fa2ebda13,223646,50000,4.47292,4.4729,91.4958707,91.61766247,95.11659101,92.74337472666666,95.11659101,1,8.0400174740438,8.532796997609736,11.723914876539947,42.312,2.6997807757319188,2.2843439085902633,5.6151916510914575,7.659267360277518,9.497078048832691,67.158,4.8768684180386215,5.299729559590008,5.7781979243983805,11.875953528465793,13.207013774204736,54.391999999999996,2.9190550308426113,2.0984180138292268,0.0005411230247802331,0.08955818631054671,0.08955962084627743,0.912,5.180906256809888,3.3462042889612267,-0.0033737960884612284,0.08429420402593799,0.08436150520921035,0.726,4.516277881187017,3.1131326848185608,-0.003612897167845613,0.11153928881300944,0.11159753736847708,1.0150000000000001,4.740247970287438,3.109456015389745,0.1055011223093639,0.04275269413409617,0.11383440381340615,0.28600000000000003,2.4684980162992427,6.526971505199401
c4,122,c4/c4/c_4_122.csv,2330e86adb5285d41fa02d958f6e4b806f850ffb13a7387d36a3a2930d650034,223513,50000,4.47026,4.47024,91.86891723,91.78169355,95.11871175,92.92310751000001,95.11871175,1,8.158150036015801,8.7047370117234,11.930109783506786,43.800999999999995,2.7391198063555864,2.2920141200395037,5.669127478043783,7.683094350320959,9.548229210568273,67.399,4.941020890845596,5.259443782035422,5.879338615650991,12.095593289637534,13.448767416482559,54.119,2.8565443070207936,2.0861991899883585,0.0007090146881836854,0.08829508486025453,0.08829773401852477,0.886,5.243622672161249,3.3412474228810325,-0.0024256799380796643,0.08284080888904317,0.08287612947764364,0.758,4.669619617122632,3.108847781069944,-0.002514149065155047,0.11100745380068366,0.1110356727053009,0.997,4.521069560521825,3.150087803728389,0.10720796105819348,0.03961246689752834,0.11429211445929645,0.28500000000000003,2.449862803962019,6.475343375660096
c4,123,c4/c4/c_4_123.csv,4e5a184c7d8e1ca4885eadf2d6056c24a0353e9205d90a56012e66ca0767061f,223513,50000,4.47026,4.47024,92.23066559,91.93324905,95.11871175,93.09420879666668,95.11871175,1,8.20294015113215,8.76483756925341,12.004593330644694,43.76,2.7027987626347625,2.280268889059971,5.741772344337914,7.720012866970063,9.62113723400201,67.34100000000001,4.951285782687553,5.2971756117857804,5.961590489143808,12.176930969597207,13.55793293988823,54.915000000000006,2.8400346992952032,2.095463769199068,0.00043422530233140806,0.08756127022110147,0.08756215102541605,1.008,5.801593428792612,3.462485177730776,-0.00381520090554017,0.08205850209452079,0.08214696219425403,0.782,4.942361703405737,3.103666276033997,-0.0038901227221682854,0.11007791706053023,0.11014638744373455,1.022,4.920724252321637,3.1561473092317964,0.10815420579563605,0.040997625746993636,0.1156638665626868,0.294,2.4986195653710874,6.064191956949272
c4,124,c4/c4/c_4_124.csv,1e17825884705480b6dd6406a21f1faba96d1f80a275147deeaa9a40e61f6c29,223802,50000,4.47604,4.47602,92.5809832,92.07242307,95.11871175,93.25737267333334,95.11871175,1,8.299327325046246,8.929044520850123,12.190418937052582,46.341,2.866759557686665,2.2814212398041205,5.827446238192689,7.760766988672173,9.705069025611923,69.775,5.09599672804817,5.311356720566562,6.0859413454750175,12.33425267253395,13.753973654217335,57.18000000000001,2.946493938322592,2.1147741111736944,0.00083302651450836,0.08771891595365292,0.0877226753350451,1.052,6.919533606124576,3.56048915653231,-0.0023566634793254753,0.08197157120346174,0.08200525790907233,0.872,5.902060579294325,3.157267833652019,-0.002968186164556171,0.11027146346834509,0.11031115742176606,1.064,4.877113182150734,3.103620829284197,0.11064313545008533,0.04301991384726722,0.11871229144545689,0.327,2.7124402711739832,6.512388994240989
c4,125,c4/c4/c_4_125.csv,8e537e22d627d1a45d4f182d0b2c8dc382929eccccf9a90f84836d9b2871191a,223513,50000,4.47026,4.47024,92.91975736,92.19933008,95.11871175,93.41259973,95.11871175,1,8.340719497299935,9.004364366311323,12.273785749610857,44.480999999999995,2.6964785499086386,2.280047312949442,5.868035971062086,7.752546689566546,9.72293975269647,68.932,4.982238009503817,5.2881579416556965,6.1632440842367116,12.361692782490298,13.81290492294039,56.146,2.8348852191812766,2.0986649586122788,1.2366171095193485e-05,0.08967007923637421,0.08966987949630871,1.001,5.620616452604326,3.5403579087303636,-0.003937967813952656,0.08409600456205842,0.08418796786340874,0.7969999999999999,4.96508005369825,3.169884515753333,-0.004361934205169274,0.11225546149740512,0.11233992490508558,1.0510000000000002,4.904756705735135,3.0799367150774657,0.10848828479775226,0.04111168547312255,0.1160166843990728,0.294,2.4910210242339046,5.993779104940162
c4,126,c4/c4/c_4_126.csv,38ab798ea6ef1d710e252559363fb138d68fbec1827ebae9246823ee6fb83677,221201,50000,4.42402,4.424,93.24689504,92.31410451,95.11871175,93.55990376666666,95.11871175,1,8.468644947355573,9.11821185533167,12.444250030345318,44.586999999999996,2.704060101488192,2.2803400718885984,6.056717410861614,7.796244662271654,9.87243545685901,69.88900000000001,5.0107190081077135,5.200231678269513,6.317200898730114,12.464910154553127,13.974273145503341,57.884,2.912638072563877,2.0767879797817232,-0.0005544821225943826,0.09135580525600123,0.09135728145328606,0.963,5.3526111134342536,3.4132633415690274,-0.004389392453017844,0.08577778726888018,0.08588982647416278,0.7809999999999999,4.8434141396844055,3.093147646856779,-0.004783585969322019,0.11360985958354514,0.1137102657580568,0.992,4.388346088837137,3.0387499756353407,0.11037405346268779,0.0392011301504732,0.11712878952526573,0.28500000000000003,2.390530979914221,6.355191419872458
c4,127,c4/c4/c_4_127.csv,4edfb33e2cebe04be361efd88f3824f301a103cbd615d2dc39e22237b61002bb,223802,50000,4.47604,4.47602,93.5623227,92.41690038,95.11871175,93.69931161,95.11871175,1,8.391839648439245,9.178164994769135,12.436289999751999,46.413999999999994,2.712464891110829,2.274962633625613,5.975205641593908,7.731864277795376,9.77161913660004,71.72999999999999,5.213056228235701,5.1899717433002355,6.290893347691262,12.389309689178178,13.894950443763198,55.536,2.80634322215252,2.1025182610075555,0.0002450201517412714,0.09079657836006798,0.09079670611071466,1.034,6.354856081413616,3.33929161456812,-0.003379706168845676,0.08506556247198639,0.08513248498453774,0.763,4.5693485873301185,3.067038260937219,-0.003938923691477288,0.11305647035331898,0.11312481379724888,1.0630000000000002,4.77348852010338,3.0790360510024866,0.11046399495983057,0.043106199790200285,0.11857668548332526,0.303,2.513141590906637,6.217536871913263
c4,128,c4/c4/c_4_128.csv,1c0a28b18ba7605d405f6c36cf651d0b1cf30d529da494a3f91289f61f40c829,223513,50000,4.47026,4.47024,93.86598613,92.50789083,95.11871175,93.83086290333334,95.11871175,1,8.511635766152304,9.285262251033014,12.596176116353636,45.446,2.698517366383075,2.2642086991698975,6.071881935278931,7.814994006483117,9.896545271502308,68.866,5.00275587507966,5.2081843638406875,6.401947059007753,12.578062428774283,14.113535091727599,57.519,2.86398834432998,2.096860178649326,0.0009604899938706026,0.0903576375187249,0.09036254019728002,0.921,5.323002197037379,3.343951666208508,-0.0024799676081480723,0.08407544482383762,0.08411182459260805,0.741,4.838796470903904,3.0683246725271056,-0.0025899791063607037,0.11248045741065077,0.11251002038275658,1.0710000000000002,4.817348696197264,3.1059887951472325,0.10855300139141794,0.03962926057402867,0.11556048363688007,0.263,2.2325970944419073,6.116716445127343
c4,129,c4/c4/c_4_129.csv,1787d611d6c0d43f908ffb9e5e9ec3d3d42f63bb06da9ca8c47a60db77a756c5,223513,50000,4.47026,4.47024,94.15785016,92.58726771,95.11871175,93.95460987333333,95.11871175,1,7.562826153288622,9.262583346322685,11.957901397089163,46.699,2.643858562648446,2.3199416017115326,4.385756492910927,7.573062059391319,8.751335462670662,64.955,4.864514699680878,4.763447144063627,4.216621695382371,11.049165743425377,11.82638642789941,51.667,2.9534803562311853,2.1920506110325952,0.006006107027331744,0.0961572364475393,0.0963444138244266,0.887,4.681122465718465,3.1720968754452104,0.007858683834944724,0.09190359619675215,0.09223877772818559,0.846,4.759386570512349,3.0295167008830166,0.010808154335542006,0.11898257213438762,0.11947219481501935,1.04,4.394327908789704,2.923118326272876,0.10427344270803039,0.03730197723307258,0.11074467090732852,0.268,2.3748321056466835,5.614208948623941
c4,130,c4/c4/c_4_130.csv,240e05401de9d4399027f8b7bb663c158bafe9598d70625bdd5f36ab7bfd35b6,217889,50000,4.35778,4.35776,94.43789847,92.6552411,95.11871175,94.07061710666666,95.11871175,1,7.807648192428255,9.4793323370865,12.280745069099135,46.726,2.652282073826108,2.32824015092759,4.506661157745457,7.645094591958686,8.874525219214709,63.216,4.865161677214837,4.716701754427578,4.420909357516901,11.517936966840601,12.337208057911482,50.711999999999996,2.7137420267894625,2.159868802964502,-0.0033667326023801114,0.09704623757028047,0.09710439686876893,0.856,4.5723985145599615,3.0779677452397127,-0.009019886272368043,0.09213209521070118,0.09257236282596921,0.8160000000000001,4.482979447982509,2.9994653236380007,-0.011578689149062137,0.12004135172092198,0.120598200779051,1.031,4.701562679519618,2.8645778297643028,0.10336615432628539,0.03489277819593922,0.10909657301080342,0.291,2.621530558725053,7.058139894928502
c4,131,c4/c4/c_4_131.csv,781a04b70c328c8e0470905cfaf3f9aeed9163804ad1c1e6adea5e77c2e47cb1,223669,50000,4.47338,4.47336,94.70613329,92.71203882,95.11871175,94.17896128666666,95.11871175,1,7.857521900665716,9.62279586571245,12.423302165528996,48.638,2.6377044978366797,2.324393114895701,4.539884955000469,7.749364910420135,8.981255114433255,64.723,4.86936396336401,4.776896670560061,4.507155537870693,11.788666194678344,12.620874785860245,54.919,2.9312548161437446,2.1726496271710145,-0.00456082425369631,0.09874158523786061,0.09884663971225052,1.029,5.554058302823216,3.122064407451403,-0.009039607634495616,0.09311483755535296,0.0935523848698793,0.884,4.927720449256301,2.986305530506966,-0.011468750698576913,0.12142075382023046,0.12196091909499948,1.024,4.296458274407056,2.908028128586773,0.10593118849728841,0.03746726667909838,0.11236194414760602,0.276,2.411848620596994,6.166499460925345
c4,132,c4/c4/c_4_132.csv,4f2599c0a9e0c5f9e0617fe195c20f6ea62cc472f195e19542f382e5b7e24fe5,223380,50000,4.4676,4.46758,94.96257518,92.75790598,95.11871175,94.27973097,95.11871175,1,8.04786861402095,9.81599055603716,12.693361591026228,48.791000000000004,2.6230246228499805,2.318614135674634,4.676735961142448,7.866063388365436,9.151313320276827,64.969,4.854494480214796,4.733928661733412,4.649471635777599,12.05541232521332,12.920909496398789,54.812,2.905213445730139,2.159274842571405,-0.0003855895782970722,0.09841868681351124,0.09841922185866493,0.9450000000000001,5.4460906099189,3.1167713594315405,-0.0027955457068672227,0.09213313568921376,0.0921753316641274,0.822,4.491440307571137,2.9888873613624733,-0.0035967454561733367,0.12148313143748384,0.12153609231115045,1.099,4.903893063092331,2.953403208111938,0.10624411764705884,0.037152107246814094,0.112552589612225,0.262,2.283377049656845,6.154582436509172
c4,133,c4/c4/c_4_133.csv,f357508793db162b3ce4d7c2858c2a4c6fb743e4c14d6641e4517a2b5be6c8f7,223802,50000,4.47604,4.47602,95.20726268,92.79310447,95.11871175,94.37302629999999,95.20726268,1,8.120617715659378,9.905145369222788,12.808430757990564,49.503,2.6688671427352055,2.3091609082321716,4.748652572363071,7.904452437230088,9.221159927495824,66.21799999999999,4.885502513156624,4.713313198579084,4.740159136200749,12.144003754064466,13.036306104647585,54.71,2.8330111078653903,2.147367918853383,-0.0004777124422480586,0.09797811695135149,0.0979790626447339,0.987,5.1235436066603475,3.148085630257674,-0.004002832861189801,0.09143343965957253,0.09152081295594967,0.81,4.51263474023972,3.0065464960932453,-0.00495659109391337,0.1210742515903337,0.12117539640407451,1.0230000000000001,4.2830476763560945,2.9764686261487645,0.10545400845390121,0.037949146453946855,0.11207443589286707,0.278,2.4358810983529118,6.465826708050203
c4,134,c4/c4/c_4_134.csv,5c439949699c685b2a572233bc8d3416636a0a8aec92c4614a31fd22d6a913af,223513,50000,4.47026,4.47024,95.44025205,92.81791243,95.11871175,94.45895874333333,95.44025205,1,8.213883823312292,10.050344068580328,12.979863305994783,51.21000000000001,2.6552667919146926,2.310169543831226,4.878471574360328,7.932301641600107,9.31239027983628,66.297,4.859332420590471,4.748138868297776,4.852343827875783,12.315394720193222,13.23682398346719,56.763,2.9288747851012094,2.149551512280354,-0.000363553797765678,0.09782990915932993,0.09783036582826926,1.012,5.305101290442366,3.1778501171405438,-0.0032026280350583637,0.09163453346879095,0.09169027747036006,0.813,4.4715755182716865,3.0231553876003687,-0.0043453669361513654,0.12100253160575468,0.1210802600015813,1.099,4.980167700268606,2.9998481482292845,0.10498983056913914,0.036519661074528136,0.1111599937073066,0.317,2.806765182278812,7.0559389430175905
c4,135,c4/c4/c_4_135.csv,9f8a5b4c21527564e766d91ca9a4bae6704a028a5ee4191840852e5d05681de9,223958,50000,4.47916,4.47914,95.66161694,92.83262375,95.11871175,94.53765081333334,95.66161694,1,8.28009126264746,10.153771917073714,13.101852354214708,50.04,2.603448663427139,2.303675960275394,4.974256476660803,7.95777770041308,9.384517604299674,66.20400000000001,4.824328954240222,4.698441496419716,4.9534831798819425,12.448927830537349,13.398212856843438,57.326,2.907850503367716,2.138850078954863,0.0002892640584395288,0.09720575386283946,0.09720596723955192,0.9430000000000001,5.195154313474303,3.2123053771309102,-0.002956719563489583,0.09072150817840223,0.09076947442300642,0.795,4.428801670995565,3.0233588459453973,-0.0035807428178497754,0.12026055717870657,0.12031358507985089,1.072,4.646191862947127,2.993690450036183,0.10291608247975066,0.03584419630309361,0.10897945083718764,0.274,2.4683552535227835,6.419170514955548
c4,136,c4/c4/c_4_136.csv,05f3930e5cf75ffcda87ae017cb3c5dc2fc788d0ae16e75158bcd525a14d772b,223669,50000,4.47338,4.47336,95.87144806,92.83754756,95.11871175,94.60923579,95.87144806,1,8.490920650604242,10.364991556361467,13.398817229021036,51.663,2.6076928584653016,2.2854940771139045,5.067597959484774,8.072145144434248,9.53099076647134,67.934,4.887424732785263,4.670704507447557,5.114168101077932,12.78529028418685,13.770171828581125,57.522999999999996,2.8714238640022978,2.119357512099172,0.000112733548234221,0.09753689784058697,0.0975367449509362,0.9750000000000001,5.587637769480115,3.2646347527295645,-0.0034232504280879332,0.09059140303576485,0.09065585615807134,0.863,4.809396970889251,3.0580548659634017,-0.004173104006366551,0.12107924863856091,0.12115087165935404,1.0590000000000002,4.5067773142831,3.0138122617974665,0.1028591177141222,0.03680101537744085,0.10924425282248507,0.278,2.498987296325854,6.51571427318791
c4,137,c4/c4/c_4_137.csv,b0409aefe933e0f54168d9b9aa15911111f27a1f112a07571ef1acdbb268f087,223669,50000,4.47338,4.47336,96.06985284,92.83754756,95.11871175,94.67537071666668,96.06985284,1,8.509542605367754,10.450861341440943,13.477103910614243,53.369,2.6306096795824265,2.290157945554834,5.133921714676598,8.05560758635704,9.552469608903408,66.681,4.781800086275666,4.687680186377127,5.171511684676911,12.791029456885589,13.796892265544432,57.772999999999996,2.8371606624599064,2.120549144522323,0.00013964831961514566,0.09757388444093003,0.09757376625244614,0.97,5.4932798085629155,3.2621940036409898,-0.002933830794611681,0.09032551670290853,0.09037294868551533,0.87,4.957235616588926,3.034975469897717,-0.003388618896673209,0.1213675913416401,0.12141461653953767,1.109,4.612294762860291,3.017596969562364,0.10533509784547701,0.03493673044296125,0.11097771179430778,0.294,2.6041264982616377,7.007238557932475
c4,138,c4/c4/c_4_138.csv,60466c425e633211ca159f75b070e1696312c71baf89434152b24753bdfb1dcc,223513,50000,4.47026,4.47024,96.25695507,92.83754756,95.11871175,94.73773812666667,96.25695507,1,8.532710594014667,10.431669844925699,13.476883874763589,51.505,2.607353474774703,2.260902176267294,5.1751502462943995,7.993493418808069,9.52249081055032,67.649,4.844425782893879,4.68725406945882,5.209015802212847,12.755569722180898,13.778159406207298,57.826,2.847405001158958,2.10397457292981,-9.81777346284107e-05,0.0984400086532032,0.0984398374002096,1.111,6.115410345026821,3.321196511529985,-0.0033968628222966896,0.09057711624400469,0.09064058670571308,0.8280000000000001,4.76607682828217,3.049854130294546,-0.004328754927006483,0.12072351260453001,0.1208008253688204,1.052,4.5363928460495675,3.0218083183831124,0.10911481211383679,0.03631068806227462,0.11499783646382129,0.272,2.3217828109661793,6.003651917634781
c4,139,c4/c4/c_4_139.csv,bd0bf39000a196b6223fa84b5a4bdd873a29c0baa95c3a55e9827abc0a7bdfd7,223380,50000,4.4676,4.46758,96.43289455,92.83754756,95.11871175,94.79638462000001,96.43289455,1,8.565791248097412,10.500721222335454,13.551288952487067,52.896,2.6021140958350215,2.2538475535358526,5.181951526546691,7.991048342552033,9.524137198193142,65.983,4.722947503164244,4.590799395584937,5.273822329662459,12.790836933882902,13.835388647417437,56.37,2.8208820868422158,2.090982207982993,0.00027566926313904563,0.09815529145716377,0.09815545886101816,0.9989999999999999,5.735799175440379,3.3132905054642285,-0.002864249261348375,0.09063389349564649,0.0906789380194774,0.813,4.499391026308265,3.064428256415719,-0.003631788879935536,0.12051489976363164,0.12056934078350263,1.089,4.603160276015543,2.9716648833557198,0.10765558689229116,0.036714432268323,0.11374387408372767,0.303,2.6199213135701713,6.49795848933281
c4,140,c4/c4/c_4_140.csv,7aefcfddc63223e762a35647aac9190e85ff59714c7ecd919b9d1db3a569431f,223669,50000,4.47338,4.47336,96.59782671,92.83754756,95.11871175,94.85136200666666,96.59782671,1,8.649257563631974,10.624340008375798,13.699844975637498,52.267,2.5315614929712833,2.2483988684503493,5.286318703083574,7.997154901239643,9.586415701990704,66.86500000000001,4.800334288700203,4.686907050734904,5.352409453254586,12.965621961098309,14.026934383661379,56.809000000000005,2.8263481467610365,2.0914211664455875,-0.0009024540727593006,0.10075585285304804,0.10075966911495061,0.966,4.952378311511931,3.2803314005302533,-0.004412395101690445,0.09313702176183718,0.09324127450020145,0.9039999999999999,5.169384508991869,3.0577599474581962,-0.005210677384885702,0.12275374737239378,0.12286401541221553,1.143,4.899725912263707,3.004515704942348,0.1087780112577067,0.03727920734511042,0.11498864648341081,0.277,2.3654509233591243,6.32022136747628
c4,141,c4/c4/c_4_141.csv,9531e945ad2cdcce6e170fb7732a4ba32e45c143f0cc7e8691d57ecb836c2f41,223669,50000,4.47338,4.47336,96.75192223,92.83754756,95.11871175,94.90272718,96.75192223,1,8.750910734165217,10.77389251169089,13.880010070749602,54.909,2.7100844890070395,2.242209760978862,5.373058215488065,8.039841710332253,9.66998036812758,69.67099999999999,4.89132327051028,4.613145972207554,5.478085800893284,13.09318187291703,14.192958435360168,58.785,2.860009784772537,2.083519112510704,0.00046298324756671695,0.10283141996298155,0.10283223234244437,0.9490000000000001,5.017881925208573,3.2476340350949,-0.002545641103595045,0.0953979149678238,0.09543166026172498,0.8400000000000001,4.694458828143017,3.0416107589825847,-0.0030735282940416416,0.1250005519732019,0.12503805305374427,1.101,4.574607377756762,2.9749419203316396,0.10726146672091351,0.036909206835924524,0.11343414698285915,0.292,2.5301023336770725,6.959636179291927
c4,142,c4/c4/c_4_142.csv,ae30a1490d09a3696ab1c424c1c8350bf7acdce0a8a6b69d6cba3e8f2bd5c32d,223802,50000,4.47604,4.47602,96.89536664,92.83754756,95.11871175,94.95054198333334,96.89536664,1,8.868908767571336,10.929231277135203,14.074981538688135,52.828,2.5548168501080375,2.2286255939079656,5.411574704426235,8.073419663882335,9.719308340139257,68.061,4.809601502912113,4.587459019656732,5.574434312472632,13.282781565262146,14.405062154450032,57.754000000000005,2.7346636604293066,2.0752822568375078,0.0013484508628162396,0.1039301131217125,0.10393862838097667,1.06,5.484005406639789,3.2607729734547024,-0.0012564498976774113,0.0964116585293878,0.09641962991816784,0.921,4.812298080731079,3.044776251343543,-0.0019531550209560236,0.12614287884797268,0.12615771716353386,1.265,5.469344369203962,2.981833053136523,0.10513771548064807,0.0359877550514076,0.11112628826355868,0.274,2.4206693501902232,5.776165200546298
c4,143,c4/c4/c_4_143.csv,9c9d39ef6a1ce2ac346dff8ddbb1013beef1474ce90300d01c37067b2885ae6a,223669,50000,4.47338,4.47336,97.02835992,92.83754756,95.11871175,94.99487307666668,97.02835992,1,8.971095247888622,11.06057656435596,14.24136078224313,54.935,2.5779839835092813,2.223326918717048,5.484798103447505,8.089914899358972,9.773916344495907,68.789,4.777102479119705,4.539302590434145,5.686279171454247,13.397558899552477,14.554296712027842,59.396,2.821709685639494,2.0740057912958902,-0.0010156078848655827,0.10479705115709789,0.10480173800741106,1.02,5.391131967296629,3.1857703869567877,-0.005036209756381081,0.09681345635853916,0.09694414286492724,0.9,4.652163469312226,3.0205326473558727,-0.006106349114092699,0.12689311316013074,0.12703966969920086,1.099,4.463172813204872,2.965417590310471,0.10614032342434579,0.033353957472951286,0.11125758294123142,0.24,2.112215579266466,6.061125647361114
c4,144,c4/c4/c_4_144.csv,a371f2923147e4d0d746381a03fbca4f079a406aad2f45d3e066415856970220,223958,50000,4.47916,4.47914,97.15111612,92.83754756,95.11871175,95.03579180999999,97.15111612,1,9.037928933103528,11.166784810824494,14.365955785233593,53.661,2.529800351839873,2.217889777742461,5.571694433777761,8.15538313988497,9.876930497131195,70.556,4.815362425989971,4.568970831307657,5.755929071522339,13.473454588494471,14.651412472969609,61.363,2.8961030261268528,2.076162487779568,-0.0008165013082810168,0.10540423715785624,0.10540716426060773,1.0870000000000002,5.1704265438025345,3.1976287851629253,-0.004051987426213844,0.09698293241654554,0.09706732604051713,0.827,4.326893684335001,2.9961622808044592,-0.005155881906428884,0.12711687003517053,0.12722110522706406,1.1179999999999999,4.731919274915519,2.976057961312884,0.10204234276069621,0.034587319209189435,0.1077446844378909,0.253,2.3017376800890705,6.390555073605084
c4,145,c4/c4/c_4_145.csv,b917827a5d2c76a2332982a6a375b3481c1ee8f6afbef1edf016e7299d42e966,223958,50000,4.47916,4.47914,97.26386291,92.83754756,95.11871175,95.07337407333334,97.26386291,1,9.137036426472822,11.309412372685673,14.539177135325986,54.271,2.542372216525803,2.210285370741638,5.6332919833183,8.179047132860143,9.931288530114161,69.423,4.720636185107502,4.511505589372254,5.83889473919217,13.568112564854038,14.771105183668942,58.217,2.73330935620429,2.064787986902517,0.0012238098214843857,0.10603732610334958,0.10604415133408701,0.9730000000000001,4.875327809180313,3.122961610871746,-0.001388148670732905,0.09765554642995443,0.09766519402094122,0.865,4.587099882317753,2.9969698100770787,-0.0018438412559497763,0.12800909649244643,0.12802208937686219,1.143,4.788236178488658,3.02100174780136,0.10362896168031507,0.036188587278525676,0.1097659769717778,0.252,2.2502418947494705,5.7023373126052315
c4,146,c4/c4/c_4_146.csv,e94132484019e7cd6b4064498bc26d116bf96f403853a9e087d77d8aa3cbb220,223380,50000,4.4676,4.46758,97.36684116,92.83754756,95.11871175,95.10770015666667,97.36684116,1,9.266306343450623,11.49255996714973,14.76288510334417,56.988,2.6565945426965287,2.206080550092674,5.637587823439878,8.183516288051935,9.93740587382122,69.436,4.753755718526857,4.526268579414527,5.92882301011729,13.744980638129398,14.969121192441742,61.995999999999995,2.810318619187953,2.0661568998112263,-0.0007130629420718061,0.10645438576091139,0.10645653561145699,1.032,5.288543317385665,3.127082844125037,-0.004462955501835437,0.09695643568551711,0.09705888063143879,0.85,4.4921185693004295,3.0105525355875513,-0.005373256334497269,0.12943592365491402,0.1295471158124647,1.168,4.6083619558480216,3.018826535398038,0.10845408720565852,0.036411285938099766,0.11440308055372743,0.274,2.3513352848367473,5.902962056074729
c4,147,c4/c4/c_4_147.csv,7a4a62b8c8df6bc8d6b3b7c94422235b6fa175bb064d713d2ee96e6f4307ecee,223380,50000,4.4676,4.46758,97.46030457,92.83754756,95.11871175,95.13885462666667,97.46030457,1,9.357869061688604,11.625425244313298,14.923793769068977,55.672,2.5381615818430787,2.195840372365407,5.746571841704718,8.182887725674524,9.999121946759567,71.614,4.860426771347647,4.496631505900285,6.078424402363685,13.853542158260616,15.128351343731278,63.138999999999996,2.8777094748027223,2.0578387154583613,-8.165010296355975e-05,0.10684992141491005,0.10684971344518485,1.085,5.212929282077556,3.1828351744457892,-0.0031351642940281132,0.09747386248870928,0.09752405134132792,0.9670000000000001,5.219225339793695,3.0397248566330295,-0.0037959217476945116,0.12947835280864767,0.12953369375597945,1.283,5.342239381389186,3.0595232608991294,0.10848907690930254,0.03596306212808759,0.11429442618250558,0.254,2.1785839285145565,5.740492167757621
c4,148,c4/c4/c_4_148.csv,177cd6adb22dedac8fcbe1100df8be8f7ed696766ede4c09a3c5164f9e840040,223669,50000,4.47338,4.47336,97.54451915,92.83754756,95.11871175,95.16692615333334,97.54451915,1,9.51479415117875,11.816105584212767,15.170729537139032,57.527,2.558809047710482,2.191866524418333,5.7534784480638805,8.310964089725626,10.10813185207928,69.352,4.673464957848028,4.427429238637228,6.165963946724849,14.098028449086335,15.387417877409552,61.854,2.813532481207192,2.0498149021247456,0.0007745731415618615,0.10710312673071878,0.10710568814533797,1.0979999999999999,5.265826771353874,3.2499254631056185,-0.002061537361011137,0.09676312810485732,0.09678486986871117,0.874,4.7528089940503175,3.0503749872282264,-0.0030121205889059284,0.1303980138105849,0.13043250689431773,1.22,4.83775107160414,3.060506197139617,0.10635366546101607,0.03545023551838513,0.11210626983646615,0.256,2.23894703093898,6.088854920137507
c4,149,c4/c4/c_4_149.csv,86f0f0c6e5a7746637a749875bb0c471686150e2cc451372aab0ce553ffeb2c5,223669,50000,4.47338,4.47336,97.61976286,92.83754756,95.11871175,95.19200739,97.61976286,1,9.583893485462895,11.930872076548615,15.303466484275376,58.832,2.580853170788654,2.186333203605554,5.825067997800321,8.374975243436163,10.201534880489449,72.68900000000001,4.914260509551355,4.458058852632169,6.236055747555539,14.164638029674299,15.476577941264605,64.295,2.87550646976961,2.048784829389078,-0.0004230045290138553,0.10491965761153778,0.10492027578104414,1.036,4.965675091125987,3.3228693293960414,-0.003961174771649178,0.09416822357203151,0.09425128959306915,0.843,4.530441990168799,3.0623930192521884,-0.00474746612181393,0.12839074633710543,0.12847820235575863,1.129,4.654486045376992,3.070006683042039,0.1045233492348068,0.035334609501099,0.1103343082716919,0.272,2.419918193917778,5.87335314032048
c4,150,c4/c4/c_4_150.csv,cf0e7eb568f738ad4cc0acf946027359b7aef6a4a5ba1093de78974c14a50953,223958,50000,4.47916,4.47914,97.68632512,92.83754756,95.11871175,95.21419481,97.68632512,1,9.68749948204574,12.121514557599154,15.51702630400664,58.506,2.607393917322491,2.189710702793736,5.845693612195144,8.317707783065025,10.166419608489603,70.101,4.735000310217544,4.498729999191489,6.328603135409318,14.339076102889937,15.67352554660439,64.14099999999999,2.792543379589692,2.0589601911436315,0.00012022343475115876,0.10753414703664882,0.10753397416496174,1.166,5.421542396504875,3.310691084320435,-0.00296998097857634,0.09682978053968164,0.09687510165855258,0.966,4.996123789432641,3.071969503209788,-0.003693196938711723,0.1311709403440326,0.13122262940622792,1.222,4.724794822398021,3.0530138496274914,0.10598913189080095,0.034324398900580165,0.11140850586110136,0.27,2.378633462066074,6.188837658103353
c4,151,c4/c4/c_4_151.csv,b93d1bc197d90719078a7bf35a7185f2f2b2724d243e035597f8d27bb76479f5,221068,50000,4.42136,4.42134,97.7445064,92.83754756,95.11871175,95.23358857,97.7445064,1,9.83978654983987,12.222791692283414,15.691314804834477,58.566,2.5294884777769706,2.179019089739349,6.01009468127454,8.439738674816834,10.360989565297386,70.568,4.647818598456218,4.38742594203229,6.469124694664084,14.46282837708809,15.843674851036301,63.691,2.75901900354518,2.024013284156978,0.00048471511028280886,0.10726792826530902,0.1072687807979946,1.2149999999999999,5.705294638824136,3.3690069744027795,-0.0021905386577885538,0.09710886495570835,0.09713334883264127,0.94,4.869594281310831,3.0666861875251907,-0.002856048817558398,0.13097672753678258,0.13100756684624612,1.232,4.785983093143494,3.0234179199054285,0.10338337525105398,0.03207005295008347,0.10824327194869757,0.275,2.494381360977039,7.049630389324154
c4,152,c4/c4/c_4_152.csv,5dc4a7e07712bf5c1f1724a677436ca34cf61091c39d401a181f71d5c90a7936,223669,50000,4.47338,4.47336,97.79461776,92.83754756,95.11871175,95.25029235666666,97.79461776,1,9.891063187120253,12.395466294464885,15.858121852445962,60.048,2.5571123981334147,2.173307272363483,6.0638459822326745,8.540587483360042,10.474327498363627,69.652,4.62683642530475,4.363983617432388,6.547076787574496,14.615685129011991,16.015040155698372,65.558,2.812855888092875,2.032509205956685,0.0012573982089605625,0.10614002874747983,0.10614723917754695,1.111,5.577158714507802,3.3909641313112022,-0.0014002611001077486,0.09634120030678739,0.09635116040062663,0.8879999999999999,4.950640947308173,3.0682073716429716,-0.0017455346963593523,0.13022169540821657,0.13023310266733965,1.1349999999999998,4.392124492811061,2.9715031768185853,0.09804619325878866,0.031881189660628265,0.1030992809017403,0.23600000000000002,2.24055878934943,6.770412068921054
c4,153,c4/c4/c_4_153.csv,88442898e30a8cdaae821e390b3bb471721d5e3c5725942a4ec605954c9e3fc2,223669,50000,4.47338,4.47336,97.83698037,92.83754756,95.11871175,95.26441322666666,97.83698037,1,10.027990526179309,12.581182836388347,16.088693168663536,61.573,2.578332470209316,2.1725021912568865,6.142744184486898,8.641138427797868,10.601992529998158,74.232,4.708171587441089,4.370778839204598,6.676843916680452,14.86861356885415,16.298924067009082,65.756,2.795706011799448,2.0336558077183593,-0.0002473565849536594,0.10663025402450296,0.10663030256224396,1.065,5.176764828907596,3.4375712372499594,-0.0037823837903330367,0.09725552838442282,0.0973288340622662,0.867,4.74679476489398,3.0519105149638843,-0.004420456120427954,0.13103861892875315,0.13111286478771542,1.163,4.904171692389454,2.919638387868565,0.09740583183185869,0.033226584114463394,0.10291694238987308,0.243,2.312544411768484,6.543127050591681
c4,154,c4/c4/c_4_154.csv,f9997c8523260626f3d2e9052a91f13288c8fb1db58a6a674ab6c258931b965c,223669,50000,4.47338,4.47336,97.87192512,92.83754756,95.11871175,95.27606147666667,97.87192512,1,10.16314310431933,12.80717154490347,16.34969074347963,61.375,2.5422499209397222,2.1700010670823104,6.278545422029874,8.68184064442217,10.714203311539507,74.32600000000001,4.854677336949488,4.4085631488052,6.818768819103229,15.050212992935778,16.522817757397515,65.914,2.7988567494364216,2.0254310186373137,-0.0018140600619665668,0.10767807531695779,0.10769311435653166,1.178,5.608529418142572,3.3725858131828366,-0.006076680273082099,0.09814208118083692,0.09832980768110328,0.937,4.779832393492245,3.051295465585806,-0.007710836101560788,0.13233365839325323,0.13255782074996852,1.158,4.49615116353021,2.951159677817085,0.09879838511371714,0.034553418843338506,0.1046663953562461,0.258,2.4172037179543695,6.812337100222521
c4,155,c4/c4/c_4_155.csv,21860bec4cbdf79a5527c37cad5059320f1abac7dfc6024560c5fcc81d656766,226987,50000,4.53974,4.53972,97.89979211,92.83754756,95.11871175,95.28535047333334,97.89979211,1,10.10272998453656,12.897399716073437,16.383141937566972,61.372,2.5647705525671687,2.1752866958416757,6.276034182574333,8.613114135641762,10.657110928685626,74.821,4.7822529333740995,4.400044297476264,6.828878737548846,15.071878629052948,16.546725037063112,65.943,2.7809732679384274,2.0562703509028872,0.0005528069889465037,0.10884583337524133,0.10884699740677861,1.182,5.723630553369786,3.353496756059026,-0.0021139448514672647,0.09904643594983946,0.09906877418238821,0.879,4.65333303863523,3.007678438833199,-0.0027674888870287723,0.13276078904928615,0.13278933863164114,1.189,4.54855793562992,2.9338954795763206,0.09696205509566627,0.03499481239699287,0.10308380875719807,0.242,2.299100148290271,5.93403115192159
c4,156,c4/c4/c_4_156.csv,a974c2c46f4c51e2aebf4808dd6608d2c19ec15722b0708c94de67d1c546a8f8,223669,50000,4.47338,4.47336,97.92093022,92.83754756,95.11871175,95.29239651,97.92093022,1,10.385299321765643,13.145185752655042,16.75259913931513,63.497,2.5657511197248883,2.159304501192706,6.416495312269469,8.769459859696362,10.866208837320817,74.656,4.687559457265026,4.365267431554308,7.016364704093996,15.39964422279689,16.922687599248572,68.924,2.7997916833318985,2.026437278543749,0.0007613348295919415,0.1096229902481697,0.10962538891181495,1.0870000000000002,5.117427683210143,3.2754031953868084,-0.0021351371893288743,0.09989585885283522,0.09991845080320529,0.8340000000000001,4.423607416317358,2.9953254584174145,-0.0025890892345385367,0.13352803387955228,0.1335528341143512,1.134,4.260486149719655,2.921675113496934,0.10034521100376001,0.03332371167420498,0.10573375131122521,0.264,2.449548954691285,6.3020751103206685
c4,157,c4/c4/c_4_157.csv,1674d323d96a164e6b62bcb7fe77750f2fe6026f6fb68d551f5b76a968c1bfad,223669,50000,4.47338,4.47336,97.93569664,92.83754756,95.11871175,95.29731865000001,97.93569664,1,10.401694289329322,13.22773328703974,16.827578248714726,63.077,2.549208172796726,2.1564192621663176,6.5118311343994915,8.734631497390746,10.894833225747048,76.307,4.796860944736171,4.3822933446485175,7.087138785437411,15.39631682710954,16.9491311929286,69.542,2.780437502286936,2.022221817116149,0.0005454354425512699,0.109122026105307,0.10912314531518294,1.117,5.140980846727342,3.259631032639775,-0.002421251939249516,0.0999391397464404,0.09996824225569174,0.8089999999999999,4.22134060255494,2.9875275810489494,-0.0031458494471741727,0.1329693769126498,0.13300628750583196,1.155,4.496028054115707,2.9169533509543677,0.09901951991558955,0.03183352292117392,0.10401073971088001,0.23800000000000002,2.240153282705931,6.497622356294992
c4,158,c4/c4/c_4_158.csv,a9af451a56e813d08f9c5db803d14d6efef4a406fb26808c1e0eb1c31a9b0a1a,223380,50000,4.4676,4.46758,97.94445643,92.83754756,95.11871175,95.30023858,97.94445643,1,10.600231524756023,13.516665469117571,17.17743682545707,64.794,2.5779166269075597,2.151762456092847,6.596195630763722,8.806963336265326,11.003274639076489,73.217,4.490663154450463,4.331116473354959,7.2391125526009485,15.704458057875788,17.292589434727883,67.711,2.7397863216976064,2.008736646857125,-0.0011518309606947804,0.10981164032990795,0.10981743524628493,1.077,5.1631145703631,3.230057874356944,-0.004970104754230459,0.09995314353463447,0.10007641140099163,0.899,4.9062510648252005,2.9843395538005844,-0.006020547945205479,0.1340988582321258,0.13423364062286303,1.173,4.596463279525408,2.985372062179155,0.09934964186587876,0.03408181582058199,0.10503292963891156,0.248,2.3135601457123953,6.738478746054465
c4,159,c4/c4/c_4_159.csv,478c6f7987907deee4915f45b613090ce0ca094c1844fcf9903ad95e18d9e6a4,223669,50000,4.47338,4.47336,97.94758207,92.83754756,95.11871175,95.30128046,97.94758207,1,10.779865385905065,13.817354887415535,17.52495193269921,66.481,2.580377976137194,2.151239354984601,6.689897504795032,8.895361814433356,11.130221770656037,75.042,4.67412070235269,4.348769144671682,7.390229915634263,16.013576240381404,17.636580613057305,70.13,2.753198086711358,2.0120345526253667,0.0007020463273855564,0.10994310850619786,0.10994510418931298,1.0510000000000002,4.90244657981226,3.2370484482188253,-0.0023800437253262627,0.10004703770515896,0.10007511983864627,0.886,4.4966221447003685,2.9899677171438386,-0.002851579789778646,0.13457200696981766,0.13460191529469293,1.165,4.502164762464515,3.019970340467014,0.0989578216024572,0.032033918489613344,0.10401354624374069,0.242,2.278549367450897,6.687492378145412
c4,160,c4/c4/c_4_160.csv,45ed57a1f25de769b1d5f9db61c6b1144ac5644f68b8ed9d4bdb1813716fda37,223536,50000,4.47072,4.4707,97.94758207,92.83754756,95.11871175,95.30128046,97.94758207,1,10.869724630484574,13.964272584589434,17.69607159830971,66.84,2.5887666505811247,2.1459324001010627,6.845425170889699,8.931435882608417,11.253001192467597,75.34,4.580289215156272,4.375683040891095,7.495841291782979,16.103340849556503,17.762434042602187,68.7,2.69585800488551,2.0095440620876093,0.0004336214301052179,0.10888599775746026,0.10888661761680121,1.038,5.032758037618056,3.2765771085836257,-0.002273052215303128,0.09916586366258177,0.09919168962162887,0.867,4.556833356949299,2.9876872798594376,-0.002997503757783981,0.13377116962162974,0.13380444984276066,1.1560000000000001,4.469208615279502,3.0529115793372044,0.10005380341421516,0.03201122305724887,0.10504988050987937,0.256,2.389341128059587,7.35732694436617
c4,161,c4/c4/c_4_161.csv,168d00dab8540f4065b9257d57a00f1f4f2cc54f03d210773308572fc0af5d9c,223825,50000,4.4765,4.47648,97.94758207,92.83754756,95.11871175,95.30128046,97.94758207,1,7.755587450016754,11.816283449818956,14.134110069263857,55.701,2.593654628438117,1.9844123081043983,4.445891307941472,7.298037440365999,8.545587284863531,70.012,4.569258811405793,3.9803592636890266,4.585442810231208,12.722916206618276,13.523984596116684,54.394000000000005,2.6983911243494547,1.9707770747702056,0.008546368814922371,0.09880600851586137,0.09917471513205124,1.0750000000000002,5.515518741562998,3.3698917721844177,0.011268464201943482,0.09214454745022063,0.092830802948684,0.8440000000000001,4.815212039554344,3.0912021725144014,0.015423129677203174,0.1145046442610001,0.11553842610994755,1.117,5.418110849149806,3.067856046282542,0.09069226851334748,0.02808722535491117,0.09494196264898251,0.212,2.1802793435534524,6.976429751141438
c4,162,c4/c4/c_4_162.csv,3f1c350879f4c587d0770e4a3f04b6b5dff708f4281dbdec62b10bd090f754a0,223669,50000,4.47338,4.47336,97.94758207,92.83754756,95.11871175,95.30128046,97.94758207,1,8.457700432335281,12.545091064170517,15.129815028132956,57.82,2.4841678454173444,1.990721904155732,4.777260863150459,7.786277170793566,9.13499110465876,63.299,4.621022562186379,4.112755703754495,5.029257447388775,13.958955733798955,14.837284269231548,60.501,2.673804672076603,1.9669923786146621,-0.00392421837626135,0.10519391867769488,0.1052668539608315,1.141,5.728298864373479,3.2710940960513395,-0.010438286038744752,0.09619157808397258,0.09675606513987499,0.917,5.270987397665673,3.06371432818029,-0.013676799198816108,0.12146883398021185,0.12223610963321378,1.058,4.5976594124793255,3.0670136128971723,0.09718602041409403,0.029774657044604576,0.10164471851735096,0.242,2.33165090579245,7.313108592976257
c4,163,c4/c4/c_4_163.csv,a6a8392607653715ba54ea7a9d48c281ca7b744fedc84f29ef36c7682d45e62c,223403,50000,4.46806,4.46804,97.94758207,92.83754756,95.11871175,95.30128046,97.94758207,1,8.781057089654123,12.949267851899661,15.645758240632956,60.206,2.535383673319192,1.992180065642174,4.986321459425343,8.012527987172827,9.437357631572686,64.073,4.490239922479049,4.046545262900649,5.274815870870133,14.496974575532027,15.426762900348205,62.325,2.7027056984883657,1.9655518077504648,-0.004090271840575104,0.10841204456239881,0.10848893547362246,1.0310000000000001,4.783897986778453,3.2150590743834617,-0.008887454510458678,0.09890250826348063,0.0993008016254523,0.99,5.206403085747952,3.0486700349695086,-0.010501918058396708,0.12512099332074955,0.125560675277507,1.179,5.336065599513578,3.1018081501309247,0.10217006486036447,0.02979172785330705,0.10642492766830815,0.246,2.2645070593904326,7.849493152202128
c4,164,c4/c4/c_4_164.csv,899aaf52f14d202688cdbb79c042bb568103fe78f11160066d57f1a58881214a,223825,50000,4.4765,4.47648,97.94758207,92.83754756,95.11871175,95.30128046,97.94758207,1,8.97732537026695,13.23201853584577,15.989931303484136,59.847,2.529716934505286,1.9927602696732238,5.134742285267508,8.113542153371897,9.60181495858412,64.763,4.504773335725501,4.071868438338088,5.422517212107674,14.821999694717666,15.782724300087922,61.272999999999996,2.585611914907027,1.9637452489488507,-0.0006595733273762985,0.1092100330040614,0.10921178077162613,1.109,5.567164967957028,3.1417751456779994,-0.003189585613760751,0.09960531315531262,0.09965614652078554,0.9450000000000001,4.806527411734646,3.0254537231152625,-0.00438314754830783,0.12707608945590151,0.12715137571689672,1.166,5.119881686922958,3.112435401444506,0.10526908075505417,0.031041999607929326,0.10975053893944232,0.233,2.077438545662221,7.040809910076671
c4,165,c4/c4/c_4_165.csv,bdb04016dbd8496d62e0cba3a1cdc15e8f4e98d0ac5ad3ebb1a8c025be275210,223536,50000,4.47072,4.4707,97.94758207,92.83754756,95.11871175,95.30128046,97.94758207,1,9.090053083172286,13.399275198782012,16.191628630975273,61.458,2.5421161106213406,1.994135353038027,5.217035296328109,8.151082133083108,9.677670174166675,66.305,4.520302842803473,4.08806391717699,5.536015863216664,15.064898715562482,16.04984827560641,61.189,2.5514882942687973,1.9591901220094237,-0.00012028487581418649,0.10972614586550318,0.10972596636235278,1.1099999999999999,5.449940609547232,3.1383774205051482,-0.0032865668169780255,0.10009045022722503,0.10014417073222046,0.942,5.002787444709529,3.0063714888939432,-0.0036565474912318373,0.1270572646808706,0.12710958511745266,1.216,5.13729943651858,3.166897730007492,0.10423889216949396,0.030913914351273063,0.10872631910444223,0.254,2.2901538656965954,7.443711177876938
c4,166,c4/c4/c_4_166.csv,0dc703be1d43653f1f0401349147b99169ff818dfcefaf975b7929c490f06332,223825,50000,4.4765,4.47648,97.94758207,92.83754756,95.11871175,95.30128046,97.94758207,1,9.21139863732827,13.671134135700473,16.4848093220738,62.586,2.5590226235442497,1.9934035983352136,5.330491772590193,8.241339845502795,9.814964163805461,66.321,4.393087868726591,4.082577020292664,5.673314647604156,15.282790399012827,16.301813946939323,64.794,2.708471593634508,1.9726489134535552,0.0008230939349938565,0.10966183119388453,0.10966467515207023,1.097,5.161187950587888,3.20039875867085,-0.0019825354629733048,0.09977103780317742,0.09979051035934987,0.973,5.010496471051995,3.0465879407569876,-0.0024869920696973086,0.12750268962655265,0.12752665744545022,1.2599999999999998,5.434157954751006,3.2259141945670367,0.10618978666368813,0.029978506896492584,0.11034028118590067,0.224,1.9847692759730244,7.329716682383361
c4,167,c4/c4/c_4_167.csv,b10b391acbe991ec7766ee03024173704b8c298f7aa57ec1f91b532208b90c6b,223536,50000,4.47072,4.4707,97.94758207,92.83754756,95.11871175,95.30128046,97.94758207,1,9.281582219418798,13.783270823687774,16.617023596779983,63.976,2.574889525239116,1.9941898363372945,5.378837028487581,8.251909308290942,9.850156871298099,68.187,4.639316977088682,4.074049554305365,5.72813639861141,15.335293524558425,16.37014728200883,65.868,2.6912402949739223,1.9710634180674895,4.471315582277571e-05,0.10940132050333135,0.10940108493411431,1.07,5.027372446363141,3.174965994603958,-0.002855320843175149,0.09946335298909657,0.09950410638904744,0.889,4.602825115671937,3.036581603453111,-0.0034844275642402123,0.12702277796540892,0.12707027653109715,1.214,5.02084372063097,3.2193766630327088,0.10533140075871449,0.03097079870006225,0.10979020934001511,0.26,2.3226114744920197,7.893727998672094
c4,168,c4/c4/c_4_168.csv,bb1cc4ea92cc8c2cf7a5ad755512cabaf773b6543a34c2a70522fdf2b45a1029,223536,50000,4.47072,4.4707,97.94758207,92.83754756,95.11871175,95.30128046,97.94758207,1,9.38125912604681,13.970703983448818,16.828182297345453,64.499,2.5689049022733297,1.9937449212890272,5.494261966752559,8.306512573643747,9.959154433412689,69.163,4.442043779497923,4.0670969809884685,5.861399949001503,15.503747996064432,16.574713753088986,67.742,2.8132009212714193,1.9674025651379137,0.00013974482857347374,0.10899011713614534,0.10898996293847382,1.059,5.16561328053502,3.187559646744918,-0.0036991849187602895,0.0990217255829993,0.09909057594930762,0.875,4.440381900949829,3.028161650286178,-0.004222912640469544,0.1270870111959801,0.12715686828900383,1.2280000000000002,5.371318192955716,3.23764658907022,0.10465626118388091,0.02965912888876484,0.10877772288573809,0.234,2.105210459687094,7.8035306503042765
c4,169,c4/c4/c_4_169.csv,ecafd3d5f8077b4fada435696f2521958c2bafae64097e9c6e65a4d291a502a2,223825,50000,4.4765,4.47648,97.94758207,92.83754756,95.11871175,95.30128046,97.94758207,1,9.459942513124092,14.156304013003805,17.02617280288328,64.123,2.5406766688444815,1.9921966086458238,5.500395880710377,8.382383401648074,10.025886116018176,67.759,4.4975575702936945,4.103306290161375,5.934737491343683,15.629651096648022,16.718433272258867,67.162,2.7406276206531937,1.9696242860569078,0.0007438534569418074,0.10915729509149635,0.10915958572061708,1.115,5.533183329825718,3.3044869835885438,-0.0019238646263822184,0.09860802875898585,0.0986265742496335,0.9319999999999999,4.755310661129881,3.0620477174654,-0.002284597341673183,0.12753969744484067,0.12755987274537062,1.359,5.683605544568181,3.2276267732374873,0.10599324919021556,0.03067286157266016,0.11034214565415026,0.231,2.0481747809070225,7.196348792159468
c4,170,c4/c4/c_4_170.csv,5ed4939fc820347110d94311bf444a9d608ac16c98be8f22f7a723e5c2f3be24,223825,50000,4.4765,4.47648,97.94758207,92.83754756,95.11871175,95.30128046,97.94758207,1,9.595383875795823,14.401084199905092,17.30496146424666,65.441,2.5037906088100157,1.993968878720992,5.624082975538926,8.424750496756754,10.129482372835657,67.294,4.388674402476425,4.044834931441433,6.063961952418183,15.81350565288118,16.93627699203318,65.775,2.6402496853962885,1.9674259417983626,-0.000715206076175584,0.10939862284537112,0.10940071631204179,1.1989999999999998,5.68552036008503,3.2776877226131957,-0.004509406902714174,0.09925228855308528,0.09935445395905093,0.884,4.4688484744025185,3.036070183935301,-0.005359932983357533,0.12745871450770152,0.12757107902374978,1.1800000000000002,4.993294756732522,3.1528932842342585,0.1065658885289847,0.03057942281646048,0.110866521186233,0.267,2.363202138902634,8.281641726281757
c4,171,c4/c4/c_4_171.csv,18f25c1b449fa8debb9bda4b8db645693e082e3e6f9e9b0636462d4b5290e7f9,223825,50000,4.4765,4.47648,97.94758207,92.83754756,95.11871175,95.30128046,97.94758207,1,9.524128944487883,14.394105840722032,17.259733179436243,66.5,2.587351700964049,1.9909966806754509,5.690313503853457,8.401574270486082,10.14720664173993,68.038,4.426144217390139,4.1453962927981705,6.083386543058193,15.653233371852835,16.7937551522831,68.05,2.7250010247873924,1.972432557913797,0.0013970825421646372,0.10852961805305018,0.10853836745535556,1.085,5.233172502190362,3.3435459570290225,-0.0014908120183178821,0.09879619788648872,0.09880722457759757,0.929,5.212169476489529,3.0439145996356114,-0.0015817580699206972,0.12580640534887674,0.1258160676256418,1.1520000000000001,5.0232057949901785,3.1445453038918187,0.10450965263040321,0.03075186119088914,0.10894007634731236,0.246,2.2122253635261533,7.539697495594635
c4,172,c4/c4/c_4_172.csv,f4ed5d1df5f6e3a79df962d535706f24af396659bcb524511bbe93da262034a8,223536,50000,4.47072,4.4707,97.94758207,92.83754756,95.11871175,95.30128046,97.94758207,1,9.723423412783623,14.730692633020336,17.650419189976056,67.364,2.563678489046774,1.9930853614606279,5.808880166952974,8.480122206951636,10.278873466223926,68.549,4.390850821182467,4.062390072347342,6.247937674468542,15.95181742494164,17.13172688319652,67.28800000000001,2.682858553219253,1.9560764671821245,0.0005810562951828787,0.1086898912975183,0.10869120133850493,1.077,5.014205320103757,3.265443903965742,-0.0023170764440627015,0.09952938137880586,0.09955612630796977,0.877,4.439706690000217,3.0473400827118353,-0.0026570216877818335,0.12686977467267782,0.12689731078205033,1.246,5.287740109421714,3.095028938838519,0.10603039331472336,0.03081762846353078,0.11041814290206643,0.23,2.0377086055464644,7.202547007078018
c4,173,c4/c4/c_4_173.csv,ff06aeaa530a3717d5f612000d15a4e1108896c014765b13aa7317728db991ad,223825,50000,4.4765,4.47648,97.94758207,92.83754756,95.11871175,95.30128046,97.94758207,1,9.80796446330839,14.911979343130508,17.84831368384468,68.693,2.62809141697558,1.9978541278821829,5.768101954652072,8.552223006499514,10.315580048484724,70.868,4.583746117790597,4.186003824755769,6.307815699765442,16.086670892955144,17.279130856179123,69.48,2.722011910869947,1.9768633112500709,-0.0006778599352172458,0.11293276183960581,0.11293454391659975,1.137,5.171137012172946,3.2288647552725385,-0.004238463084999441,0.10231284926717002,0.10240037561537554,0.942,5.087871962080686,3.023829830991128,-0.005170892438288842,0.12937298266621763,0.12947599002805546,1.194,5.035682676446202,3.158985558836747,0.1051761331397297,0.031171837793153544,0.10969821380662755,0.23900000000000002,2.1331249787939814,7.244907258047112
c4,174,c4/c4/c_4_174.csv,0de0fcafe8d5aedc0c4e17bd0806e8788caab56767a23bd69f8643187138c7c9,223825,50000,4.4765,4.47648,97.94758207,92.83754756,95.11871175,95.30128046,97.94758207,1,9.943255159164526,15.132273316031805,18.106711347301776,68.59100000000001,2.5158627166599397,1.9987823131306817,5.816158851781525,8.557359710254557,10.346776398073036,67.743,4.316126905798121,4.044110190529442,6.421959973193344,16.26370597117405,17.485666131176494,68.50399999999999,2.6827116363821255,1.9626316735569056,0.001388044230984028,0.11508498079253118,0.11509309404611172,1.108,4.969889850826582,3.201609994729626,-0.0012837663353066008,0.10394582947697305,0.10395352446415682,0.938,4.569349643972678,3.0335640231240757,-0.0011423478163743994,0.1321254892402053,0.13213013233506302,1.211,5.025348785061317,3.1513474738633223,0.10546350050262482,0.028756846883928013,0.10931377994707454,0.251,2.2504024663597177,8.6673277922299
c4,175,c4/c4/c_4_175.csv,50187351973a703c8ac33f516c09172347db6b0abdfce2643df63fadf8f2488c,223403,50000,4.46806,4.46804,97.94758207,92.83754756,95.11871175,95.30128046,97.94758207,1,10.073773114058449,15.36343479199976,18.37158068369252,69.656,2.525912211854,1.9984660754491914,5.876277686512713,8.596803214926993,10.41322880524365,69.93100000000001,4.4436745667874815,4.045237173379881,6.5301505127505,16.404828255562244,17.65672821282939,71.331,2.7259297090515324,1.9641787953644478,-0.0009896554656830929,0.1151448695238809,0.115148864729181,1.076,4.680897213078704,3.1858099667753077,-0.004715120208770696,0.10368422844433739,0.10379115311762435,0.901,4.3452643742081865,3.0061856098955966,-0.005849724488928081,0.13176964797494473,0.13189913450220364,1.217,4.776377057951617,3.165457987888393,0.10480705272534388,0.029069209081199695,0.10876365861395355,0.254,2.289367635965633,8.028138908169801
c4,176,c4/c4/c_4_176.csv,98119806826cd7000ad33482c595b3455bcbc1efd5505490cf42afc3e3073693,223825,50000,4.4765,4.47648,97.94758207,92.83754756,95.11871175,95.30128046,97.94758207,1,10.266656816709483,15.70911013253785,18.766440280664025,69.56,2.514861598372884,2.0022917477390103,5.99408178264269,8.710131159966352,10.573318414140376,71.352,4.468039091381211,3.9696646561453113,6.68964017424327,16.666658579483574,17.959052113577506,72.92099999999999,2.67664460774396,1.9621882077978525,0.0006563878029710712,0.1150517739124374,0.11505338928424695,1.1360000000000001,5.04982950623559,3.229652810367853,-0.002713244722439406,0.1038577819972105,0.10389298526324775,0.984,4.793393882543175,3.0069617235515578,-0.0030018049815704233,0.13198055514672535,0.1320143929516274,1.2269999999999999,4.802506649652282,3.2188460498157014,0.1050932201496705,0.03033252651434801,0.1093830104519844,0.252,2.2581203331245394,7.707051663005177
c4,177,c4/c4/c_4_177.csv,2b12a043e8b48c22bf5bf8ccefa1f99677e6f990444ec3a41e1c7adc614d5159,223825,50000,4.4765,4.47648,97.94758207,92.83754756,95.11871175,95.30128046,97.94758207,1,10.361315036300681,15.931711651441878,19.00460868888735,69.851,2.480345729378959,1.9997512690458432,6.013464742544398,8.766221561526255,10.630524697398704,71.74799999999999,4.496485485020009,4.008155153447743,6.786277256785435,16.76874727579425,18.0898642313171,72.502,2.728102288051656,1.9695078552172678,0.0002664939126549761,0.11529567999054893,0.11529573041930395,1.08,4.961155091517856,3.2399302520229565,-0.0032994929074053395,0.10365395638215726,0.10370622606524467,0.988,4.917737529848438,3.0363058660046898,-0.0037844566067240033,0.13241162202090326,0.1324653970862602,1.369,5.676954257799905,3.2558330600242997,0.1042669674969284,0.02998007666586689,0.10849148119662318,0.268,2.424153464393718,8.283054772904837
c4,178,c4/c4/c_4_178.csv,32074a03e4901680cba41f3192aa8c3e775348e8a0f6927df16e20cd8a88f50c,223825,50000,4.4765,4.47648,97.94758207,92.83754756,95.11871175,95.30128046,97.94758207,1,10.549570986261589,16.303814271735682,19.41923325474936,71.491,2.483671696368555,1.9953960492485954,6.123888944487881,8.917545403774108,10.817775951809372,70.913,4.349600158998482,3.939114374814163,6.944023147548308,17.076283178153695,18.434142286885006,72.49600000000001,2.7127923405244765,1.964272094502823,0.0015074946945158052,0.11488975443636393,0.11489938747267105,1.145,5.01308155482554,3.3012286545492664,-0.0008933720540600914,0.10305080988962197,0.10305445204900968,0.991,5.045876133063162,3.0227680071664533,-0.0010410320562939796,0.13317051138449915,0.13317428286605562,1.369,5.331359664343795,3.246203455659091,0.10678900033508322,0.02947573656165711,0.11078224477202829,0.23500000000000001,2.0761449677545563,7.832955719780793
c4,179,c4/c4/c_4_179.csv,24161a331766aa0d0eb73aff576d4c8f66ad0c9dc0d7250ade3b27367d3e504d,223403,50000,4.46806,4.46804,97.94758207,92.83754756,95.11871175,95.30128046,97.94758207,1,10.670464514800607,16.548308737152638,19.690203382028827,72.318,2.4477146865830903,1.991522837543897,6.177773910824833,9.000714121272496,10.916839403194304,69.925,4.292725968496681,3.9394303880803143,7.067708746077716,17.274816466677066,18.66468470367764,73.87,2.700554592817115,1.9647079214842502,-0.001047309122975072,0.11466651608571574,0.11467104217071039,1.303,5.738153133904876,3.3406141757842116,-0.005065473605994548,0.10296620390255427,0.10309049768015524,0.96,4.665803452538689,3.0612871555221615,-0.0058166944938071565,0.13315161772344597,0.1332783098512156,1.353,5.424738660079922,3.236631309107195,0.10834561756108915,0.029326541314086668,0.112244443160404,0.23900000000000002,2.0847357197505096,7.84546375740157
c4,180,c4/c4/c_4_180.csv,ab37df39f470935f39cdff5145c146d09378b92fdf44a3f2ef996f15fe40ba69,223403,50000,4.46806,4.46804,97.94758207,92.83754756,95.11871175,95.30128046,97.94758207,1,10.872444013733029,16.88881655930895,20.085837967215927,75.06700000000001,2.502758415260076,1.9937049679037275,6.332806623008644,9.105819463764524,11.09143889138971,73.565,4.534488310533203,3.915662577565677,7.220515968899254,17.576759902538583,19.002025066698057,77.136,2.7607057571951565,1.9612588861714237,0.0005843117594660771,0.11554527633379574,0.11554649515508796,1.334,6.438966400507379,3.397851386936995,-0.0023499818713267054,0.10326258938429961,0.1032890945382522,1.001,5.140910590549797,3.055391461130438,-0.0027415074998992854,0.13397729595509406,0.1340050422451226,1.314,5.171447196235805,3.2103175752250093,0.10879598752031082,0.03021948080452039,0.11291492298566255,0.269,2.3380434845934546,7.687748611366363
c4,181,c4/c4/c_4_181.csv,edd7abe30b6d061455620b63901c0ae0cd22c45b0d35ee685c2bbe783357c1d8,223692,50000,4.47384,4.47382,97.94758207,92.83754756,95.11871175,95.30128046,97.94758207,1,10.980887130518749,17.167438540983827,20.378898662624927,75.327,2.5042570182458777,1.9905632724493798,6.391503357294852,9.179438605961177,11.185393672058094,74.003,4.447049559306888,3.8968852004149026,7.348914824848452,17.73792270155043,19.19997511246868,76.423,2.7229722795863482,1.9620165813852408,0.00045622999481429827,0.11567584335375941,0.11567648448581645,1.31,5.84388437291148,3.463620373434349,-0.0023850204745811203,0.10362125500197858,0.1036484674762991,0.901,4.3608941936682,3.0431098947477926,-0.0028397618153532533,0.1339923934829601,0.13402218285226605,1.323,5.1857087029100635,3.1532500104734047,0.10970256871054843,0.029906951051782645,0.11370609176484986,0.259,2.2338293055158847,8.598941040887096
c4,182,c4/c4/c_4_182.csv,423edaccd5e99728df47ba59ec1dd1ceda9e8206b45b4a218c17416f3fd2fedd,223692,50000,4.47384,4.47382,97.94758207,92.83754756,95.11871175,95.30128046,97.94758207,1,11.121389826189583,17.397084581569402,20.648063119569063,76.544,2.4628460163803165,1.9872430384895763,6.534568013160953,9.256273980021545,11.330437065330331,72.35499999999999,4.315279253402263,3.9063290241303,7.479527815031382,17.974015111931415,19.468104975536065,77.501,2.7211688074710145,1.9575218720533576,0.0006262316041700193,0.11476445311299917,0.1147659051496498,1.233,5.803117216141542,3.4815232181747207,-0.0028485640970620316,0.1033734882691883,0.10341249742155789,0.986,5.212135993609969,3.0449947862397626,-0.0032487974536416146,0.13240179031747407,0.13244134700477023,1.298,5.058843141906947,3.071828282731143,0.1067331867031454,0.030471654915511025,0.11099770604028086,0.271,2.396445922075805,7.791757539374455
c4,183,c4/c4/c_4_183.csv,b7d9658bcf6fc31f901e8e32da018d1208aece9a689e56a53c7d3d8d7a121ef8,223403,50000,4.46806,4.46804,97.94758207,92.83754756,95.11871175,95.30128046,97.94758207,1,11.244945023119655,17.67092778964437,20.945383256678717,76.46600000000001,2.4224908839431656,1.9772885120566908,6.587147576353048,9.250111256316341,11.35582178626766,73.771,4.453310465047485,3.7929916640230132,7.5838767921648325,18.023943288014507,19.55444360480651,75.501,2.65254287200739,1.9449235514920244,8.648943836922513e-05,0.11713023973837022,0.11713000952011307,1.263,5.45547637721547,3.3622949307310144,-0.0029230269960564548,0.1052616081155019,0.10530194980808529,0.966,4.8147256620035686,3.011325796733831,-0.0034354686373952,0.1357082291539521,0.13575140318845594,1.205,4.633469601244528,3.0944876228943805,0.10674631047926839,0.029867188639790716,0.11084592804960283,0.245,2.165167491697138,7.471443622099665
c4,184,c4/c4/c_4_184.csv,9099735e9cdcf822af5f7481f9b7938b0d74cd9b519170b055269025e93876e2,223692,50000,4.47384,4.47382,97.94758207,92.83754756,95.11871175,95.30128046,97.94758207,1,11.103160546644492,17.586055916535816,20.797792052433323,77.467,2.497765141080066,1.978192821131426,6.568001864170379,9.229883729281873,11.328239991467736,75.43599999999999,4.502376365473848,3.8588650673393348,7.528044851849865,17.806141549076607,19.33206452419874,79.054,2.8127880460948225,1.947735155097366,0.00027908016379664906,0.11622868813746366,0.11622876339502888,1.1989999999999998,5.446156196711919,3.30458221121793,-0.0027394631904583086,0.10393391568626786,0.1039697802136877,0.9279999999999999,4.741762452385141,2.9984074554192155,-0.0032020590812367002,0.13400377427872864,0.1340417264425344,1.115,4.2971693612655715,3.0230461799124195,0.10697451406398083,0.028669959965079782,0.11074976112424731,0.232,2.0496658204556715,8.38017399179696
c4,185,c4/c4/c_4_185.csv,e6fc80c83635685705b0d5172c1ead758bd767b0c7c84eee40fdf21dc95357d4,223981,50000,4.47962,4.4796,97.94758207,92.83754756,95.11871175,95.30128046,97.94758207,1,11.216669588045415,17.85858873524738,21.08889386265376,78.542,2.5045884503945923,1.9835508787467386,6.676244529669927,9.311010529571377,11.457171162116135,74.384,4.418542699911081,3.7973835367279185,7.659267205700483,17.971089837205962,19.535173461142215,77.544,2.729435707651116,1.9387971836174736,-0.0010305740219036436,0.11613421618342204,0.11613852950561344,1.158,5.08014009228077,3.2950700899992738,-0.004508779762569147,0.10422821060363316,0.10432545460534559,0.923,4.466790983685034,2.9674074419146983,-0.005395667489653141,0.1339064677235719,0.1340148322769678,1.216,4.656201029378466,3.0883122647970547,0.1056341118219849,0.02997596923747762,0.10980491929045173,0.324,2.9051521740678443,8.88403329101396
c4,186,c4/c4/c_4_186.csv,723874eb62e8e2931fe4aa2a5c16f7cca68a2b6ef3b374ae29ceda4a8376cd47,223981,50000,4.47962,4.4796,97.94758207,92.83754756,95.11871175,95.30128046,97.94758207,1,11.415364995245131,18.205081986828354,21.487998706728405,79.82900000000001,2.4598381971909378,1.9898137966802631,6.805141945075699,9.3852078822527,11.59274301572277,74.248,4.3497902033719935,3.764953263253997,7.82806889870123,18.227924008743,19.83770130167215,76.445,2.642695300366329,1.9341083507351582,0.0008984065612708218,0.11710085292777604,0.1171040377978538,1.164,5.08949145740663,3.26321042147505,-0.0019329853871533746,0.10501863508922776,0.10503618856428837,0.931,4.579374085966567,2.9614994675271595,-0.0021892348011661703,0.13509171265853345,0.13510914883503644,1.317,5.255010531277088,3.2029372426097895,0.10482331983516459,0.02887818026872211,0.10872844132789855,0.276,2.4924481275578105,8.61342113514374
c4,187,c4/c4/c_4_187.csv,5307ddfb26b06720fdf0308989d0b85986760dade23a53ec7492d77e0f927d18,223981,50000,4.47962,4.4796,97.94758207,92.83754756,95.11871175,95.30128046,97.94758207,1,11.564499265562704,18.520955453923584,21.83487812410182,82.255,2.4848776206408005,1.9943235325636992,6.840410333912251,9.46955092807855,11.681746785417712,75.81400000000001,4.436665248102855,3.7278579412752455,7.949194730803059,18.426481158318506,20.067969225493,78.151,2.6945427009778355,1.9364864293074888,0.000518994914747233,0.11616613745181066,0.11616703748250358,1.244,5.449050037927832,3.2971226513594516,-0.0025605118291283633,0.10484694795001044,0.10487797497915391,1.041,4.9676779142957015,2.9893188750061923,-0.0029391689473660713,0.13522444307614848,0.13525607964178477,1.375,5.36759605869662,3.285585631014399,0.10263721029908787,0.028751849925884154,0.10658828322728839,0.241,2.214127039617991,7.722391508302972
c4,188,c4/c4/c_4_188.csv,0ac98b48d6306de389fc46b305901af01ff19c3d694c59d6ac24aff01a29904f,223692,50000,4.47384,4.47382,97.94758207,92.83754756,95.11871175,95.30128046,97.94758207,1,11.592676957602416,18.608065332729296,21.92370193507573,81.56400000000001,2.4825186987660985,1.9850725758547847,6.971750956672568,9.511780030227689,11.793170323859886,76.401,4.433922224815758,3.8097538861597644,8.029616021136205,18.443144485150945,20.115237789578586,80.44,2.717044688793858,1.9512567974139763,0.0002677967920175956,0.1181608023264377,0.1181608416755769,1.3159999999999998,6.0764631481836,3.3987725389874623,-0.002842068558553726,0.10479542169500033,0.10483371913308544,0.996,4.969775033342042,3.034972958475217,-0.0035530506231782983,0.13626451415081364,0.1363105240926641,1.271,4.702498242646675,3.2823970002179674,0.10688926738551223,0.031066254718274913,0.11131227852291652,0.271,2.3896734801384647,8.258151170970297
c4,189,c4/c4/c_4_189.csv,f83081b753d454b7c063c2cc37c5fe9df7562371deaee19a6c98cd7b5a06c624,223981,50000,4.47962,4.4796,97.94758207,92.83754756,95.11871175,95.30128046,97.94758207,1,11.56068490184435,18.76209351226145,22.037786112234237,81.003,2.456961861969472,1.9949578298514603,6.884986708694042,9.514386672802457,11.74419820938005,73.698,4.273599534441901,3.759734973986814,8.039019550765468,18.417858474383856,20.095816271743573,78.139,2.660951875599549,1.9519764608550274,0.0006906166148021486,0.1196297156919916,0.1196314420745755,1.317,6.035202681498411,3.280200628168196,-0.00244193034230582,0.10666098834323509,0.10668869980274905,0.981,4.733397266380293,3.0447754087610934,-0.002506507248382676,0.13828540419225666,0.13830780966409909,1.2890000000000001,4.7285833069610135,3.228567883002582,0.10645619048044253,0.03004151407549942,0.11061378318378881,0.23800000000000002,2.1064282704521737,7.584647460455085
c4,190,c4/c4/c_4_190.csv,e7596f5608da267c522743660f32b6af4a6d9cc80a46e075c98d11add917b6df,223981,50000,4.47962,4.4796,97.94758207,92.83754756,95.11871175,95.30128046,97.94758207,1,11.595209263285726,18.896377193068254,22.170258335677193,82.851,2.4831916329728414,1.996721575721074,6.964833642139289,9.551344010135791,11.82102672188238,76.187,4.397587555044633,3.8064907258932092,8.101533982793184,18.490715600699,20.187617239343027,80.662,2.722560040066851,1.9541786712113467,1.7412191212654506e-07,0.12158818527265743,0.1215879138472572,1.31,5.674906149527337,3.3548055293315775,-0.003603051151660185,0.10660914563240317,0.10666977625777928,0.9750000000000001,4.752986438958854,3.074933052563275,-0.0040943919350302045,0.13954203869227774,0.13960178248094146,1.406,5.13603757242774,3.255130182437636,0.10663084815229863,0.029489057936538707,0.11063335136011505,0.243,2.15125002609116,8.080566924184625
c4,191,c4/c4/c_4_191.csv,2829eac280352e0719f61e5b67350efb7fa4158af294b9b39e02ca59b886c89b,223981,50000,4.47962,4.4796,97.94758207,92.83754756,95.11871175,95.30128046,97.94758207,1,11.672743375554177,19.10063136181102,22.384937513190362,83.016,2.4856893152912694,1.989065764290076,7.010415012880556,9.598696758640402,11.886146842664816,75.282,4.28759636529733,3.708998464544524,8.189913032801888,18.58679778372729,20.311134506340263,78.70400000000001,2.630133731984506,1.93796920507931,0.00044203749425174456,0.11859057187491086,0.11859113097090285,1.251,5.506313960023014,3.397188458683852,-0.0027346203472615985,0.10494627082440465,0.10498165904495066,0.976,4.791313116747634,3.0271318468154353,-0.0031535085565293484,0.13766411370159978,0.13769992086339522,1.25,4.851128423397479,3.1141749244480716,0.10844110884405374,0.031222162380691365,0.11284632541113034,0.24,2.082478088177263,7.633586700217369
c4,192,c4/c4/c_4_192.csv,7f48b4c21fc7cb7088d7d236d5e0931b422e987a5d34a74ace7f4d413748c99e,223981,50000,4.47962,4.4796,97.94758207,92.83754756,95.11871175,95.30128046,97.94758207,1,11.720206410365165,19.26377820137088,22.548940819621507,83.36500000000001,2.450447692510618,1.9835115650755546,7.084010241940164,9.614307998619713,11.94226556015842,73.54599999999999,4.202971349712153,3.7118918172176936,8.22784576370317,18.570665950587657,20.31170943156736,80.356,2.7205489614832445,1.9399067302756046,-0.0011641880338064388,0.11944199052945656,0.11944739737967137,1.501,6.304030196711111,3.5017057664319315,-0.004898884280363067,0.1056997924728872,0.10581302053519295,0.938,4.6308100602517825,3.0301434582426463,-0.005819332889843334,0.13807423344701278,0.13819650306970624,1.3980000000000001,5.477707345591586,3.1180140156938796,0.11121087949424281,0.03127893574394027,0.11552587230163938,0.25,2.1207370705698043,7.523391919830189
c4,193,c4/c4/c_4_193.csv,a9e373d37b8da50e8e7058f8188267a93f49db5c461bddd91da1b9f0498d6f2c,224403,50000,4.48806,4.48804,97.94758207,92.83754756,95.11871175,95.30128046,97.94758207,1,12.19660351688703,19.46848086042917,22.973401910435467,83.328,2.4428249772841863,1.9809805966995178,5.649828447035023,9.455503989687164,11.014840841351555,82.773,4.2244822844204055,3.492658346866253,6.597721144547979,18.071924748132076,19.238579287742915,77.939,2.7249933176406884,1.9282495200060032,0.0059456780880826005,0.11345493788830435,0.11361037214082588,1.279,6.32864752092144,3.4006388512497536,0.006959260794196156,0.10610715487646619,0.10633489293202249,1.046,5.078295422229934,2.952326825721833,0.009868504431758933,0.13107049277777247,0.1314411841866168,1.1989999999999998,4.823450153186867,3.0900100725390973,0.11772117574185728,0.03297613937746172,0.12225259154891535,0.244,1.954968782026776,6.912931991978778
c4,194,c4/c4/c_4_194.csv,5ebc8eef2bea3cd573f051de9b983d54eba5ce6fa179851c93c49778559a4c00,223692,50000,4.47384,4.47382,97.94758207,92.83754756,95.11871175,95.30128046,97.94758207,1,12.443525383116071,19.850701390853757,23.428399605897155,84.345,2.4341398029443506,1.9806346096022023,5.679996410242655,9.69337792720932,11.234923889870872,76.10000000000001,4.513782246955913,3.556010404823577,6.832274158217549,18.731078454975762,19.93819705473613,81.855,2.7001939970902002,1.921364073922399,-0.003648597178262969,0.1169643468473124,0.11702097904361737,1.217,5.255467908628335,3.368933510200873,-0.009909218926023283,0.10801258569145895,0.10846593535391484,1.087,5.255106113639641,2.9754882372317644,-0.012197602059975323,0.13503467818765472,0.13558415944999277,1.255,4.838323316389708,3.114697932920999,0.11348402714446648,0.0320785175527158,0.1179307046747832,0.266,2.213164084109886,7.68999437253177
c4,195,c4/c4/c_4_195.csv,73fc1010da629d2a934cabda7698a1f4dcd1959926ca080a53c8434fce3f5872,223981,50000,4.47962,4.4796,97.94758207,92.83754756,95.11871175,95.30128046,97.94758207,1,12.521300480844356,20.04304914867137,23.632710198908832,85.92699999999999,2.437849891742848,1.9824798897839158,5.776590867082476,9.774956315434732,11.354221524026025,75.766,4.421791480266783,3.6210277910459348,6.909322982753001,18.854585578323583,20.08065124050206,81.159,2.6624136518125847,1.936301820188057,-0.000668137029480179,0.11883724316079136,0.11883885609454509,1.19,5.334955424811613,3.3441642332995065,-0.0038998040012322467,0.10928526831022307,0.10935458389200477,0.962,4.3985353231742055,2.943568918198529,-0.004708252039235472,0.1363736781237405,0.1364546250202448,1.356,5.019983748431916,3.061717515466858,0.11014436938847491,0.030610106965063034,0.11431866240077419,0.241,2.064404840328168,7.760091119922671
c4,196,c4/c4/c_4_196.csv,db480a2b240690d70071c19e54a50a965d42905c2efac8f9499b906066ec8b1d,223692,50000,4.47384,4.47382,97.94758207,92.83754756,95.11871175,95.30128046,97.94758207,1,12.903684852386318,20.70930775984816,24.40038100938456,86.432,2.3971346995566973,1.9803544958313473,5.97124509146505,9.973052826980139,11.623988385872137,73.35300000000001,4.150296645051266,3.541664280866863,7.182837830588487,19.480589446656182,20.762582401768082,83.04599999999999,2.6496222355902725,1.9249238584243196,-0.0003727893710995475,0.12001968102667748,0.12001999171102365,1.264,5.315781070341473,3.32940358845654,-0.0036496298481841103,0.10992860363154329,0.10998892522600144,0.944,4.3731675622037205,2.918552311461452,-0.00423274860075461,0.13712066329505054,0.13718567129907455,1.3170000000000002,4.803708680065668,3.0901166999382674,0.10949852475725552,0.0318996359155203,0.11405046754180807,0.358,3.0951210250023653,9.074834223860805
c4,197,c4/c4/c_4_197.csv,08a6a27050fe47cee2692e3f91b8efd979ca1341c05ec06428f3839e198149b1,223981,50000,4.47962,4.4796,97.94758207,92.83754756,95.11871175,95.30128046,97.94758207,1,13.05493099861149,21.13358651001707,24.84064629007481,90.755,2.4815779460871004,1.983180068669231,6.082502707818966,10.1011116777477,11.79104918047057,77.844,4.346517363771581,3.546277432725169,7.350863564320188,19.7669502370564,21.089470650702033,81.84100000000001,2.5674423458417897,1.9290426288547984,-0.0009224666377951701,0.12352975858900163,0.12353292707920495,1.241,5.1079498795930345,3.3413048671918264,-0.004351217290752341,0.11259166778859955,0.11267546382996779,0.971,4.410898194748013,2.9130907679533244,-0.005016456753028159,0.14078475649737515,0.14087378751627058,1.307,5.118056472477012,3.139351835114478,0.1105476937775972,0.03180250409520756,0.11503124510633093,0.28300000000000003,2.416734685806681,8.171977158495858
c4,198,c4/c4/c_4_198.csv,b38400ba3e6af222032a287be9f773800a93b2bca83702de6f16b1ac2e0e5e90,229056,50000,4.58112,4.5811,98.04939711,92.83754756,95.11871175,95.33521880666666,98.04939711,1,12.93847901823135,21.3397699962052,24.955721482219616,93.479,2.57291699804181,2.009467688502162,6.075222609318246,10.097436841127788,11.784146782425054,76.642,4.237557535728835,3.6090941020315377,7.3601720016065935,19.780210052317553,21.105144715925597,82.42699999999999,2.605999662181795,1.9819162256835832,0.0004737575090807487,0.12218925678481692,0.12218990849615938,1.222,5.147724617698445,3.334553823218366,-0.002639376397038279,0.1117352733472497,0.11176619843417175,0.972,4.527307961521343,2.9441519954072,-0.002867377409891031,0.1390824250532116,0.139111675862503,1.284,4.895347538427297,3.18218332744579,0.10865248672813635,0.0352949389993736,0.11424136795673638,0.256,2.197102542531306,7.125650182459636
c4,199,c4/c4/c_4_199.csv,2db29cf8617cfb30651c2c7977727d92a3e6237cc89be67ac35c7dd45cf3f659,223692,50000,4.47384,4.47382,98.16385952,92.83754756,95.11871175,95.37337294333334,98.16385952,1,13.14064347406255,21.465264193305764,25.168075373679418,90.95400000000001,2.4446446176947036,1.9875317414974312,6.264720584553761,10.148116101708357,11.926043938879868,77.339,4.22788983995105,3.5788938333731357,7.523793720830427,19.862959448437177,21.24012396979147,83.191,2.6580824142221,1.9283375547446489,0.0005253518230423975,0.12243972848090383,0.12244058186150267,1.569,7.70986208696554,3.4015787954226764,-0.002655548700892299,0.11112599564952211,0.1111574722755392,1.002,4.570093126450017,2.945024549907433,-0.0030373504640309,0.13851889820544552,0.1385518851605186,1.333,5.001736347341129,3.227208657066806,0.11288291937127837,0.03230124978344517,0.11741345561321552,0.262,2.1888462328083738,7.755381553959839
c4,200,c4/c4/c_4_200.csv,009d546836fe9df1c7805ae835ac40d1d6e7bf157504e8d56f656d3179c9812d,223981,50000,4.47962,4.4796,98.28908463,92.83754756,95.11871175,95.41511464666667,98.28908463,1,13.07553325058822,21.509106395641556,25.171594351302428,90.172,2.428769475098295,1.9853673482654737,6.297540010090141,10.11582095686878,11.915888004750006,76.298,4.209421906282203,3.5373976078276126,7.52655493992794,19.738015958745944,21.12431215131266,83.007,2.6354940980428796,1.9331768494008312,0.0007667168197302448,0.1228318019683254,0.12283392067408129,1.3090000000000002,5.544071183780876,3.4597056979431158,-0.002465258213866355,0.11068506074508837,0.11071226432868962,1.032,4.8594435608574615,2.9492592300314135,-0.0026876654716248257,0.1389250142388779,0.1389506997399586,1.549,5.88698006941209,3.269979753778175,0.11671787785571097,0.033095267696655765,0.1213192271032155,0.316,2.563484844289427,7.636725266862804
c4,201,c4/c4/c_4_201.csv,3a42489927e97a3c41808a1f8cc078227d9786119155e836d1a843d0190fca99,223981,50000,4.47962,4.4796,98.42538882,93.11895181,95.11871175,95.55435079333334,98.42538882,1,13.084233466231508,21.65359663562606,25.29967033922031,91.736,2.4876213466874595,1.9856564652352933,6.349059594340592,10.114833733524577,11.942360001697214,76.842,4.241791404111145,3.4432975398811294,7.610734017617566,19.727247854158186,21.144404524560947,83.523,2.6305304524131516,1.9250535411318053,0.000641081163134373,0.12123360881317374,0.12123503318400039,1.276,5.303747465669502,3.5060503960070677,-0.0028638232707238562,0.10972751661241073,0.10976463743174407,0.935,4.290999460485497,2.9376394749845685,-0.003310754037172796,0.13719642261505033,0.1372360573352214,1.2959999999999998,5.224574458945661,3.1836669618115176,0.111994838847938,0.03204063255102206,0.11648794563992963,0.27,2.2749134989394437,7.523001220093461
c4,202,c4/c4/c_4_202.csv,4d3b0b6055617b242b4e5025498d9ab02e140b2b40e9ec426f5e81d13a2eccc3,226166,50000,4.52332,4.5233,98.57308034,93.44953482,95.11871175,95.71377563666665,98.57308034,1,13.086080971498811,21.884653165560373,25.49865568476196,92.739,2.482170071335306,1.9943018734644937,6.34316657234067,10.161210470110532,11.978543478168904,77.042,4.229061746307058,3.4982699707674643,7.652142169910596,19.84836523086185,21.27230923596269,84.484,2.6457870358921998,1.947423090724159,0.0013635515506309525,0.12211342428208334,0.12212076699003141,1.4849999999999999,6.771984981616657,3.5773028574694123,-0.0018246686062449705,0.11039676014551499,0.11041159440468007,0.968,4.763992430650963,2.955136070056434,-0.001705888595102712,0.13849308686948442,0.1385032864595259,1.397,5.1334521957915555,3.1942497661206195,0.11183165020383258,0.0337300518481805,0.1168076596569972,0.273,2.2943700848640867,7.26748880149525
c4,203,c4/c4/c_4_203.csv,6caeb4959c6e7656da945a0485591c7e2fb8c037a550ef8f13c25bdbf556d72a,223981,50000,4.47962,4.4796,98.73245902,93.79772956,95.11871175,95.88296677666666,98.73245902,1,13.348674637580865,22.35614377213684,26.038088399762255,95.199,2.450794352498729,1.9816988111041314,6.470731075403718,10.261209535183795,12.131047427152224,77.662,4.262204093297969,3.383937202698959,7.862396247896026,20.118876979925123,21.600571254797842,86.491,2.6827531233521693,1.9237738625391834,0.0008797487286868082,0.1240999940882012,0.12410283530635151,1.335,5.503500369786028,3.490338653799154,-0.002195704099901331,0.1125059677258826,0.11252714063072804,1.0430000000000001,4.665541104637623,2.938068517852791,-0.0024066684227680027,0.1408280876890979,0.14084833612572042,1.394,4.955685095044141,3.1503800912879045,0.11055719458346913,0.0330892188478246,0.11540270702969352,0.273,2.322302542964115,7.002947330067924
c4,204,c4/c4/c_4_204.csv,bd80a2b7d225f83880bf9c6031ab1552f04f571277ac5c81d85ef875ec45dbde,223981,50000,4.47962,4.4796,98.90381609,94.1637065,95.11871175,96.06207811333333,98.90381609,1,13.428147771462756,22.557632330492478,26.251850546196273,95.09100000000001,2.4469132142498577,1.981703956982108,6.4782594595077265,10.32577681031763,12.189710264449825,76.765,4.0951752680770594,3.4069399259340036,7.9428075595697845,20.243014415327,21.74548217490135,86.509,2.682994082666952,1.9276226474020675,-0.0003548158102696211,0.12590815422617627,0.12590837310197908,1.4060000000000001,5.988481793735037,3.5066456560632493,-0.004095655435059224,0.11364069437679666,0.1137142214249429,1.182,6.076636601307556,2.9514859682310126,-0.004687111853237552,0.1417976718319685,0.1418748003887948,1.3980000000000001,5.096042412173869,3.122129978614821,0.1138218956072167,0.03449060541711761,0.1189328401682493,0.295,2.4383509179613396,7.382736839003308
c4,205,c4/c4/c_4_205.csv,f1c62505fa18e79e89ce49b04804d6679819f34c95ecf01c2d2ccd8663650ee6,223692,50000,4.47384,4.47382,99.08743402,94.54762299,95.11871175,96.25125625333334,99.08743402,1,13.455570288611128,22.699656422247998,26.38796070143347,97.02000000000001,2.4959867397567437,1.9787490086280701,6.52418164261574,10.331898888915793,12.21935364682956,79.987,4.416191032657547,3.3819873337512427,7.998462139906658,20.127019957875973,21.65803587654573,86.353,2.7142350458316677,1.927704768704681,0.0003344598823382152,0.1270526279008509,0.12705278413536397,1.504,6.0762147421932875,3.4679963356528467,-0.00301422938683547,0.1141738375446857,0.11421336385648877,0.966,4.307727076651093,2.9018319449220593,-0.0033307181302862873,0.14230776689952312,0.14234642134674524,1.2970000000000002,4.5733499573846865,3.1012614836016756,0.1132407864384958,0.032465062172786746,0.11780259446779702,0.276,2.300458671766195,7.79889748026923
c4,206,c4/c4/c_4_206.csv,b2a4abfb4e7af864c84c144851bc5b93277f9c2a271a42bd469787baa91e3f95,224143,50000,4.48286,4.48284,99.28358632,94.94962314,95.11871175,96.45064040333334,99.28358632,1,13.582649210548626,23.068059881100556,26.769784686583765,98.22899999999998,2.4538486494783576,1.9799799283825317,6.55612087818937,10.404487103162506,12.297788007757124,77.84100000000001,4.144566483651376,3.3600258300654655,8.112955283011292,20.31449777868615,21.87457479092098,87.313,2.656097343849388,1.9313546445608147,-2.6010181000522106e-05,0.12764915629009232,0.127648874190367,1.587,6.494377684551176,3.451221774415259,-0.0038328834717122552,0.11519290297486327,0.11525639544451549,0.9339999999999999,4.121246358330417,2.9073732875326024,-0.00423385071137622,0.1428717941279494,0.14293419458185042,1.3039999999999998,4.820400059031698,3.109793019425199,0.11109197699682792,0.033565362662912414,0.11605195344047961,0.306,2.5936659494006364,7.249528229065534
c4,207,c4/c4/c_4_207.csv,756462a4f3e4c96feaeb0521d8f08135915eda43e54f36077526d84d0b0aa9df,223692,50000,4.47384,4.47382,99.49253735,95.36983781,95.11871175,96.66036230333333,99.49253735,1,13.635961639218209,23.25653580806002,26.959293197537384,98.08000000000001,2.430627521272913,1.9777098897084395,6.6324783318133855,10.460940797891183,12.386305421464083,77.708,4.177436147370883,3.35869922957119,8.196154797668221,20.308127193342628,21.899660725052147,85.762,2.6517305783449174,1.9265269572799053,0.00023843499096972638,0.12787151940877192,0.12787145588656268,1.357,5.505528932309431,3.394013861491452,-0.003091447168428017,0.11464693298501057,0.11468834958033075,0.995,4.359640729242396,2.908115366153948,-0.0035510612806895193,0.14325850873630797,0.1433021933359053,1.416,5.212760409388893,3.1793616561263067,0.11349055844643528,0.03165517607208367,0.11782254686196801,0.261,2.172759007661838,7.1318824608506635
c4,208,c4/c4/c_4_208.csv,906fc109eb1ded3749466eca154a7b1b762a49ef6b86c60f7695ee1ff631651a,223981,50000,4.47962,4.4796,99.71454217,95.80838454,95.38992062,96.97094910999999,99.71454217,1,13.717540304757993,23.526037362655043,27.233120917810574,100.191,2.474046224938392,1.9774345359541157,6.666485166152486,10.52859084901197,12.46165136821397,77.698,4.147203165370452,3.3760612083528776,8.281514007884597,20.49177831902573,22.1019134503859,86.656,2.66415847352673,1.929358674484592,0.0019202075176019396,0.12724447727084887,0.12725868105854224,1.405,5.830643487957109,3.4641030887180126,-0.0010577147168733063,0.11325672549091798,0.11326141161363668,1.013,4.5205157935569575,2.9517604854406843,-0.0009728414463726835,0.14196805429082235,0.14197107055527158,1.431,5.085543112242109,3.2349163941107775,0.11289894678566487,0.03393574952493361,0.11788893985216418,0.281,2.3411865468135624,7.185629876051859
c4,209,c4/c4/c_4_209.csv,2916146d0feae76c3c95460b63e7f11f2e245ccf8c720f2f54b2be02600e4972,223981,50000,4.47962,4.4796,99.94984642,96.26536749,95.87059774,97.36193721666666,99.94984642,1,13.777987909688767,23.74534190381402,27.45308171419992,99.51599999999999,2.4421302022833355,1.9758041892271574,6.776884383050348,10.628232210903908,12.604958450731647,79.481,4.176769023538041,3.3847608182361952,8.387590902799792,20.76759837943445,22.39738596406003,89.58,2.675981924684189,1.9225272000707563,-0.00027323746210616075,0.1267345032889658,0.12673451492314317,1.4020000000000001,5.744291525015802,3.5282939743653143,-0.0038965358668815665,0.11350237458385473,0.11356898568978156,0.998,4.473052188628533,2.9531791605530087,-0.004314428455985105,0.14221335205817826,0.14227846463996519,1.428,5.1799828024921,3.2713553939783164,0.11317685875141195,0.0339468613688454,0.11815830740409548,0.294,2.4458711905176034,6.656580808313413
c4,210,c4/c4/c_4_210.csv,6a691bee7be40841f01624987e915f581a040c8eb75e066028e1953bd962b28c,218068,50000,4.36136,4.36134,100.1986861,96.74087746,96.36895722,97.76950692666666,100.1986861,1,14.081623635746649,24.174644897476522,27.9768279148689,99.63799999999999,2.4026669572598323,1.953622733349783,6.974166902067245,10.700537095396541,12.772625925604341,75.14500000000001,3.8519878595498827,3.3026374451455087,8.617542009831796,21.058067632846306,22.753070325045364,84.843,2.4572068385187715,1.8890401331840767,0.00020840288350422814,0.1253433433425579,0.12534322919858998,1.3639999999999999,5.77613968164899,3.4915035041737275,-0.0028930975658968765,0.11367011258561345,0.11370666320438647,1.0310000000000001,4.801829414504681,2.9330807023216003,-0.0036053891446704697,0.14122463666544557,0.14127032729004368,1.274,4.799309331307704,3.1946576716681685,0.11264013060146377,0.02801664155129726,0.11607207944309873,0.23500000000000001,1.981527350104479,7.490965589815246
c4,211,c4/c4/c_4_211.csv,a359035e23e161e341426279e03dd9a0ff05a24d2c6f4da7af7f3a79482ebe09,223981,50000,4.47962,4.4796,100.4612875,97.23499183,96.88499373,98.19375768666667,100.4612875,1,13.88602851581161,24.176850551250876,27.88080488137586,102.046,2.471664655780172,1.9753704885730083,6.959142221884893,10.690174864060968,12.755743367890922,81.541,4.3068442516873455,3.3882976738726365,8.563447444202856,20.979039095401262,22.659451637397012,93.122,2.7870489105646623,1.9275286654603419,3.624861037320117e-05,0.1269406156348224,0.12694033743639072,1.435,5.813754830845702,3.535244240979697,-0.0032832561690500535,0.11457694250033985,0.11462371880303872,1.045,4.649997448746794,2.9550457045046135,-0.00347138819810609,0.1413485060101939,0.14139081117957739,1.3279999999999998,4.901308608519374,3.182278798455648,0.1133488197659623,0.03385844033436326,0.11829769146499784,0.325,2.7050401071831756,7.023449161763438
c4,212,c4/c4/c_4_212.csv,981241ccf3ac81f94802a920e11e7d7844d3aff28f1859b0953f8a7e6745863c,223981,50000,4.47962,4.4796,100.737867,97.74777459,97.41869002,98.63477720333333,100.737867,1,14.095506623329657,24.694617596071502,28.434217459328927,103.645,2.4433941289003456,1.9718025311691296,6.992400596479166,10.853553299092143,12.910955014332142,81.13,4.141211857732256,3.3429187517435532,8.6994606372862,21.346586173886234,23.051145789637268,90.726,2.6324071069507933,1.9190142468059446,0.0003587536442823274,0.1277570790625758,0.1277572975727837,1.292,5.3225922348005374,3.5253771946836605,-0.003519387805215621,0.11510083287315442,0.11515436886997613,1.084,4.863037377525043,2.9337249361796913,-0.003620441019550766,0.1426419129899311,0.14268753306910592,1.3980000000000001,5.116074153769615,3.1394695897225082,0.11365187672168622,0.03523649240891856,0.11898888156576387,0.287,2.3699693306566765,6.328738959433176
c4,213,c4/c4/c_4_213.csv,2fd955b777f65a4e9422b3efca869c56245558d4cb8713c711203cf7454666c3,224270,50000,4.4854,4.48538,101.0286311,98.27927631,97.97001698,99.09264146333332,101.0286311,1,14.166743559102867,24.978113305414446,28.715849028462515,105.054,2.471910195991183,1.971063905519736,6.986130619342756,10.907249448482132,12.952744153027524,80.081,4.116888233875601,3.3304216850881945,8.779755348463905,21.45468916153178,23.1815818818215,93.326,2.7118511722143253,1.9226249502021808,0.0003741427743345076,0.1295821992481058,0.1295824504814535,1.38,5.371097686562233,3.4947188640589633,-0.002848802782360548,0.11632967707910377,0.11636429480724883,1.08,4.666379845290604,2.9265088149443934,-0.0032651714451330982,0.14438909803346356,0.1444256902879827,1.457,5.338385424799684,3.15661945924955,0.11152777455745307,0.034942123474179444,0.11687339751417533,0.276,2.318748370150966,6.269101126140795
c4,214,c4/c4/c_4_214.csv,3e0e5f3347cba652f0321cf7cc93ffe7b4d39c6fa312ea40b9d3b37c4abb133d,220958,50000,4.41916,4.41914,101.3337761,98.82953419,98.53893374,99.56741467666666,101.3337761,1,14.42424504204419,25.361660859398654,29.17652781872772,104.62800000000001,2.4157432453205976,1.9503227167858752,7.234440282768671,10.993187837271089,13.160044000425678,80.262,4.088664141112259,3.240006363887614,8.993853714280542,21.594842395741363,23.392830359033777,92.35900000000001,2.648247306939339,1.888801862215327,0.0006043727767267987,0.13153211679540366,0.13153320765704937,1.4929999999999999,5.701982133329389,3.430111767571912,-0.002395975705790241,0.11893408728480687,0.11895794971218462,1.068,4.606669846999469,2.905175540336674,-0.0025922709293168832,0.1457891268076361,0.1458118416712201,1.3439999999999999,4.732125951442461,3.082391452786853,0.11661423437938431,0.03412991739149825,0.12150607247877944,0.305,2.469012403082931,6.4108636008976125
c4,215,c4/c4/c_4_215.csv,07fa5a115f455efc0876c72f5f28a19ad28cbbf987fea9df36503072d33bfae7,223692,50000,4.47384,4.47382,101.6534881,99.39857206,99.12538773,100.05914929666666,101.6534881,1,14.36318003326002,25.567284064541866,29.325484358243315,106.376,2.4264901861713897,1.968630015706259,7.152789599091608,11.024897549789486,13.141926101544417,82.11500000000001,4.212624509697552,3.2588013129296236,8.991686287395169,21.549411353475584,23.350063725942857,93.325,2.703590051870443,1.917931269614312,0.0002476709046367328,0.1313202595416181,0.13132019956692964,1.373,5.36855717798909,3.4319724040067996,-0.0030746919871966812,0.1190955823965924,0.11913499934808083,0.965,4.079405738527241,2.912912352967827,-0.003404869195143322,0.14536618556589959,0.14540573088444383,1.413,5.45370526441086,3.1183137140898958,0.1109949662929385,0.03530634773415754,0.11647495507674986,0.28600000000000003,2.4125358092204308,6.537304036519795
c4,216,c4/c4/c_4_216.csv,c07d22c6b66932e930a1887e33520e00e769aa9274ff9628ccf0f509bf44d5ad,223692,50000,4.47384,4.47382,101.9879429,99.98640043,99.72931479,100.56788604,101.9879429,1,14.58177094397654,26.033139155556377,29.838722298956284,107.789,2.430734106953936,1.9724446141381287,7.298065313019689,11.206498038914445,13.373361364569002,80.526,3.988002608027845,3.2523648448825404,9.163194057006956,21.898323465229595,23.7381244452525,92.056,2.651936556537434,1.9257512414339586,0.0015096829569229118,0.13216240713710814,0.13217073397049126,1.491,6.21166256202601,3.406901813153952,-0.0015778257604205782,0.11928057967171136,0.11929074824258565,0.982,4.224971403273308,2.924929464741201,-0.0014784122811723264,0.14617786158330157,0.14618501084544758,1.3639999999999999,4.863699745192731,3.1690890214110095,0.10855209842104321,0.035074007044147544,0.1140777740941738,0.281,2.419402045591771,6.850311477828119
c4,217,c4/c4/c_4_217.csv,b4094b53dae8a0547be51c07d67c370f20d5482b272b176364a264c0903d2e73,223692,50000,4.47384,4.47382,102.337306,100.5930165,100.3506392,101.09365389999999,102.337306,1,14.656980790551295,26.293948314820824,30.103084777916365,108.46799999999999,2.4124437922480135,1.9729605575253373,7.336841411404968,11.278373510757085,13.454753148890997,82.222,4.021701431546522,3.261608274378407,9.257841549988377,21.927022871415033,23.801256538460596,93.497,2.674522662160137,1.9273793354510402,-0.0001711415696582801,0.13053021245309918,0.13053003288381004,1.335,5.132918342220856,3.428849848598035,-0.003526366611233303,0.11797087022204432,0.11802329967785624,1.0230000000000001,4.372018079552244,2.936877267080909,-0.004068889365735028,0.1447454443630976,0.1448022992338842,1.3719999999999999,5.027544478586881,3.2416992602429384,0.10897398655293887,0.035570885943041634,0.11463250854634838,0.32,2.7479116002476625,7.602448880036782
c4,218,c4/c4/c_4_218.csv,0fc753c929470dabf616748229d611fce66b251be98a893c23dd7d68ce6672b2,221692,50000,4.43384,4.43382,102.7017323,101.2184044,100.989274,101.63647023333333,102.7017323,1,14.852277145769806,26.647881495549868,30.507319146063885,110.197,2.4211566950985253,1.9579442771397855,7.478450548508742,11.376250623135972,13.614173389087716,82.381,4.098375891460487,3.2354023217358643,9.402693804918536,22.157505216858993,24.069970370620037,94.269,2.623767251375024,1.905393540591135,-0.00012968442704292435,0.13194703195249616,0.13194679809172563,1.5190000000000001,6.328308167201844,3.5088535350120824,-0.003895918661927359,0.11887618744001528,0.11893974263649196,1.064,4.489668366208178,2.94725266865602,-0.004386053623946736,0.14647677861687436,0.14654210098105191,1.427,5.0019755080130714,3.2654720118696177,0.11375027966728614,0.031949930623175374,0.11815210360646868,0.249,2.0651346235247336,5.933605755334595
c4,219,c4/c4/c_4_219.csv,b96e86b2d7a9922e236a0a5f7f2af1b099a9134b0d65dd5a19a8f7c272ad1680,223981,50000,4.47962,4.4796,103.0813662,101.8625349,101.6451207,102.1963406,103.0813662,1,14.775696541224479,26.773893006119927,30.580375316948935,112.128,2.4586683198203976,1.964923523641059,7.432875462650851,11.376183958240107,13.589136149476742,81.564,4.038225785390562,3.232860523325643,9.41458904996406,22.278561285858476,24.18608203040336,93.777,2.605878865405837,1.920569212665772,0.00016835803036864718,0.1320935484003939,0.1320933608127939,1.471,5.783788036726239,3.497221144106909,-0.003169277751237828,0.11954966345614022,0.11959139828772074,1.104,4.874932548220406,2.9651479281403987,-0.0035423585036230753,0.1475003642931795,0.14754256550417547,1.3969999999999998,4.737615871131224,3.2566409881950835,0.11471672597229228,0.03721224583952137,0.12060129466872813,0.336,2.7445808182176026,6.477899477658802
c4,220,c4/c4/c_4_220.csv,aa11ac20a4668f9929496de99696baaf929e31bee3242d9235b209138c1afedf,224137,50000,4.48274,4.48272,103.4763417,102.5253658,102.3180698,102.7732591,103.4763417,1,14.98487726256709,27.257203321850895,31.104635743989196,114.736,2.4876999247597067,1.9659494044254056,7.568834275465452,11.551726395284415,13.810468480112304,83.85499999999999,4.0598188309643835,3.200124340673243,9.58899502536395,22.673388273541494,24.61765764224311,96.011,2.6367658915125545,1.9177552960532087,0.000540058089472064,0.1328505578206782,0.13285135916797453,1.737,7.143321723943402,3.556619320042689,-0.0027700736603059736,0.12101824130770297,0.12104967036692181,1.034,4.320540472474642,2.926038649250293,-0.002947996091676073,0.14795945230491325,0.14798848784592278,1.488,5.6017870853786125,3.159868196240645,0.11080407518615847,0.03580496528593209,0.11644540736882025,0.298,2.51620056660521,6.5889452243190005
c4,221,c4/c4/c_4_221.csv,33af8a5e32dc248509026133993f3cbf0c92279d547f4fc4e9cc27da2df1d187,223692,50000,4.47384,4.47382,103.8867818,103.2068418,103.0080008,103.36720813333334,103.8867818,1,15.185667086887328,27.655291418853835,31.55021726202507,115.47800000000001,2.4519007066588654,1.9628606059449747,7.6064803435080375,11.666630177702205,13.92724647759597,82.985,3.967977452606923,3.222151164916031,9.748485958371335,22.934408354345077,24.920226998456876,97.301,2.6755775540940596,1.9232204652382583,0.002008623464406416,0.1349971702958329,0.13501181091254924,1.521,5.851339928413405,3.513590742425361,-0.0008780510702215544,0.12280219769039298,0.12280506225498851,1.06,4.527500656654849,2.897129913414557,-0.000492288503835631,0.14990495682363805,0.1499054300916417,1.417,5.0832047880731634,3.1227733313990527,0.10646609623947212,0.035168632990139975,0.11212429204097711,0.291,2.550740743098543,7.421664670055126
c4,222,c4/c4/c_4_222.csv,8d28bf7f919fbb91348c35a41ce4eea7b3c5d0f5ee6938de48757ae67e1dde75,224004,50000,4.48008,4.48006,104.3127991,103.9068949,103.7147822,103.97815873333333,104.3127991,1,15.43101670059463,28.20047993200975,32.14622519944915,116.572,2.4390422052211456,1.9635204782930151,7.789102699058946,11.83949052091344,14.171909923780477,83.572,3.9849251303267583,3.184768664483717,9.956555347225944,23.37168981815335,25.40406347080784,100.542,2.682208697765988,1.9176639503784934,-0.00030931590507312365,0.13670610895338084,0.13670615374561654,1.468,5.44232998745937,3.466708360775473,-0.004753495473295119,0.12480749054229116,0.12489770164476634,1.08,4.515695585849346,2.891879737966157,-0.0051555329369118415,0.1530463583139619,0.1531328271374032,1.5430000000000001,5.171980527005835,3.1592668755661943,0.10852518705023124,0.03479584441541378,0.11396693208044356,0.262,2.2550400831935753,6.302061068384829
c4,223,c4/c4/c_4_223.csv,167834b54c497e70751eab66ff1edfef58138a556ca2ba4fbd136bdaffcceef0,224137,50000,4.48274,4.48272,104.7544953,104.6254442,104.4382717,104.60607040000001,104.7544953,1,15.699119716958824,28.828747097265857,32.826137620810755,119.074,2.4160320326482925,1.963873142344967,7.947118356183941,12.007873882788381,14.39948200611913,84.9,4.0278532224529355,3.1643402224081876,10.180421759905771,23.877808869602312,25.9574305328395,98.20400000000001,2.5643139029415574,1.9149981609524789,0.0004172358869798383,0.13951951886389308,0.1395198315024958,1.4329999999999998,5.189226450485275,3.453384275355199,-0.0027219602296809533,0.12692041393764447,0.12694931536366674,1.093,4.576629644166508,2.88967722439626,-0.0030781486323097035,0.15525839447280493,0.15528855884027679,1.392,4.694486222580109,3.0873196078280736,0.108766236721291,0.034339547247742574,0.11405828989864676,0.271,2.332140874954114,6.544210274435908
c4,224,c4/c4/c_4_224.csv,c43df8a58fd1323a020b486ea28359ba07b88f1ccb5d5921044405674ab055b8,223848,50000,4.47696,4.47694,105.2119613,105.362396,105.1783164,105.25089123333333,105.362396,1,15.897049171759408,29.289902769494695,33.325826983160844,119.47999999999999,2.39633963293251,1.962893770287303,8.057953758800615,12.125028510688361,14.55837485420228,83.211,3.890063318685112,3.1393563265843016,10.30865462724706,24.106636384701954,26.21823186098701,98.466,2.536822481113573,1.9124039619620958,-0.00010851559987134115,0.1400301517417524,0.1400298810087296,1.499,5.470261022018914,3.4085267816780607,-0.004129100997105178,0.12769262548835908,0.1277590827993562,1.085,4.289323216734627,2.88294053389688,-0.004393981630392052,0.15506509115549377,0.1551269871820332,1.4569999999999999,4.9443363397496185,3.141377868022719,0.10767774561309461,0.032337790735489876,0.11242875494441368,0.246,2.1435797285058764,7.113840134391075
c4,225,c4/c4/c_4_225.csv,9e860117e096ce4bc6395b13cb6b150aa49f76001bba471bbbb4094413a8c63d,226582,50000,4.53164,4.53162,105.6852774,106.1176442,105.9347532,105.91255826666666,106.1176442,1,14.750647249119526,27.84148259611085,31.50755982884702,116.104,2.4512212440294907,1.9898859729893748,6.152572582994237,11.71567309922121,13.232933906922643,86.087,4.073095231874726,3.094278328035404,8.095669413280842,22.593240689134618,23.999836150264404,94.006,2.56918420667304,1.918557543336796,0.004568319637040894,0.13480088343131455,0.13487797270425309,1.408,5.308502090033434,3.4648650951547992,0.004855906470946501,0.12108763179795194,0.12118469248085317,1.124,4.711816222912941,2.934304030964524,0.007087010442135739,0.14934329808257374,0.1495110295763331,1.444,5.00966384970011,3.1554643769631454,0.10610720622114732,0.03501601355747297,0.11173564787539671,0.28300000000000003,2.4880152868493224,7.384064478339139
c4,226,c4/c4/c_4_226.csv,9852ced6d47f19633e2305906d3590cd690c0ac4ed91dccab0ce14209c3fb00f,223848,50000,4.47696,4.47694,106.1745129,106.8910702,106.7074082,106.5909971,106.8910702,1,15.028370831993136,28.303171822976385,32.04555954376811,119.13499999999999,2.4570642897484425,1.9856837909375609,6.210186246917551,11.792516592064294,13.327761985982386,86.804,4.430451268720462,3.13575399897342,8.336552557985776,23.124505275105452,24.58126245547672,97.27000000000001,2.6134133719274075,1.914256314596851,-0.003469452485615239,0.13954628305080924,0.13958909420525248,1.54,5.802745584185625,3.5932285002793165,-0.009586246024087775,0.12287108143439528,0.12324419386426975,1.084,4.478912820898678,2.9506923079557446,-0.011535434759300953,0.15518314594138613,0.15561094903082898,1.5230000000000001,5.398077739591336,3.2500415615897236,0.10638568582252242,0.03531077226886906,0.11209263676118603,0.34500000000000003,3.033205479182115,8.829064359385882
c4,227,c4/c4/c_4_227.csv,9d1f40c9a741577c0bdec59f1e7d2a9bf516d85ec8c2d2e1ccc5948f283637b0,224293,50000,4.48586,4.48584,106.6797264,107.6825431,107.4960979,107.28612246666667,107.6825431,1,15.210132558751276,28.720941171656698,32.499798714692666,120.36699999999999,2.4584152259342864,1.9875079582909363,6.3147784192997545,11.914922880679125,13.484850047043562,88.34899999999999,4.353403990048118,3.1464104534392465,8.504538857654943,23.362061919450074,24.861831890432846,98.80799999999999,2.6181095699970465,1.9161783224275337,-0.001730107493323465,0.14156787024166997,0.14157812614513202,1.5470000000000002,5.650590396852113,3.698342520995141,-0.005328115456122126,0.12427839431661689,0.12439227969161899,1.1150000000000002,4.509926189879112,2.966620287866561,-0.006538500978630631,0.15792915585454698,0.15806409795688,1.521,5.162462637294177,3.251499820914842,0.10497395817078553,0.03442684235571501,0.11047503828663831,0.257,2.2810582726041817,6.539574801346985
c4,228,c4/c4/c_4_228.csv,8448f02860b177e42e5c0074d2c0a7dedda36fb8d34581ad85e0581a62dc4b16,223848,50000,4.47696,4.47694,107.2009656,108.4919199,108.3006285,107.997838,108.4919199,1,15.466968174832923,29.34459590619914,33.17120086142398,122.072,2.435516288285858,1.9799369305335563,6.507624521997069,12.049059638679141,13.694099697730023,89.682,4.36406929401181,3.1162743656978553,8.700289893141775,23.597903601492376,25.15061850005118,99.39000000000001,2.596556422652871,1.9078521319618356,0.001833069761623959,0.14297584800981628,0.14298727893615143,1.521,5.503986129783067,3.66356060238584,-0.000917573532039598,0.12613833234465854,0.12614138793011903,1.154,4.709001619112274,2.9361903863874863,-0.0009738215217468996,0.1594117647726791,0.15941438314135611,1.498,4.842724883334092,3.2016130540877663,0.1044724321861263,0.03425182474063975,0.1099439463724478,0.267,2.3830325237957606,7.439927706027906
c4,229,c4/c4/c_4_229.csv,d560d46b9a5fb41287a4c8e03e44851ef27423b4b97f9abbe03e44f617ae9b3c,224137,50000,4.48274,4.48272,107.7382675,109.3190454,109.1207964,108.72603643333333,109.3190454,1,15.409969424949917,29.4135332009604,33.20571085068616,122.628,2.4413872771624407,1.985831113389736,6.53492824924042,12.042567818658089,13.701389705404278,87.128,4.285988594050232,3.102470105157202,8.707167772389209,23.469889512650123,25.03293883601377,99.89599999999999,2.5946214475848075,1.9126231051216727,0.0001607186676006193,0.14130485576663857,0.14130463194649476,1.454,5.159066549750733,3.533957537213583,-0.0033068078898173888,0.12593131535789348,0.12597444348641704,1.0350000000000001,4.183388196962528,2.918896618090128,-0.0037339707411092322,0.1561469404770742,0.15619123143364058,1.524,5.153938493288673,3.1691541300875783,0.10279964039850628,0.0326310527642549,0.10785428558923438,0.253,2.299398662233172,6.912384418813867
c4,230,c4/c4/c_4_230.csv,4f50ba0c75d4e9154ba8150629d822763c73ce40711b91dbd686d957b917cbe3,224137,50000,4.48274,4.48272,108.2916583,110.1637529,109.9563887,109.47059996666667,110.1637529,1,15.414383854517549,29.57559653489824,33.35139033705504,124.696,2.4721907892515316,1.9861794744472538,6.633230421572521,12.046126147699901,13.75166366586997,87.021,4.242977534770062,3.1189906361148805,8.7603506203795,23.335452957540294,24.925582805910516,97.12,2.5849345430238726,1.9131462433749318,0.0005882518281229783,0.14144116514962127,0.14144207288836252,1.533,5.634815608429725,3.460527277764535,-0.0031886167834851006,0.12596829055797618,0.12600835967132745,1.136,4.539381367172543,2.925201075646226,-0.003456127279297929,0.15562534605604142,0.15566337107770906,1.526,5.428380447820095,3.203484695737997,0.10659020599008641,0.03388800017340519,0.11184750084434199,0.293,2.5749346013623424,7.1491799387023125
c4,231,c4/c4/c_4_231.csv,5e49f680fae082c5b2d6251d7f85d8a33001b4092929b4bd7d54527bbfc3d99a,223715,50000,4.4743,4.47428,108.8611533,111.0258638,110.8071828,110.23139996666667,111.0258638,1,15.50675765147621,29.902108622831072,33.68369985896764,127.13,2.444802689276899,1.9874146523085148,6.691923567932414,12.121695145700096,13.846179164183077,86.805,4.178770136794899,3.1242351747467603,8.884537478488255,23.433309253562165,25.060976322327758,102.08,2.679265130631723,1.9124178804729024,0.0002647833180609259,0.1447876753952705,0.14478759391060939,1.459,5.083308452894107,3.539257936333328,-0.003358755559528865,0.1263748901531927,0.12641923394773674,1.135,5.070430977813054,2.9328796570206452,-0.0038015779004537025,0.15736193473360124,0.15740749603714924,1.725,5.730349714648417,3.277539876961317,0.1049559260666473,0.03252238619354048,0.10987923958743928,0.276,2.466343970139552,7.750842631552988
c4,232,c4/c4/c_4_232.csv,99a18704e654eff6ff24be085b851a82e307862f3424ed9a31f02e2d6fd2d613,224137,50000,4.48274,4.48272,109.4467572,111.9051881,111.6729471,111.00829746666666,111.9051881,1,15.643868972994197,30.342567575125074,34.13792518398396,129.428,2.4968711349801067,1.9922416075423586,6.79292116874947,12.237474336008257,13.996388390773031,88.41300000000001,4.1590729247250415,3.137291316229766,9.016046587578133,23.442577391582414,25.11654990163414,102.001,2.686634918580504,1.9155057691661146,0.0015140605968670948,0.14338502063647474,0.1433926943609211,1.626,5.739483476951058,3.65291100794766,-0.0015084078041554944,0.12643112466489667,0.12643984048118453,1.208,4.824428737639652,2.952561775322745,-0.0016017524995873063,0.15669644155436602,0.1567042783679026,1.5910000000000002,5.168971826655057,3.323197208045914,0.10745164787607579,0.034890199574002766,0.11297423257729383,0.289,2.5138475696720937,7.689497790184857
c4,233,c4/c4/c_4_233.csv,eae1ffe83aa8e948f667119899e85c03dc49773802035f4da9c4ed4120a90da9,224137,50000,4.48274,4.48272,110.048464,112.8015244,112.5534408,111.80114306666667,112.8015244,1,15.655337235708519,30.544100229040996,34.322404933094305,130.572,2.4789055477275816,1.9925824818465785,6.832763323324573,12.231079804132134,14.010185593408691,89.75800000000001,4.313433223071018,3.123723151131082,9.068861316962394,23.3280111437623,25.02874190901056,99.831,2.647076718472548,1.9188482948274654,0.00015491864350821168,0.14406048206366331,0.1440602439940454,1.637,5.768420050949994,3.696449314888467,-0.003782869405765224,0.12653616146544808,0.12659241218800063,1.185,4.7159224607664765,2.9679704747471582,-0.004418061275023757,0.15700398975571525,0.15706578903801685,1.677,5.609114533444066,3.345000585971014,0.10651461382993438,0.03289627231235173,0.11147880006193471,0.293,2.583450843030197,7.279084095570975
c4,234,c4/c4/c_4_234.csv,cb5891b63b63ca749ecb606851cc1944df342ee34d0915731573206be7e52a35,223848,50000,4.47696,4.47694,110.6662571,113.7146603,113.4484144,112.60977726666665,113.7146603,1,15.751619755369715,30.94100051471839,34.7196595749954,129.793,2.4621785192146817,1.9887529469592105,6.97033122029234,12.293902102895837,14.132404998645203,89.747,4.279314101584097,3.0800392033918773,9.185943573317608,23.30251645066751,25.047682656887144,101.037,2.6871547728385634,1.9154754120913016,-0.000373802759015046,0.14371142765326345,0.14371159279353832,1.586,5.60149661103885,3.6126021184164565,-0.0038533156427575854,0.1275857087608234,0.12764359914210865,1.132,4.434221565390511,2.9511421658985624,-0.004593661770487117,0.15578958756256894,0.15585695011074585,1.5310000000000001,4.921179321518866,3.2517781734759104,0.11169161216539793,0.03397480824692947,0.11674458731329934,0.29,2.4412266689089854,7.050819804463448
c4,235,c4/c4/c_4_235.csv,2fa9b10a71ef87885342923261616fd8016a62f5c156627bce513dd472c3032c,224004,50000,4.48008,4.48006,111.3001091,114.6443724,114.3576099,113.43403046666667,114.6443724,1,15.774126292387635,31.157735802669837,34.92310448350629,131.107,2.487751340692871,1.989470859782085,7.01832399421439,12.335793850610106,14.1925333286982,89.435,4.179310249006871,3.0817388132795496,9.261507111480151,23.27952430889773,25.05412833665326,102.85,2.7166381158998996,1.9166821411323052,0.001156439170729094,0.14664678870899872,0.1466510210882097,1.728,6.07564811610871,3.649970567454217,-0.0023477482544954553,0.12942105993447242,0.12944206388119428,1.134,4.40351445974442,2.961913702391646,-0.002435809181978893,0.15844841790075934,0.1584667858691855,1.662,5.698354989956239,3.299555600496985,0.11327058445384905,0.03414802108579824,0.11830599072294926,0.28,2.3244807665234735,6.514287145700912
c4,236,c4/c4/c_4_236.csv,c1df1cdb23544601d25161fc260120551f42e55571b10a5f3aa555ef1e80d676,223848,50000,4.47696,4.47694,111.9499823,115.5904267,115.2807608,114.27372326666666,115.5904267,1,15.928253140523928,31.460581820158986,35.262913024352905,131.198,2.4294929900100652,1.995295402493933,7.1118607760623265,12.467096888130467,14.35292214734364,90.47399999999999,4.207575250533692,3.086178959098497,9.388297210607195,23.409958221083432,25.222288163864082,101.31700000000001,2.65229703052252,1.9194699469075533,0.0007298479325256423,0.14806883353685546,0.14807030154563122,1.5790000000000002,5.470374487961586,3.515330324695906,-0.0023461947392873733,0.1309350165185028,0.1309557428785259,1.105,4.299162355348072,2.9342120589078284,-0.0027804760373110323,0.15947061575526988,0.15949449748679675,1.576,5.216480901285478,3.1952278157885425,0.10394296129516457,0.03403172377263852,0.10937226454584,0.28200000000000003,2.5326347694291735,7.746236185577163
c4,237,c4/c4/c_4_237.csv,d5470c00636ab9564db7f49507b9c86e93f74c54a49b5179d794b06820986de0,223848,50000,4.47696,4.47694,112.6158284,116.5525786,116.2175924,115.12866646666667,116.5525786,1,16.049765577534757,31.878621333815175,35.69085223615749,133.36,2.4330884402929898,1.9966880880464808,7.1504401066795324,12.543978893725802,14.438819109152226,90.441,4.131709078769861,3.0957018937141165,9.505250326114151,23.492216098258016,25.3422874959531,103.93,2.7063066035752357,1.92539395475437,7.140112933776468e-05,0.15109735243544792,0.15109703180553363,1.5819999999999999,5.645378931717443,3.548241946255718,-0.0038617320681891285,0.13196120656877086,0.13201740499216064,1.109,4.287313479867369,2.965704427323709,-0.004163284907615882,0.16137479414994538,0.1614281288718683,1.617,5.0672705290989155,3.2911976558383005,0.10258217629820235,0.032174512140366304,0.107509522838597,0.251,2.288169396578175,7.295427967055747
c4,238,c4/c4/c_4_238.csv,3862998ba68d001ec581b5bd9cb6f3a888ab24dd1fa774a8426e4f28f18bd50e,224137,50000,4.48274,4.48272,113.2975887,117.5305732,117.1678223,115.9986614,117.5305732,1,16.072527668345696,32.104970888033456,35.903352248980035,135.887,2.518288525622801,1.9956729918549818,7.166404386602836,12.599005723605028,14.49453651727945,90.07900000000001,4.162602917869951,3.079806626291321,9.569149926161233,23.7911805421939,25.643447049273924,102.807,2.6486298768450127,1.9235504205524308,-0.0002464653314713771,0.15078704669483428,0.15078691174925493,1.6219999999999999,5.424874019306532,3.5688732127215883,-0.0039286730883343664,0.13203092667627697,0.13208906955774607,1.23,4.708943761073864,3.0249707841061744,-0.004524063407648001,0.16161227544532455,0.16167522443167506,1.634,5.158489823853335,3.341041932338147,0.1045950378563111,0.032782355808883966,0.10961204314209559,0.25,2.2351558549309605,6.981369091998162
c4,239,c4/c4/c_4_239.csv,476a69f5c74417d8b73f77beb5191fb16e39273567840a94cb4d029287b66884,224137,50000,4.48274,4.48272,113.9951942,118.5241458,118.1311602,116.88350006666667,118.5241458,1,16.090169365165057,32.25800010642612,36.048127253233034,135.257,2.4662030117535907,1.9949925354534164,7.203956937051893,12.631949319109017,14.541747736705956,89.66799999999999,4.164286239620695,3.0729248465510524,9.615961817995244,23.983172095310316,25.83905375945677,103.61099999999999,2.651258077704477,1.9164172638151704,0.0016919428742242467,0.14999295742262084,0.15000216522259754,1.659,5.699917722728951,3.6049235043100465,-0.0012915404417833734,0.13053789117240597,0.1305439890722329,1.218,4.841279973835488,3.0347882172136624,-0.0013555682462065607,0.16046757224364247,0.16047293984548364,1.554,4.947874705632786,3.3178003506906313,0.10239980012224666,0.03131837872930134,0.10708200378789466,0.268,2.456061622837613,7.81371055109241
c4,240,c4/c4/c_4_240.csv,83db4e29a4ef955eedde738c81f2c1590038485923ba2e2a57bca31eaa92a74d,224137,50000,4.48274,4.48272,114.7085656,119.5330215,119.1073083,117.78296513333333,119.5330215,1,16.263261808625973,32.73088545922311,36.54859460890694,136.064,2.4381238445289983,1.994171015873452,7.309239679303284,12.793100123584718,14.733895115275182,92.575,4.204590810190722,3.0834564029313776,9.762913490409883,24.367140432622538,26.250130734937336,104.30799999999999,2.645472538830987,1.92209527647256,0.0005581095490704348,0.1539530803766658,0.15395374856726432,1.67,5.553615991535534,3.653456786266009,-0.003168017774843065,0.132800470201307,0.13283795594048964,1.1949999999999998,4.629700868594479,3.0573857611818926,-0.003309422362215966,0.1634478012547528,0.16348093717638723,1.6389999999999998,5.021992252920502,3.3571442320436287,0.10493861343731734,0.03219187378784988,0.10976531649174699,0.253,2.2593657807987695,7.773162741641128
c4,241,c4/c4/c_4_241.csv,095edc5b52bfcf1bc5e90c403076e40307f50ed9cf1bbce5346796796efc6d64,223848,50000,4.47696,4.47694,115.4376137,120.556916,120.0959617,118.69683046666667,120.556916,1,16.326143995032343,32.918068961159605,36.74421588626786,139.946,2.485425196789414,1.996304738963448,7.357989609020406,12.878743767893905,14.832441173562255,91.677,4.149350688792852,3.072784893576763,9.848437801543907,24.663777554490967,26.557314113266475,105.868,2.636900693395708,1.9122904232067877,0.0003459535041635393,0.1510955740953402,0.1510956326527919,1.666,5.552774658470561,3.682746425620163,-0.003232139666202066,0.1322141087266216,0.13225331444597102,1.274,4.839198190843504,3.0456607488858443,-0.003798684821843394,0.16144924415655507,0.16149356643731447,1.74,5.548208636210857,3.340931131124756,0.10353383545977626,0.032773462765591135,0.1085971921750969,0.27,2.4402104206591892,8.200688098760546
c4,242,c4/c4/c_4_242.csv,7f9b8497bcf1e9d27462be87876af49ee606bc64e4bcf67dcd73f39bc60724dc,224137,50000,4.48274,4.48272,116.1822389,121.5955358,121.0968085,119.62486106666667,121.5955358,1,16.41784753521284,33.2226917072891,37.05790114855175,140.211,2.482925291185734,1.9967944591248086,7.412834181772755,12.952451764354949,14.923651323211741,93.793,4.212440952853268,3.085196048562651,9.949325292120443,24.97823554920366,26.886772608475365,106.224,2.637207560480826,1.9100491015808896,-0.0003916310113903551,0.1526488396196887,0.15264900147189178,1.755,6.197223636436252,3.6677199404115752,-0.004102892427399313,0.1347468778962598,0.13480902722671925,1.276,4.7919639603479185,3.03733978888798,-0.004923497682221141,0.1635287678347433,0.16360250434985807,1.6099999999999999,5.3055422559046725,3.3017221490944593,0.10421484627705375,0.03299603579125946,0.10931362085769412,0.257,2.305293686392996,7.305734798939277
c4,243,c4/c4/c_4_243.csv,1069e3d02db6063553fe92b56da7e3def20fd640f356f2c59e7f8dc7d01bbf74,224137,50000,4.48274,4.48272,116.942332,122.648578,122.10953,120.56681333333334,122.648578,1,16.419946381008042,33.38715941640599,37.20634461678996,139.905,2.465977266645978,1.9983206861069807,7.480624011207431,12.958684697192501,14.962837146081341,93.59899999999999,4.103900844505401,3.0839710408711154,10.002681667908467,25.04381236312787,26.967450379556002,106.91900000000001,2.6571292054484448,1.9173007911313693,0.0015563204647157769,0.1528430521675452,0.15285063461710968,1.7469999999999999,5.9208128397178195,3.5826180438728827,-0.0012920981364076434,0.1351966337922904,0.13520250647618554,1.206,4.519146988651583,2.9957465810506094,-0.0014462984692397952,0.16257465276238559,0.1625807232694306,1.595,5.037497579849881,3.2987381203405497,0.10394700562602335,0.03133200441019711,0.10856643173233234,0.248,2.238260907377983,6.825330385030878
c4,244,c4/c4/c_4_244.csv,92f7d881d28f238e6867ee9df8cc01fbe8d6ab7e9da1f81b777de5229cd58a43,224137,50000,4.48274,4.48272,117.7177737,123.715731,123.133801,121.52243523333334,123.715731,1,16.489453642192053,33.644195205441136,37.46770479040947,142.042,2.455714875375863,1.9992061740713638,7.579024601025266,13.019655981565586,15.064936093336195,92.389,4.110671271110982,3.058701602047659,10.110247023026096,25.30470334532943,27.2496284268578,108.024,2.656806869654194,1.9143191829480808,0.00016252113662625976,0.1524077548589076,0.15240750152356272,1.645,5.524662444976988,3.62517935627747,-0.003684019149002619,0.13563680691837834,0.13568652588708868,1.2109999999999999,4.635685053381213,2.9950097565813976,-0.004332751843738428,0.16188763643691037,0.16194524581764397,1.619,5.125189046516432,3.3035955961172223,0.1025436273350674,0.031311745555808394,0.10721761302398512,0.249,2.275745496641638,7.300491146853552
c4,245,c4/c4/c_4_245.csv,30380987f3aa1a1aa6b901d21196a2ddd493ed92a3609ce799c3fa3d8020b98d,223848,50000,4.47696,4.47694,118.5084351,124.7966747,124.16929,122.49146660000001,124.7966747,1,16.577391252099638,33.87535706769203,37.71398402137552,143.611,2.4662204859418524,1.998150363506975,7.621148167506523,13.07336224492075,15.132545597364977,94.24000000000001,4.162353227005501,3.066592766422796,10.204191437940032,25.539104889693704,27.50215423707266,106.04599999999999,2.608777457268627,1.91203342279365,9.870537150209096e-05,0.14851975310566842,0.14851945416246096,1.6640000000000001,5.777020962260336,3.530107935608262,-0.0037454701404524495,0.134954910402752,0.13500657400997346,1.306,5.110862230672019,2.9704590653068466,-0.004133340481040706,0.16098794407957043,0.16104063730162596,1.581,5.172607448390851,3.293406225952534,0.1005529153711447,0.030969549813718626,0.10521405571804085,0.24,2.23354188179731,6.68793090094989
c4,246,c4/c4/c_4_246.csv,a840d46325c49bac9b43790e8028f7ceea850e798ade8178a3c749e1a7334061,224033,50000,4.48066,4.48064,119.3141778,125.8910804,125.2156595,123.47363923333334,125.8910804,1,16.648959622019973,34.26356575208122,38.09428506061519,144.076,2.471788087115222,1.992808144396364,7.6895699874572045,13.197413493725314,15.27417533219271,92.664,4.108110496004899,3.051787807410019,10.289139916887244,25.71946121961394,27.701157611336015,108.568,2.6176523384830044,1.9088168221289696,0.0025078314355474417,0.1519765559128317,0.15199690677701566,1.612,5.625114471930092,3.6480537305940546,-0.00030123240772564753,0.13674085829060179,0.13674088490944103,1.2069999999999999,4.424426537832277,2.999491144387073,8.340735516642654e-05,0.16380677233368376,0.16380642798179898,1.588,5.018118092968456,3.341221875045943,0.10379716827431672,0.03252376251348061,0.10877335403579327,0.247,2.2248095790111133,7.222338713900755
c4,247,c4/c4/c_4_247.csv,b67ef90d5c0552f1362d8c92d3b1d3c0668f00ff55e257be4e8b59241ccffb28,223848,50000,4.47696,4.47694,120.1348537,126.9986117,126.2725664,124.46867726666666,126.9986117,1,16.73481101908438,34.61179956407435,38.44509353827165,144.137,2.4432246446869423,1.9916272276808615,7.743019736606983,13.276809868699083,15.369685990957752,93.237,4.097676428591463,3.0514287077036126,10.382297974518425,25.947536151388036,27.947517525318684,110.44300000000001,2.618551001308139,1.9059441606938266,-0.0002974607769557913,0.15475383014692803,0.15475377036249122,1.7120000000000002,5.8544615609546,3.6637806233593815,-0.004285519638326006,0.13829621396486141,0.13836228906165318,1.369,5.189275234381708,3.0284089498345317,-0.0050439226618062254,0.16623676848019342,0.16631290057524717,1.702,5.321294962320663,3.35690185453987,0.10552663414459812,0.032799784581522905,0.1105065227777386,0.267,2.3709007705089022,6.366636767368633
c4,248,c4/c4/c_4_248.csv,1051f2e2fad46ad5e4c9c0dfe6f23e2571d69bba4a6070f0846ee2f57b991e5a,223848,50000,4.47696,4.47694,120.9703056,128.1189241,127.3396619,125.47629719999999,128.1189241,1,16.832659952289053,35.10420809801574,38.931200368843975,145.59199999999998,2.421528211481637,1.9788555410926698,7.837600027697366,13.353911873928249,15.483996250571554,93.027,4.041333967494997,3.033830088989297,10.49884804420857,26.086644237246823,28.120024497654057,109.399,2.609990613846118,1.9025689515664685,-1.1798184482327253e-05,0.1566146013570757,0.15661425197753592,1.749,6.078629422158532,3.5013798087386543,-0.0035959803080661875,0.1398319203680353,0.13987783841227044,1.286,4.882832103731491,2.985021506586046,-0.004351533183231478,0.16762573853639706,0.16768183722904195,1.7189999999999999,5.164542650001521,3.3251156951750067,0.11272831117544048,0.03364901471825269,0.1176432032623588,0.255,2.125069643356015,6.747802902379476
c4,249,c4/c4/c_4_249.csv,af82b50610a3d2926abccfea2206e13dba43e1e20f46134c12f7c117b8a125eb,224137,50000,4.48274,4.48272,121.8203669,129.2516656,128.4165922,126.49620823333332,129.2516656,1,16.742833945310235,35.16599607577841,38.94822526315639,146.913,2.4392895788726023,1.9761995481037045,7.885872118391876,13.31252335416932,15.47286225722889,94.97699999999999,4.18985181424413,2.997348130431349,10.502930761097007,25.95501040974213,27.999484180218207,109.816,2.634977113332844,1.9039145942249207,0.001005447561089869,0.15888375649986267,0.15888658337489195,1.968,6.835064213304842,3.4590955651547746,-0.0024207159014352827,0.14183538857973205,0.1418557279938287,1.284,4.631466133172868,2.9628385869923335,-0.0028358102410579243,0.16777322737133268,0.16779681778583638,1.657,5.137165360908059,3.3280358021720744,0.11389403355983171,0.03393411308559129,0.1188417846291601,0.259,2.1372954032337566,6.663864427644587
c4,250,c4/c4/c_4_250.csv,65fdc1ca082b4d7e1867b72d63c4b03d2ca5e4785c597fc6123f01c4e8dc815c,221270,50000,4.4254,4.42538,122.6848622,130.3964771,129.5029982,127.5281125,130.3964771,1,17.088743435621637,35.75181514556023,39.625896353176856,148.378,2.4445125262695573,1.9567216650301478,8.022487856464954,13.428888774473851,15.6427155610623,93.411,4.031716855926588,2.9640671655624553,10.744870601527547,26.236560795626186,28.35147713415903,111.93299999999999,2.6476927337784946,1.8823860370902488,5.4910290595199945e-06,0.1634326971226733,0.16343232790845544,1.7530000000000001,5.568053833937464,3.449943568106946,-0.003397536945812808,0.14486181763259012,0.14490132720742913,1.287,4.5341199605404,2.9599253274673645,-0.003911754869616306,0.17149742574473426,0.17154164492190713,1.637,4.978382948285101,3.288165711754512,0.11511987165002034,0.03097587659389307,0.11921445148606685,0.251,2.063508215098831,6.541343258400913
c4,251,c4/c4/c_4_251.csv,003682fe51b54192303961c5a03ed633baeee8494b5067559218c064d7937b8c,223848,50000,4.47696,4.47694,123.5636069,131.5529925,130.5985163,128.57170523333332,131.5529925,1,16.969496595904364,35.94997885986421,39.753729651167134,149.196,2.4429405958177504,1.9702344153907898,8.023620769450698,13.436134799082678,15.649517631786034,94.267,4.059805643526985,2.9659568426023073,10.729439441049283,26.12559860674273,28.24295884156486,110.13300000000001,2.6108454292501597,1.9051801104096033,-0.00018656856438297443,0.16218944900004542,0.1621891940300787,1.67,5.216130489205746,3.472478405951766,-0.004077592830849505,0.14395145176818178,0.14400887006578733,1.37,4.777483495882595,2.9784789833937846,-0.004532606947571566,0.16894083669563448,0.16900125244339606,1.763,5.218896234484475,3.311120779561754,0.1112064838640506,0.03539036038190809,0.11670198826991779,0.26,2.1850527465754515,6.609546461464389
c4,252,c4/c4/c_4_252.csv,33956f3b5570fd6e532f378c5ca018da85be2922e7801ee7b965036d9901e31b,224137,50000,4.48274,4.48272,124.4564079,132.7208389,131.7027786,129.62667513333332,132.7208389,1,17.019040934785423,36.33496639981945,40.12320584568844,149.704,2.4141640220009695,1.9689916836655803,8.071661175977193,13.508134083320726,15.735964744935183,94.981,4.05453374064882,2.9442874232689586,10.805085978664835,26.202988463443035,28.343313570078315,109.59700000000001,2.6028008269957605,1.9001110816869073,0.0012656009494193283,0.1603151921499995,0.16031983006962325,1.764,5.788429289109094,3.457637381649356,-0.0021553737223216156,0.14287398730019366,0.14288992549960206,1.326,4.674927204730472,3.033172675817969,-0.002352257770916895,0.16854621543780987,0.16856225292719418,1.796,5.51131693998689,3.3981516381001544,0.11314711984188242,0.035246476204802174,0.1185098277389428,0.267,2.2107871135982236,6.281432013839319
c4,253,c4/c4/c_4_253.csv,225d0f552319d23a6f17828bb083af60564531d192f5b0121ce3edd23ecb2d3c,223848,50000,4.47696,4.47694,125.3630635,133.8996371,132.8154126,130.6927044,133.8996371,1,17.2603566169901,37.021083702041764,40.8469634892273,151.38400000000001,2.392442219744757,1.9685903459317131,8.196431775133126,13.737694008911552,15.997027456245897,92.744,3.9124143639300604,2.9473889738129673,10.998104311854473,26.607691889204503,28.791047278660244,111.548,2.6020588718051703,1.9010525639062221,0.0007095395089525034,0.15909512484867933,0.15909635169768155,1.655,5.424385856690742,3.441161087966844,-0.00265996569100461,0.14275766090995742,0.14278212116072164,1.462,5.413843089849312,3.0294124791398214,-0.0030003216468317785,0.16895338551294092,0.16897964636488308,1.8050000000000002,5.515457157411154,3.389315483831334,0.11098678567599443,0.034343346798545456,0.11617885691883877,0.291,2.4617215867410054,6.841009700749735
c4,254,c4/c4/c_4_254.csv,6ba06af1162e53ae63858b9cdf68b0059f687d9087aede127928412eead44d56,224004,50000,4.48008,4.48006,126.2833633,135.0890018,133.9360422,131.7694691,135.0890018,1,17.551442759950714,37.91419578480708,41.779575963978,156.084,2.4119440581896536,1.9710866342385442,8.345666586310958,13.96699479241439,16.270409442836304,95.80499999999999,4.011761365276461,2.95996664043629,11.221982732451208,27.121313442565878,29.35123942154376,112.596,2.5794822124079793,1.90915114839516,0.0014763843502794592,0.1563822053822828,0.1563888253586521,1.607,5.3328618466655655,3.483977063041381,-0.0019629024481705687,0.14348357305666645,0.14349667876340652,1.283,4.745754437444608,3.008835468956573,-0.002008419492509062,0.16580147115786714,0.1658132650464896,1.576,4.897075030591412,3.3659119459373334,0.11090175621863894,0.03487867782595293,0.11625711276502393,0.273,2.305235298090321,6.421797026734565
c4,255,c4/c4/c_4_255.csv,261044446b7143c0cd057509cb421e0a9e388e377ed884381424c458cbe92131,223848,50000,4.47696,4.47694,127.2170889,136.2885418,135.0642876,132.85663943333333,136.2885418,1,17.735008889961044,38.377125410316296,42.27679878615139,157.231,2.38286726744787,1.9744788013493255,8.44671029895286,14.142858428096964,16.473204479908453,95.44399999999999,3.929290143817829,2.964189427586208,11.371160126514424,27.402866372755838,29.668451484383233,112.87700000000001,2.544217720285552,1.9086230309389534,0.0009778063686072692,0.1571314682067624,0.1571341595793711,1.762,5.695769795668907,3.5929742189341516,-0.0024609333118902114,0.1444913943635528,0.144512027078376,1.255,4.601693114714513,2.9849381151311154,-0.0025979637968621566,0.16765848420429497,0.16767823701397291,1.6360000000000001,4.955920427113933,3.3435969668704,0.10563623083520961,0.034430042950920094,0.11110551663616773,0.264,2.3311173723995697,6.327364772379844
c4,256,c4/c4/c_4_256.csv,9dbc1078cf026e6b92e115ede85c3544ffa920af4490f9d3600f7df5c9b82a0d,223848,50000,4.47696,4.47694,128.1640137,137.4978605,136.1997656,133.95387993333335,137.4978605,1,17.88513346556592,38.81893605522591,42.7408594169199,158.83100000000002,2.381327876615138,1.9753605202794096,8.533532432722204,14.258737230100529,16.617215618750453,97.10000000000001,3.920813299580886,2.9492781994484654,11.497953182516708,27.70012010784411,29.991601384702125,115.118,2.5838233512775015,1.9126441993410022,0.00025601747614452673,0.15737876865805,0.1573786253670389,1.7120000000000002,5.737755034357561,3.4927927819162377,-0.003577114827918945,0.14626418475534123,0.1463075935226053,1.251,4.333336259146684,2.970215564125352,-0.0039015716021586076,0.16923103582930793,0.1692756267413936,1.6760000000000002,5.1100091410175725,3.3042230836021442,0.10563946964011293,0.034281800523672336,0.11106274867304156,0.261,2.3050032802055016,6.502725610217196
c4,257,c4/c4/c_4_257.csv,04efc886496fbc80101bdf394eb03feea5606553e9b922a0364d2c453064e41e,223958,50000,4.47916,4.47914,129.1239033,138.716556,137.3420898,135.0608497,138.716556,1,17.092335875476653,38.139191767777504,41.794011525824686,155.333,2.395079973075755,1.983137197675864,6.981607631788104,13.840332296707313,15.501509213357297,87.614,3.6494511096540974,2.8373447583900755,9.933507309406227,26.48643809557208,28.287856723913336,110.108,2.5753099894067173,1.8977188182236209,0.0032905634092106556,0.1577621736405936,0.15779613464005243,1.742,5.6085024010174065,3.5606071982782157,0.003232945462988596,0.14652616650897088,0.14656150088737704,1.385,4.851205778428518,2.979416101137649,0.004898699756204288,0.16701263648851816,0.1670840909826185,1.6829999999999998,5.135138809171583,3.3783606379109736,0.10932943676939427,0.034087193829943546,0.11452011761835801,0.292,2.506109895524529,7.7121503865969165
c4,258,c4/c4/c_4_258.csv,cc01d002c9a2fb901924836cfc158c54043598948af1745d2c8a95caec17fa1a,224160,50000,4.4832,4.48318,130.0965154,139.9442215,138.4908711,136.17720266666666,139.9442215,1,17.5570335206995,38.92993282121552,42.70576465231001,158.01,2.387499693076795,1.9808973479444456,7.130191407922912,14.140468571450416,15.83640075662037,92.438,3.822270030309454,2.875995190317155,10.260365306031405,27.573000987614886,29.420096669362145,115.793,2.591459873733072,1.904530737274185,-0.0014588240542469664,0.15856091797956562,0.15856727505740015,1.71,5.398339598697994,3.5352542017402997,-0.00645985902926481,0.1481232713394171,0.1482637359984078,1.3519999999999999,4.734805819324144,3.012484644641465,-0.007639262134189864,0.169272795300438,0.1694447099488721,1.6549999999999998,4.886549720258833,3.3645103522378044,0.10548476534618129,0.032993186422402246,0.11052412050910519,0.263,2.334332078930639,7.022501266223358
c4,259,c4/c4/c_4_259.csv,6f43e3c6e7158aa1f343fd15d9c878c1b2c23cc90ce38b7e870c5828d371c065,224004,50000,4.48008,4.48006,131.0816002,141.1804455,139.6457177,137.3025878,141.1804455,1,17.857322596917914,39.60848429156498,43.44777318363047,158.03699999999998,2.337749269006676,1.9772590782014543,7.226819315726504,14.343400843262339,16.061106647348577,90.328,3.670108249342271,2.8606588506770643,10.477582284244924,28.085549962171086,29.97622934665815,113.34700000000001,2.4810658852358745,1.8975227617076982,-0.001194108140926055,0.16324765259737176,0.16325165543609338,1.7890000000000001,5.549714014107891,3.348463137597751,-0.0049874645095623294,0.15095026266442726,0.15103229747102823,1.4220000000000002,5.045278478572907,2.9904805823951333,-0.005787204692773343,0.17123472288080926,0.17133210779583893,1.6019999999999999,4.850229245940451,3.378804908496218,0.10195452759772146,0.03269655109766039,0.10706906826358639,0.25,2.2882425706446834,7.0116162620627325
c4,260,c4/c4/c_4_260.csv,9a34f96a8a1708a2d01690745725680cacb36996842947b1b8c2ae99ab2b1c76,224004,50000,4.48008,4.48006,132.0789007,142.4248124,140.8062356,138.4366495666667,142.4248124,1,18.083080458384668,40.178615152995036,44.06031897087096,161.126,2.3234057853207686,1.9735597572273866,7.387155577578972,14.518282049501277,16.289556170399308,93.711,3.8058741043329656,2.856722517779207,10.671313306905235,28.44814374233361,30.383715987525495,115.81,2.4966992197776294,1.902890777464801,0.0007305360618560382,0.16415420891315338,0.16415546805284423,1.877,5.890757167398819,3.5448814253706575,-0.002169233585114552,0.1525603758633536,0.15257545659443658,1.4140000000000001,5.013912572016478,2.96692952158024,-0.0023358511455152586,0.17412078113937568,0.17413605967505907,1.732,5.145401829304922,3.370765725668727,0.10113297976821842,0.033215061468899375,0.10644771007442876,0.252,2.3203881025462776,6.614839939530791
c4,261,c4/c4/c_4_261.csv,966499c6a04ee8082a14f25639b844dbc9dac1bdd33d722e2e860dbdfd79e864,224293,50000,4.48586,4.48584,133.0881525,143.6769023,141.9720286,139.5790278,143.6769023,1,18.443498330309012,40.99417494858883,44.95194676367271,163.086,2.3311559908832375,1.9715820780516404,7.446412054767648,14.729724992576397,16.504935126160536,95.085,3.8436988400788548,2.8607136396796538,10.927036684158669,29.100500168272713,31.0843282885035,117.481,2.469443743083551,1.8871741495182817,0.0014162278804956017,0.16774008957604825,0.1677456941505282,1.88,5.973327691504533,3.4056800442116724,-0.0017822223609296767,0.15662092502821912,0.156630715719669,1.3290000000000002,4.373343994839326,2.9525409253547172,-0.0017044892172292496,0.18010203347501272,0.18010969748352088,1.7690000000000001,5.024715563040702,3.467395136305985,0.10382027080648971,0.03321770969782032,0.10900486204005354,0.23800000000000002,2.1375193329852094,6.667512232741048
c4,262,c4/c4/c_4_262.csv,f18a8ce21ca79f6ff5cb94b50c3096dd3608a137ae38a5a09c72d7cd83604f94,224160,50000,4.4832,4.48318,134.1090844,144.9362918,143.1426991,140.72935843333332,144.9362918,1,19.08393540328337,42.4691183019986,46.55979546423363,168.211,2.3082146072260232,1.9664059243361107,7.721217050321199,15.181187464482354,17.031870637933256,96.185,3.6892013411642868,2.845893839857106,11.377230130264097,30.044807728310513,32.12674602066607,117.89,2.450108079709221,1.8889669254455308,-0.00034290685224839417,0.17504481891165138,0.17504476433692656,1.7730000000000001,5.278649741396908,3.3887998721317047,-0.004058065667380443,0.16075035337546875,0.160801208731399,1.4049999999999998,4.458921706227164,2.934740244963739,-0.004840765524625268,0.18983641012124952,0.18989769574722876,1.807,4.818383900866016,3.5142363593904737,0.10777618665239115,0.03548224316604385,0.11346669279109133,0.291,2.520563461971766,6.933117043778441
c4,263,c4/c4/c_4_263.csv,8900b83f8a156bba0e780c548665fee5a84e9f93dbd85ad8ee57c68126b16d93,224293,50000,4.48586,4.48584,135.1414183,146.202554,144.3178475,141.88727326666665,146.202554,1,19.672892274836936,43.84704108426146,48.05805999667172,171.334,2.292435441789158,1.9652428660220445,7.82797883571935,15.547552347236525,17.40696868833259,97.453,3.7329302512937605,2.8250159448860135,11.725691412571948,31.00542055374931,33.14850911798335,121.825,2.4293098586540314,1.8882453510955592,0.0008835763933783043,0.18174194977539554,0.18174369246844685,1.888,5.293168565764757,3.3065031447547026,-0.002252705166902222,0.16463137748601098,0.16464642204994248,1.5099999999999998,4.943927659436705,2.9589099136787507,-0.0021670939351651633,0.19511321449084107,0.19512481399209372,1.97,5.083925410123363,3.535666430913997,0.10546667974479809,0.03392341408601536,0.11078814660812383,0.253,2.2385066236121576,6.796157827433413
c4,264,c4/c4/c_4_264.csv,8acc3afcd0f18c20c61d248b6a678b45890602bda6154449cf456835c76f2a61,224004,50000,4.48008,4.48006,136.1848696,147.475259,145.4970734,143.05240066666667,147.475259,1,20.002016441670683,44.47924701855773,48.769613952443294,174.335,2.285849547808754,1.9678744441474494,8.01214777414689,15.694469208745609,17.62128758326255,98.927,3.755854938935532,2.8095441309816067,11.921298543776004,31.30862948688078,33.50139196162931,122.76499999999999,2.4093327254117605,1.8880053503851681,0.0005958777521829964,0.18531081710313552,0.1853113615093573,1.843,5.196659245047818,3.3849905134819784,-0.0028736629703041017,0.16656376653494737,0.1665881820794273,1.4449999999999998,4.466103121560384,3.027115674171688,-0.0032192951911573014,0.1970887249514096,0.19711457570924704,1.966,4.997093677399685,3.6254392244302207,0.10500697755397224,0.032529511572646955,0.10993011295496088,0.232,2.064948301226648,6.4904481551309585
c4,265,c4/c4/c_4_265.csv,a4e53398af664b1c7bbfa99259733e57dc56389c58f4f12ef962c148de0687ac,229680,50000,4.5936,4.59358,137.2391473,148.7539741,146.6799753,144.22436556666665,148.7539741,1,19.406339137060264,43.82513388852149,47.92953157288348,174.861,2.3499082153292177,2.00596204742066,7.885790003483107,15.393895418854802,17.29614605619075,97.28399999999999,3.772111994662984,2.8463780084977843,11.615100452803903,30.488242860812676,32.62574848475177,121.15899999999999,2.4837131334434286,1.9363265455377865,0.000485270811563915,0.18420180601703115,0.18420204423158393,1.838,5.059661546580144,3.371402300709044,-0.0029460597352838737,0.16459062589571147,0.16461663176506397,1.6349999999999998,4.975195952064265,3.1024469360999247,-0.0033034787530477182,0.19410770245978726,0.19413538853421483,2.0250000000000004,5.686752983758182,3.621314828758904,0.10231378874956461,0.03621839111835853,0.10853514413401252,0.254,2.2941877673516524,6.409476010640154
c4,266,c4/c4/c_4_266.csv,2e042055e97770d5333481c40528a540b9e8ac94ce7b90bf5cde342140bcb491,224004,50000,4.48008,4.48006,138.3039542,150.0382639,147.8661509,145.40278966666665,150.0382639,1,20.00590689005553,44.56617440788899,48.8504999492578,176.28199999999998,2.3125658922087733,1.9708131526232169,8.010772762986376,15.589621047361009,17.52734091916077,100.029,3.848672785628107,2.797778594977536,11.969754410635522,30.93287717171636,33.16796103512624,124.31700000000001,2.4997315907418556,1.8860470687666113,0.0012174291530508384,0.1934058009418371,0.19340920087855804,2.1310000000000002,5.656401014173698,3.335093267825455,-0.0018799351797289337,0.17088274678224455,0.17089270594508452,1.662,4.956326224199288,3.094370773732022,-0.0018705112408706982,0.2014716995093314,0.20147993277143944,2.0220000000000002,5.330555679797426,3.566031025886176,0.10486484169925538,0.03249601362740112,0.10978443064533884,0.25,2.2316461319681857,6.808206952629133
c4,267,c4/c4/c_4_267.csv,5220266431eb6c3e320ba45d2abc3de7c9986a8e6b20069eeb9cba188c98d77e,224293,50000,4.48586,4.48584,139.3789872,151.3276912,149.0551976,146.58729200000002,151.3276912,1,19.586388902016555,43.81227101455255,47.990969604750624,173.02,2.310226297012032,1.9707192343730822,7.860151970859546,15.25352932636384,17.159577750226866,95.195,3.641231789586077,2.7970758110548926,11.727586826160426,29.980380247107178,32.19247559856912,117.40799999999999,2.4304747785062455,1.8852004117657246,0.0010649507563767037,0.1916501526422083,0.19165268422294524,2.2030000000000003,5.796944637141626,3.3869123985415497,-0.002589759823088549,0.1694269935532465,0.1694464075106267,1.779,5.299610733521646,3.1249592899747807,-0.002663694364068429,0.2041228934770393,0.20413981763112726,1.9889999999999999,4.923096393747132,3.4689204432708323,0.10363654237983352,0.03232962676667347,0.10856211596741366,0.232,2.0909688244114273,6.222238812429678
c4,268,c4/c4/c_4_268.csv,559d17ec19c7dab1e350721204cb2881ec8f9294b229d4ac7d98057235b17316,224004,50000,4.48008,4.48006,140.4639374,152.6218167,150.2467126,147.7774889,152.6218167,1,19.590880908376636,43.97565149023855,48.14199731644893,174.632,2.3112875701561677,1.969890827342212,7.901529289655541,15.292248319652197,17.212959647249974,96.174,3.6632282473324667,2.792990836299863,11.78106303012446,29.959087684568328,32.192178773376156,118.679,2.455068374103444,1.8859366420837986,-0.00024058498955375815,0.1922641897726107,0.19226391114394184,1.9849999999999999,5.263598321592179,3.366754863543387,-0.0042578391457295415,0.17005692979151904,0.17010984528336692,1.651,5.079071105853745,3.125674750625893,-0.00467071570150533,0.20957218641237857,0.2096237601815779,2.218,5.452626167042913,3.519244187457797,0.1022519240727844,0.031840381901015666,0.10709463744899964,0.23,2.1009455315365253,6.541786020832946
c4,269,c4/c4/c_4_269.csv,d350f8eb23dd4def32ba205af6f4498bc04beaa60c15ba406f4153b90a661675,219981,50000,4.39962,4.3996,141.5584906,153.9201996,151.4402933,148.9729945,153.9201996,1,19.88745999427223,44.690622742159675,48.91578218637222,176.041,2.3062086500055705,1.9409444036615335,8.06850031139053,15.415558430965715,17.39939822927363,96.048,3.606101726807788,2.7505140044438807,12.003737622794697,30.121958581233898,32.42557603331237,116.299,2.429779502422973,1.8592157433331555,-0.00012843836513153404,0.19393628607874372,0.1939358878064769,2.064,5.476036498514085,3.3020450381159843,-0.0035230860847073153,0.17067028980628876,0.17070626100148223,1.615,4.8680112558541975,3.128183468049886,-0.0040986630663557315,0.2092119190846552,0.20925158818030906,2.138,5.218598384347934,3.403048715000421,0.10358432319154835,0.030653140088066876,0.10802463949008877,0.23800000000000002,2.1569153213547887,6.956670939959233
c4,270,c4/c4/c_4_270.csv,ee17769ece35dedf8ece50ccf0858ca04bb1c2837514a069ca1e16f66f9550b8,224004,50000,4.48008,4.48006,142.6623269,155.2223977,152.6355373,150.17342063333334,155.2223977,2,19.715869274655812,44.846610730783276,48.98902955560624,177.775,2.3256227166264005,1.964156763637981,7.986575815610435,15.381920261745867,17.33169951131648,95.4,3.6353041984636967,2.763898949958664,11.932356078462886,30.03153740631152,32.3151718908118,118.068,2.4445792913285196,1.8885018193271927,0.0009160461420331778,0.1936584246075083,0.19366015888216498,2.033,5.907255300229726,3.4218267267210187,-0.0023336145783111016,0.16996774460995856,0.16998338447682604,1.654,4.882830181047222,3.192950022292506,-0.002600083034231532,0.2088898183848727,0.2089055333427451,2.024,5.083637484401183,3.5756202112237534,0.10216683630649452,0.03285896090677998,0.1073208690455758,0.23500000000000001,2.1431060151248515,6.631168399116837
c4,271,c4/c4/c_4_271.csv,389e8d1927515be12e55c5e14c9ae7cb09aa6a512badb00aeb48b3ca2c03ad9d,224004,50000,4.48008,4.48006,143.7751217,156.5279683,153.832043,151.37837766666667,156.5279683,2,19.541851694612596,44.659819510872765,48.748072193076844,177.598,2.3426567423566462,1.963195437441013,7.957947389332333,15.268285733421955,17.217677984869038,94.331,3.5876498593064987,2.7715784134606545,11.832432639595721,29.571962786917553,31.85127220832591,116.656,2.450514362173491,1.8939363193498233,0.0007251299083944928,0.19677823792953217,0.1967791347539221,2.035,5.295276866132431,3.3834346993023425,-0.0025826949518758593,0.16986826273666475,0.16988751626506,1.755,5.232874195494002,3.258417865590521,-0.0027460000714272957,0.20866518488366798,0.20868278683739783,2.16,5.290326129582593,3.6053324931432935,0.10346799164300638,0.03221680862114188,0.10836763086303733,0.277,2.5099745914328686,6.908491341005693
c4,272,c4/c4/c_4_272.csv,84de8651bea3cece1e4326d9dd9b6150ea8626c7a49c9b1b2f994859fc6637fa,224004,50000,4.48008,4.48006,144.8965453,157.8364676,155.0294096,152.58747416666668,157.8364676,2,19.704832833342262,45.263997670152946,49.36700087788098,180.237,2.3157169357480933,1.9633919355347005,8.03127666023821,15.42675642607009,17.39210039671313,95.894,3.6689645611785573,2.763814317470525,11.979160260531064,29.840757894447034,32.155359382492726,116.62899999999999,2.42522557662531,1.8875145804573543,0.0010177273620113928,0.19427624462837983,0.19427847668284134,2.037,5.306815338495279,3.4004105461384486,-0.002381586935947572,0.16934442343263972,0.169360791453183,1.766,5.77465416645949,3.2362338255300664,-0.0027418037177907536,0.20667378025382793,0.20669150502067052,2.114,5.186473434855452,3.581402494114221,0.10294323315655075,0.03241237448785399,0.10792528240750447,0.251,2.2793547027391856,6.740172813534569
c4,273,c4/c4/c_4_273.csv,a84c1bab71def550c1c077affcb6c745ae7c7089908b7f8e36019ca418276f73,224160,50000,4.4832,4.48318,146.0262635,159.1474517,156.2272374,153.80031753333333,159.1474517,2,19.813627859564598,45.672197989360235,49.784738751028954,180.635,2.3248088250258796,1.9676530491731155,8.093738887401857,15.60165791292455,17.576098910892778,95.744,3.547601792418041,2.7835336654928287,12.087282713240544,30.03656093933704,32.377358936005514,120.539,2.513361270783119,1.8868101721710442,0.0016664659172019988,0.19609589779693645,0.19610254127907145,2.049,5.864278925194789,3.471937465802101,-0.0013702980014275517,0.17013637926968384,0.17014151796344018,1.75,5.213307196369304,3.2246322123413496,-0.001354412027123483,0.21074364420436936,0.2107475263774097,2.107,5.100890238089317,3.6285287151998533,0.102598857958601,0.031122323039500754,0.10721529893055386,0.253,2.3131027238998425,7.094425593314414
c4,274,c4/c4/c_4_274.csv,d5d5856bffb7b212e5a6d1607e1f241be6bf56ac44f8835c4707d510e0993743,224004,50000,4.48008,4.48006,147.1639376,160.4604766,157.4251281,155.0165141,160.4604766,2,19.895539713576543,46.014873406638166,50.13174266623844,183.79500000000002,2.3089163440941505,1.967680742453675,8.121178041463544,15.641740443063696,17.624315153748,97.935,3.6289069641607523,2.789580968428093,12.171801650863378,30.117311581024556,32.48386003890946,120.536,2.4928687632259163,1.8917687456972274,0.00029127604864198853,0.19891274299831727,0.19891251226815698,2.2359999999999998,5.907119600480259,3.498613426798751,-0.003370698737522544,0.1714575175266936,0.17149026412334561,1.658,4.880743547038808,3.1416719168350964,-0.0037508839127872715,0.2130621060025685,0.21309464444159004,2.23,5.330964571995057,3.5391805204880185,0.10182339154657953,0.03049197925205804,0.10629092018659096,0.23800000000000002,2.192096931619131,7.144322462331467
c4,275,c4/c4/c_4_275.csv,2d5d7d16544f1dbe7df6c0bbab1280a94fe67b606ab4643fb17461c634dde47c,224004,50000,4.48008,4.48006,148.3092247,161.7750987,158.6226853,156.23566956666667,161.7750987,2,20.028144269745184,46.505474910787996,50.63473219604389,184.538,2.3134318069752164,1.9704394109086547,8.23344387153801,15.778622553238971,17.797567705521345,98.449,3.6412840828747184,2.787294844924493,12.32056396760772,30.428577418231523,32.82819652031428,118.765,2.4471950492402774,1.893980873984402,5.7021303191014174e-05,0.19956081152382213,0.199560374229519,2.351,6.379021912115143,3.5378986044097323,-0.0038072355850788378,0.17330693470987943,0.1733483619120666,1.746,5.21493246332819,3.0985999547791647,-0.004488129676255782,0.21298768127711554,0.2130344882188273,2.2430000000000003,5.468598111697864,3.4967429037145616,0.10278625828110213,0.031984295830888236,0.10764759869298524,0.253,2.3038135825705206,7.083653503906644
c4,276,c4/c4/c_4_276.csv,c1de8e1c253f4adfec4656c013ff7f44e7fd76c5fcc9a85e50b9cdcc53d71228,224004,50000,4.48008,4.48006,149.461778,163.090875,159.8195141,157.45738903333333,163.090875,2,20.280783923501364,47.369396238995506,51.52824351311409,186.119,2.2911706658495623,1.966906150705916,8.38291096587561,15.997173966741016,18.060499127956433,97.999,3.6021152870187128,2.737246642381738,12.558963295298298,31.006666603835445,33.45349968219627,121.385,2.4262932360167113,1.8860514459356161,0.0003863948858056103,0.19928930454887164,0.19928923429819878,1.9100000000000001,4.902422368375923,3.42557438412049,-0.0031441492116212207,0.17448621992125002,0.1745141561649133,1.689,5.2259370817928,3.0691000952385035,-0.0035134997589328764,0.21261046673419723,0.21263902146371336,2.0940000000000003,4.937945974225533,3.460869854121689,0.10382950750879448,0.03263765477556318,0.10883831303094385,0.256,2.3061731940721844,6.707060655573413
c4,277,c4/c4/c_4_277.csv,c06d5e4d1e5c4b6ea03f8183ca6a979936255ae48c2f123d2c725a1116ddcc26,224160,50000,4.4832,4.48318,150.621247,164.4073631,161.015222,158.68127736666668,164.4073631,2,20.233710697715917,47.42656283546189,51.5623106224761,185.584,2.2809295894651704,1.967579731375764,8.418149179157744,15.964235694908618,18.047740024268503,98.11000000000001,3.594522079372062,2.7321947945745046,12.579201311563168,30.983762989476677,33.43988026291871,119.608,2.4258759111035033,1.884475160269818,0.001196194682369736,0.1982406252582047,0.19824379199915115,2.169,5.8866912715480995,3.377653054797723,-0.0020270922555317627,0.17497010159357174,0.17498145324631612,1.726,5.051963985895235,3.0663984251533436,-0.002081499821556031,0.21110843882416486,0.21111822935854568,2.1500000000000004,5.09667025566329,3.4780121617087683,0.10403660331905783,0.03141471221041728,0.1086760993541922,0.241,2.1715906386264336,6.777372686419129
c4,278,c4/c4/c_4_278.csv,9d983aa61ea05e4d188d521654901b16e0a740526338304060a6adda638fc892,224004,50000,4.48008,4.48006,151.7872777,165.724122,162.2094189,159.90693953333331,165.724122,2,20.238859578400387,47.46334486351797,51.59816358982262,186.082,2.2841898199502406,1.9690230408502123,8.483756245424187,15.984289659829262,18.096145870531547,97.87200000000001,3.551529726816476,2.753871311928361,12.640322954054392,31.005714549352444,33.48324666777304,123.261,2.495128409408709,1.8850389627946977,2.4276352207996423e-05,0.19891542273428173,0.1989149802154646,2.114,5.670764458152679,3.337632024530271,-0.003791615328297709,0.17449322351962898,0.17453402383328567,1.8450000000000002,5.970182644704938,3.059899278486856,-0.004383377082552097,0.21041947059133553,0.21046465247119883,2.145,5.259790596672703,3.438200302973925,0.10328976268280923,0.0315962689303286,0.10801432696019438,0.255,2.314507779066479,7.7740842418307
c4,279,c4/c4/c_4_279.csv,6815ee18123129468dff844792e765e3dd7e200b42bb17ec7dd5ae87c3b49b09,224004,50000,4.48008,4.48006,152.9595127,167.0407123,163.4017172,161.13398073333335,167.0407123,2,20.133012298887518,47.374765744023506,51.47520368298954,185.49200000000002,2.2768244050431963,1.9715270573358752,8.433223589757326,15.929672390128355,18.024222306647907,95.503,3.485309875302081,2.757111233516504,12.606404488312709,30.839475188313543,33.31651869908892,122.77699999999999,2.467634771283838,1.888758549791493,-0.0007570088034142243,0.2010900295126613,0.2010910055465954,2.1159999999999997,5.345838303796778,3.3150001523892207,-0.004303967786289531,0.17506723176940933,0.1751197389123594,1.702,4.916635927780231,3.1064137052896794,-0.005219058588239496,0.21298761805496233,0.21305107721919378,2.193,5.214711957813607,3.432467180767574,0.10287094426885234,0.030210008555734934,0.10721507224951783,0.243,2.2198371460881083,8.008639417913603
c4,280,c4/c4/c_4_280.csv,5c46cb2bd04f4e4ca3774feb6f69f1889c7b43fa39e68bbf5e4d53eead22a8ef,224004,50000,4.48008,4.48006,154.1375919,168.3566961,164.5917323,162.36200676666667,168.3566961,2,20.27696589346619,47.87600425412587,51.99285428524483,187.346,2.2781976798226133,1.9729619227502506,8.559970848734844,16.07925207241463,18.215770473771997,97.12899999999999,3.5084983142503305,2.752627908650346,12.731420416599704,31.118692021418667,33.62228034996429,122.475,2.438650774027202,1.8894193160167354,0.0022331654791878713,0.19936803058723548,0.19938009230302847,2.109,5.436851731177249,3.4521356460501496,-0.0005216022928161997,0.17692277612528198,0.1769231501068511,1.673,5.036084873358228,3.133508243001243,-0.0002913787253799038,0.21173497368903252,0.21173470156475774,2.083,4.935421507562346,3.5663427688076563,0.10347405403474938,0.031044203577773193,0.10803063515419631,0.28400000000000003,2.58260075581128,8.109510801675626
c4,281,c4/c4/c_4_281.csv,111a6d1a7667898301002c35263b4f93008dea95dfa94d8999c81cacfb17ee8c,224004,50000,4.48008,4.48006,155.321152,169.6716378,165.7790826,163.59062413333334,169.6716378,2,20.23860291334083,47.85550065600552,51.95902007567298,189.061,2.3027762999714403,1.9768916579593752,8.525599587507367,15.955469168873039,18.090376122159814,95.75,3.4535489797511727,2.733496449386354,12.744914327422723,31.106114929821477,33.61575386210763,122.02799999999999,2.410625694500468,1.8939185802806833,0.000676590596596489,0.21014292295726936,0.21014354309449731,2.505,6.214799563994779,3.533153252468685,-0.003185612756915055,0.18297891982823225,0.18300623968266752,1.819,5.103651119325518,3.2219614489362733,-0.003369176443277799,0.22080236381616,0.22082757429773567,2.351,5.737508117042209,3.6283017414911147,0.10494547418796094,0.03007685751371408,0.10917035253235194,0.269,2.4182389621006792,8.509122561635609
c4,282,c4/c4/c_4_282.csv,1017f9fd3d798650bd9238cc15c351a66be23012bed713ab96f8b793c50b3a31,224004,50000,4.48008,4.48006,156.5098275,170.9851038,166.9633899,164.8194404,170.9851038,2,20.115377426295957,47.68138242317829,51.750676221203676,188.08100000000002,2.303158310251501,1.975309736288944,8.537421287119873,15.930702357473514,18.074117042818255,97.772,3.5647107876620088,2.7279697677018824,12.699795298298245,30.92178291164865,33.42808984332663,120.874,2.430949551136935,1.8891086028842021,-0.0003008383778861091,0.20821160432772068,0.20821135691376771,2.18,5.331121301225249,3.561304278230446,-0.0037913072980839627,0.18319998325078857,0.1832388006001787,1.943,5.348212260668139,3.2307971892271827,-0.004407881109265906,0.2168051438001286,0.21684946381402317,2.146,5.081866381487157,3.510785596883221,0.10682457009696256,0.030583330332792757,0.11111626656387773,0.25,2.204897694786714,7.963896497234587
c4,283,c4/c4/c_4_283.csv,cc5a0573a8a501ec54ff700a797edec3f1a5b0b8d8c3eab342bc7a2ba5b38419,224004,50000,4.48008,4.48006,157.7032503,172.2966636,168.1442796,166.0480645,172.2966636,2,20.015264633667254,47.51188386972982,51.55559959695039,187.542,2.3064419952364155,1.9751792584928936,8.539871814789022,15.796585498146298,17.957182686894875,96.926,3.5016628775453587,2.7280181081320043,12.679176019178229,30.641892337104583,33.161466779484755,119.602,2.428511396541166,1.8895790215449229,0.0007604730272673702,0.21235579094405493,0.2123566786173949,2.122,5.001020014602017,3.460962062812465,-0.0027807315940786776,0.1851612359773978,0.18518170191189812,1.941,5.929311528427272,3.2260859760578575,-0.0030345975964714915,0.22187167455001602,0.22189193088202588,2.3810000000000002,5.782093990079059,3.561508770900158,0.1082199067873788,0.03028989333438889,0.11237892047652193,0.265,2.3136011531123306,8.580635789954263
c4,284,c4/c4/c_4_284.csv,cd55e099dd493555edb20a2de21f3883e3b25004975d6908f9616b288bbb20df,217380,50000,4.3476,4.34758,158.9010505,173.6058893,169.3213807,167.27610683333333,173.6058893,2,20.39250603091361,48.06153497945328,52.20876191462727,186.02100000000002,2.257858560077704,1.949965753317356,8.73198615788021,15.88356594077509,18.12550933553989,94.49799999999999,3.4140833702622557,2.6633635742811155,12.938567779924556,30.87766531567469,33.47883459046116,117.84299999999999,2.3831474714096665,1.852804455430005,-0.00023556904959057845,0.2193145039889347,0.21931412605317083,2.2720000000000002,5.6995872655140705,3.498943869166772,-0.0036455791701168467,0.19000410416272742,0.1900386375723528,1.988,5.767248250149781,3.2826774881082548,-0.004203440978930904,0.22763777472479635,0.22767605719118764,2.3200000000000003,5.318960697668269,3.592587889384237,0.10671051154660043,0.02600482237562229,0.1098334236487665,0.244,2.1760224898778717,9.249512056285475
c4,285,c4/c4/c_4_285.csv,f44ba91ad36af78c3b60a34f4da2f14e9ffffaf5b1a9d0c49e8c11058b98ed40,224004,50000,4.48008,4.48006,160.1028562,174.9123562,170.4943265,168.50317963333333,174.9123562,2,20.106692054606167,47.837226747652416,51.890934780507656,187.86,2.2898026505514717,1.974720911095504,8.5778553463331,15.802873425719849,17.980803541615295,96.247,3.493058575198563,2.7141512874833342,12.78723420117498,30.6705053466193,33.22934030858663,119.686,2.4187058561385726,1.8878652704278778,0.0018291816217567544,0.22337107748865132,0.22337806835923518,2.3739999999999997,5.318337689667304,3.5242251087726966,-0.0012447277727183443,0.19029441564475474,0.19029806177451528,1.9060000000000001,5.317973239260428,3.3358327689606813,-0.001125332583346726,0.23204645214624614,0.23204866289084597,2.2300000000000004,4.80933605088239,3.607071189605557,0.10869258584668132,0.03154003086540616,0.113176178253884,0.254,2.200109632977952,8.774680976913489
c4,286,c4/c4/c_4_286.csv,13e1636bfc3512db612331a9e86d9a3b0ec3613385a1f78e464f4247b1f58c6a,223715,50000,4.4743,4.47428,161.3082938,176.2156432,171.6627542,169.72889706666666,176.2156432,2,20.53726930246072,48.88135875957234,53.02033557124564,192.898,2.2993064582962597,1.9754719209423581,8.796017271975506,16.087594197090418,18.335197027094548,95.475,3.3706755323475974,2.700984801319883,13.11826833694656,31.373403657004275,34.005514573870805,122.265,2.4054921981052324,1.8843658745164222,0.0005896073128757572,0.22882302600876814,0.2288232742115857,2.482,5.812345813958553,3.597579797039148,-0.0032183313590952783,0.1962076705318074,0.19623362492115085,1.96,5.462876203967303,3.334640610834855,-0.0033976175044140985,0.23890017892866217,0.23892380413170577,2.3920000000000003,5.110415868512327,3.610361520724263,0.11063369018617437,0.029986727016406596,0.11462553459831823,0.259,2.2159111483326215,8.728404448865776
c4,287,c4/c4/c_4_287.csv,92c645610532516b1978ab95fddb5ea18da12d788dea521727b6dad165a763aa,224004,50000,4.48008,4.48006,162.5169886,177.5153329,172.8263058,170.95287576666666,177.5153329,2,20.53499696433992,49.04283679275409,53.16836656978107,195.519,2.3203646822228867,1.9799894962589242,8.900619011267656,16.066770960137926,18.36738945724444,96.476,3.4577042180020237,2.704579932538429,13.155297173264763,31.32723345450751,33.9772426556099,123.50200000000001,2.462707196347037,1.89058969139408,-0.0008881716397921462,0.22061241561828884,0.22061371104629024,2.4610000000000003,5.60708577056866,3.690735829113839,-0.004788137711826574,0.19305613972805327,0.1931150770019854,1.952,5.281824784656837,3.3609751194456456,-0.005553731183371725,0.230520511029363,0.2305868875471926,2.34,5.351561891165411,3.705162599589823,0.1098973232620846,0.032824992791491744,0.11469479936701252,0.278,2.380229979969936,8.236029059371141
c4,288,c4/c4/c_4_288.csv,79bfeacad4db87797059d84a4fd49422e5aad5af7dc47ac1b757c262e344c5f1,224160,50000,4.4832,4.48318,163.7285644,178.8110119,173.9846277,172.1747346666667,178.8110119,2,20.319660662027125,48.649940949879834,52.72281105216567,196.639,2.336180441481612,1.9842884995822931,8.845228078158458,15.907447170718177,18.20120343209797,98.264,3.4598811136270715,2.715450445864947,13.070550910064238,30.936470938533876,33.584226441297815,123.43700000000001,2.486941306984959,1.894793014046806,0.0015031539971448965,0.21730527599108013,0.21730999007255028,2.3840000000000003,5.834982549935557,3.6620895127760966,-0.0016086768379728765,0.19186313676526237,0.19186945267807748,1.976,5.378657131687924,3.328842948821104,-0.0016817853319057814,0.22612671985421354,0.226132469413911,2.259,5.129736578769436,3.6013761578838595,0.11130365364025696,0.031197727838389814,0.11559324026070295,0.263,2.231964424719995,9.219244174057469
c4,289,c4/c4/c_4_289.csv,9716eedc21e13915ea6a1c2b49e521d876084b6d389ca05fccc7e30f231c335e,224114,50000,4.48228,4.48226,164.9426445,180.102271,175.1373712,173.39409556666666,180.102271,2,19.046851901264535,46.86377649786809,50.58642422086519,197.623,2.4704256512452623,2.025219039047291,6.977057180720526,15.282197034094244,16.79951877311441,97.048,3.653437984082308,2.7089658293773478,9.839206542206199,28.91583059607587,30.5439276066097,120.818,2.6067047115044386,1.9193696177334092,0.0007558742425729762,0.20776025740446785,0.20776116890021437,2.386,6.079095562879733,3.869422457389688,-0.000318221976315625,0.18330872615542756,0.18330859340721226,2.0220000000000002,5.880793583993462,3.33703379484735,6.600658593394423e-05,0.21567491951918333,0.21567444844686728,2.2880000000000003,5.559304816283701,3.7296716897775615,0.11075281330037393,0.030836934949095753,0.11496563820550221,0.265,2.261545310914966,9.134916220075374
c4,290,c4/c4/c_4_290.csv,56593c14ddd2cab71306c39f095000bba1ec32a522cc1696283a83484574500a,223871,50000,4.47742,4.4774,166.1588513,181.3887056,176.2841928,174.61058323333336,181.3887056,2,19.377038848265297,47.469076442608646,51.27155924692461,198.527,2.4633539891333767,2.0214483580651845,7.169131816983888,15.45080166725509,17.03298731313104,96.411,3.700760109849032,2.7021695478646395,10.087637344720843,29.53208142765278,31.20737677065046,121.806,2.5852220964587795,1.9202212307930804,0.0007459072412237404,0.2090037270762884,0.2090045913026851,2.259,5.578824813046202,3.712035656803829,-0.003359497210447088,0.18425020913014387,0.1842804225751748,1.949,5.849780377838259,3.3513846189022747,-0.0035288358027614117,0.21935584154925672,0.21938373452049284,2.441,5.5655903691708986,3.7482405169513067,0.11375779801760835,0.02953772567813865,0.11753003850429,0.275,2.2972850467512154,9.665057949127661
c4,291,c4/c4/c_4_291.csv,18e8bf9ee123ac31da668fd653a293f72fe35423dde16972aee8b0eed00d706e,224160,50000,4.4832,4.48318,167.3768067,182.6699161,177.4247539,175.82382556666667,182.6699161,2,19.54341597519629,48.03534473539267,51.85874235182027,199.01600000000002,2.4271703148154327,2.020420140608036,7.306937562455389,15.593184038665111,17.220268299323273,97.425,3.6461685096083816,2.696292029393732,10.253398059421842,29.84745931955928,31.559452234386946,123.38900000000001,2.606952724938453,1.9284856102559265,-0.0008579764453961456,0.21630583643689308,0.21630705553304583,2.651,6.634087808480067,3.679191977847659,-0.004919718058529622,0.18861868207606375,0.18868241078947348,2.226,6.206195877508524,3.411725597789675,-0.005799353140613848,0.22511342928141045,0.22518761615322522,2.654,6.190393698432668,3.786228494220535,0.11673308797287653,0.031529565584985826,0.12091618129440854,0.261,2.117169077451159,8.912110266288726
c4,292,c4/c4/c_4_292.csv,37fe218a779e2748b24ec73d0a9f5659e8152618f5d392e0377a8e988d03d1a7,224160,50000,4.4832,4.48318,168.5961328,183.9455075,178.5587218,177.03345403333333,183.9455075,2,19.847880299785867,48.93064917838345,52.802803908611914,202.15800000000002,2.4119931248429047,2.0169446734171914,7.4863890078515345,15.828558320785069,17.50965908271891,98.19399999999999,3.610235910440359,2.6925261775642517,10.455931995003569,30.287631225029738,32.041582775513476,125.338,2.5925373469216457,1.930343558073002,0.0006107378658101357,0.22925641711781633,0.22925671925100574,2.442,5.552727109412368,3.808958478045137,-0.0028446600642398285,0.19577771695887905,0.195797945748728,2.215,5.6588949172220735,3.4420055678412536,-0.0029835831548893645,0.23379690497438432,0.23381542014146858,2.5250000000000004,5.628371299051886,3.8111053724139974,0.1195706415060671,0.03138299922657164,0.12362049408137644,0.274,2.17601460015945,9.791751935535945
c4,293,c4/c4/c_4_293.csv,f8d2924b6994e92c01a829f57291622dffc9c8601e7dc6edeceb857ca083581c,229125,50000,4.5825,4.58248,169.8164512,185.2150905,179.6857691,178.2391036,185.2150905,2,19.55596949263503,48.9203665528228,52.684226875753886,203.177,2.448740498826081,2.05346696724079,7.441245001636661,15.807564446402894,17.471408939229153,98.031,3.669995947266117,2.7413077173697338,10.363750446262957,30.197587499895384,31.926440989054015,125.203,2.585098665657611,1.9716948989148537,-0.0001492373158756138,0.2270745994290207,0.22707415294365652,2.552,5.786655957827311,3.8554478522007005,-0.003807502454991817,0.1953413924737561,0.1953780697762206,2.12,5.635228156676171,3.4727108010956838,-0.004484552100381888,0.23199156593073683,0.23203440041627704,2.552,5.986181348576289,3.918033507467259,0.12065506601200218,0.03801235408168191,0.1265012952931966,0.299,2.3240868745144914,8.31129216953765
c4,294,c4/c4/c_4_294.csv,81ba08a616f8f457162bee726cce01099fc6ba9f124703d885e82a8ee1b602df,223871,50000,4.47742,4.4774,171.0373842,186.4782811,180.8055743,179.4404132,186.4782811,2,20.260794453055553,50.242022063970936,54.17332643866976,207.553,2.4373618657049603,2.0163136026391566,7.779051015986886,16.23607928179968,18.00340877846547,100.01,3.6408660607875736,2.6784715042270064,10.83191032335586,31.024206307239158,32.86072669449422,127.882,2.557155865152524,1.9255659838021282,-6.152650410280895e-05,0.2334402536392995,0.2334397403745792,2.558,5.761658224267225,3.7528257990083524,-0.0036936450009157065,0.20014952123974236,0.20018315344780913,2.508,6.963622942244426,3.460971067169763,-0.004337002112823903,0.2394961512208835,0.23953488227203534,2.474,5.456407799994926,3.853156245933616,0.12750915035891205,0.034312362084710335,0.1320451300051661,0.296,2.2037919913336825,9.442163865967839
c4,295,c4/c4/c_4_295.csv,7c9e60a1a5c9ac6e52490d1f139a870de91c37391768c6527bb3c811aaed77b5,223871,50000,4.47742,4.4774,172.2585545,187.7347013,181.917822,180.63702593333335,187.7347013,2,20.440034930830706,50.826466277887,54.78241654859308,209.45600000000002,2.4168338737404653,2.0125640080259393,7.86989514497188,16.356126950283695,18.150948829740372,99.096,3.5540290816258517,2.68130505192439,10.975703248745932,31.306625484166144,33.17478685720929,127.55000000000001,2.551365299325396,1.924508887396086,0.0005734373813490807,0.23732882506830627,0.2373289877850504,2.531,5.427065661134263,3.7336146037810343,-0.002967181993201442,0.2024871380750787,0.2025084247851985,2.37,6.241715629069407,3.4455261612920096,-0.0033232218554435367,0.24369017312248442,0.24371228737189368,2.575,5.748581719485234,3.8520725733380528,0.12974065868290222,0.03479558156005612,0.13432559548874345,0.28600000000000003,2.0919319134791996,8.952403738529584
c4,296,c4/c4/c_4_296.csv,7a9c3353dd4bd50d4b28a1f995daebe3cad96a9665ea6a7e651856293e14f84e,223871,50000,4.47742,4.4774,173.4795854,188.9839787,183.0222029,181.828589,188.9839787,2,20.843131236292326,51.958077946556436,55.982728807342795,211.229,2.3760899626342056,2.0095832622752132,8.031058457772556,16.62996404241032,18.46760321939263,99.863,3.521084963083726,2.6630919483824704,11.254556664329012,31.85509557978439,33.78472476395771,130.039,2.546772264718625,1.9223517418071767,0.0007547114186294784,0.24805697121933554,0.24805756530280326,2.623,5.385846621404786,3.6669550772766404,-0.002715376265795927,0.20993609668086594,0.20995318785216868,2.37,5.863211759693625,3.5030929737227012,-0.0030035824202330804,0.2560251929223742,0.25604223893853684,2.464,4.92887425618452,3.755544902993338,0.13500728544563612,0.03472343977020872,0.13940114421017774,0.313,2.209451018103715,9.76030646841784
c4,297,c4/c4/c_4_297.csv,498661f0f19cd4595a9ec2f61e41ff85106f3d1a8eaeaaddfb3120964a86577a,221426,50000,4.42852,4.4285,174.7001014,190.2257477,184.1184139,183.01475433333334,190.2257477,2,21.338260515928575,52.973060710753,57.10913981010359,211.349,2.33973056579571,1.9902754948206434,8.279995045748919,16.959641585745675,18.87290284211252,98.703,3.4273476921454686,2.635475403895188,11.558568971123535,32.460912966578206,34.45731603788182,131.183,2.5069276987514937,1.8956812777145728,0.0009540568858218998,0.24206553005914896,0.24206686356965293,2.8600000000000003,6.0768333935005145,4.180825848468282,-0.0026976597147579783,0.2084677157250375,0.20848469871857742,2.264,6.000440356961924,3.338589192598562,-0.002781200039742397,0.2490763407169212,0.24909130534626053,2.776,5.624443607345015,4.015109329969463,0.13882454183338902,0.030745189076474583,0.14218831104420226,0.306,2.1169110019629374,10.738028971457357
c4,298,c4/c4/c_4_298.csv,f10cc4436c4b04ead361b03821a48d252ebb587c1ef2fa5ca34fd7c830e3954b,223871,50000,4.47742,4.4774,175.9197281,191.4596487,185.2061586,184.19517846666668,191.4596487,2,20.90249221649968,52.39217243255046,56.407815520604295,212.056,2.3643886714826503,2.006452908339163,8.284303205864092,16.76201338972074,18.697420074776456,103.28299999999999,3.5857353437999153,2.666003990971948,11.335097591916773,31.884298865696632,33.8391549913605,129.748,2.527338523134958,1.919844942353803,-0.0004089899987046113,0.21699271851110433,0.21699261930741093,2.144,5.060079939606039,3.5304125364507084,-0.004409016799853488,0.1961373130579339,0.19618642451348225,1.876,4.832138627078408,3.244423422388604,-0.005104680820651178,0.2261364885762687,0.2261935914365891,2.322,5.596975546298398,3.688768181573966,0.1395020748556088,0.034657708839441574,0.14374275740232073,0.292,1.9966223355289994,10.201110876985584
c4,299,c4/c4/c_4_299.csv,ef088e567a6bd788f67261771d6acfe65e40b06ea50e4f8ffbb0e08aaf94c500,224160,50000,4.4832,4.48318,177.1380923,192.685329,186.2851471,185.3695228,192.685329,2,20.716683364561028,52.16497317942292,56.12800777654309,213.027,2.374750241103414,2.012302340806063,8.258583868665239,16.73685669767427,18.663475827952507,101.403,3.4955439491228524,2.6775131952308335,11.278928149536046,31.62337967371487,33.574512668405916,130.374,2.5786524693616824,1.9325929719256925,0.0008625490720913635,0.2219563671929527,0.22195754808971277,2.54,5.739836337915678,3.781823539542513,-0.0027037651677373304,0.1983524624498734,0.19837044686612063,2.184,6.039206035607336,3.3137529499642313,-0.002740868129907209,0.2270573056267654,0.22707334146599523,2.345,5.447579147837765,3.8445773818759594,0.1464641862955032,0.038136158332125476,0.1513476724349048,0.305,1.9821910385112207,9.52469070395724
c4,300,c4/c4/c_4_300.csv,ca169c0bfa47dd1ad55b17ba3edb02a94ecbdc153b4ba1291397857ac46c53f3,224160,50000,4.4832,4.48318,178.3548229,193.9024428,187.3550965,186.53745406666667,193.9024428,2,20.484929764453963,51.53186525811551,55.45406782047997,214.32299999999998,2.432824232781997,2.0262012793698054,8.194118736616701,16.453945619393238,18.381368299230445,100.02,3.5139386224421694,2.6780042197901257,11.208087598144182,31.168174197210014,33.12207687687767,129.276,2.5996860136542583,1.948660578002457,0.0017660554960742328,0.21703881884871754,0.21704551986944157,2.436,5.809841183354181,3.7385091519288705,-0.0012748394004282657,0.1923994892644159,0.19240328361460377,2.042,5.415707988056968,3.3601250826938887,-0.001363084403997145,0.22472584808398358,0.22472948071633492,2.382,5.379801511338256,3.8199156845570683,0.14763784796573876,0.03666655231638438,0.1521228589432308,0.321,2.077268348722823,10.331267837105138
c4,301,c4/c4/c_4_301.csv,6ec58c2287fe047b9abc20f2dffc22a8a0800894b5c8c7339e515268eb8ea145,224027,50000,4.48054,4.48052,179.5695503,195.1106513,188.4157306,187.69864406666667,195.1106513,2,19.99411084824597,50.336495902061294,54.161942157129936,210.80200000000002,2.456152691387338,2.0295839655061636,8.069010440705808,16.060827595821475,17.973813205060036,100.018,3.6539269241716053,2.6969246367174584,10.951782249461004,30.25473510752642,32.175867431652065,128.865,2.662740955841916,1.955792364490828,-0.0012872734090087355,0.21011790029129884,0.21012137450360188,2.346,5.639597603049598,3.6675487548038124,-0.005644333049141398,0.18653766942868127,0.18662262802120486,1.8900000000000001,5.160145959848877,3.280067565319118,-0.006546795698732741,0.21918152838279986,0.2192787916723406,2.278,5.280948472802387,3.79975303963716,0.15457537261133703,0.038506677770580255,0.15929941441253193,0.36,2.2285078781311105,10.498808323798253
c4,302,c4/c4/c_4_302.csv,fa65f8ee985f98c252f4eaaa32acbe472d8ac37f39658c85d12a27011cb618ff,224293,50000,4.48586,4.48584,180.7819071,196.3096231,189.4667804,188.8527702,196.3096231,2,19.912458079387235,50.278579800080266,54.07800202293096,209.52,2.450534321586195,2.026135624505864,8.069229048610524,16.00383835632923,17.923006379025,102.57,3.6873836120118146,2.6872586274328834,10.974970172943427,30.062188068399365,32.00282944514911,126.71100000000001,2.6513905636197306,1.9425155610806122,0.0002796520622578501,0.2129213673453075,0.21292107634331547,2.207,5.255468454403811,3.557824561341523,-0.003141497951340434,0.18983591325662275,0.1898614818730917,1.9709999999999999,5.377604714380469,3.291920857612961,-0.003417574333572603,0.21897037914833345,0.2189965592985944,2.363,5.579996342928129,3.7904303805665114,0.15890019750950765,0.03968910571489717,0.1637818392189448,0.367,2.210257264946669,10.677182562977736
c4,303,c4/c4/c_4_303.csv,ecb2d71943ab7f74329406ee834f39ec85c17d6eef91d999f492a9bb7c4a8244,224004,50000,4.48008,4.48006,181.9915282,197.4990343,190.5079843,189.9995156,197.4990343,2,20.11831604346351,50.896138489558666,54.72798177731662,207.246,2.391098588880144,2.020107199415336,8.186601922287101,16.126348676909867,18.085309279240352,98.971,3.584124495698017,2.6619775352903874,11.158062534597596,30.413105198172836,32.39529592583893,127.569,2.659028032872315,1.9356025721289774,0.00045675077230763745,0.21534949705760528,0.21534950075369697,2.403,6.013480391027878,3.666769522472712,-0.003515285441331404,0.19220102953487297,0.19223274453826275,1.9209999999999998,5.103188857633659,3.2510418806494346,-0.003953554400814271,0.2210114702357305,0.22104633566119325,2.23,5.107526422561758,3.7523585262932277,0.16076964250638381,0.03959656870157377,0.16557402938019225,0.351,2.08969970287739,10.431283772369389
c4,304,c4/c4/c_4_304.csv,9bbfb7830358ceacbff52d8d8236281a073034a2c18000da56557833df2af110,224004,50000,4.48008,4.48006,183.1980513,198.6785687,191.5390879,191.1385693,198.6785687,2,20.25008914572954,51.26223267037237,55.11688378026479,209.105,2.391644646049449,2.0156586040759157,8.386951625863825,16.22399464896971,18.263564407995307,98.983,3.5399990141955326,2.6536578624394056,11.289917122015677,30.548710972001647,32.568110239463564,125.90700000000001,2.5681563770516656,1.9307404822720324,0.000918251459795361,0.21902062216304474,0.21902205818209716,2.348,5.620438462762204,3.5648290559500104,-0.0024048766986303816,0.19511961833793312,0.19513400250217558,2.041,5.411665760241998,3.2867386444809585,-0.002678394135819003,0.22087792055859332,0.22089366625136186,2.604,6.328836963614754,3.6719584920925827,0.17090552847270582,0.040880364172977274,0.1757267662504788,0.367,2.060016283939406,10.855403142201503
c4,305,c4/c4/c_4_305.csv,b92638b4871d06face12cbc2bd4318c4d2136fe20905c4814e608dec2482d2d2,223871,50000,4.47742,4.4774,184.4011164,199.8479179,192.5598442,192.26962616666665,199.8479179,2,20.255763591532627,51.47196981536202,55.3140832068821,210.929,2.3981234490296295,2.0097013542692665,8.437531980470897,16.273618575335412,18.33088717154664,105.493,3.705985387627487,2.6532547357696195,11.343012239191319,30.48291283435639,32.52487895266025,125.229,2.5846368290057606,1.921632489884098,-2.4353310611914826e-05,0.21922258121273394,0.2192220929468015,2.2110000000000003,5.08616620255777,3.573530348334474,-0.004196215677778721,0.1966600877846279,0.19670441173721528,2.115,5.419298889056484,3.262021977975166,-0.0046734860701028716,0.22060507305380467,0.22065407846294405,2.121,4.871879130847482,3.619319704030195,0.17788106543500495,0.042186539448464525,0.18281512410422607,0.367,1.9801425170579297,10.729173552872645
c4,306,c4/c4/c_4_306.csv,719b3fe91807220c7aa2d973364ffdefb07b18769b90a25ea175eafca6272957,224004,50000,4.48008,4.48006,185.6003667,201.0067816,193.570014,193.3923874333333,201.0067816,2,20.0164853350833,51.478347333588964,55.23285344005835,206.65099999999998,2.3381011835673062,1.9972848429224193,8.60029126712023,16.250940683044764,18.38632383042525,95.74600000000001,3.392412783287597,2.6307499631880873,11.293845484902056,30.175590318583712,32.21976306487258,126.14600000000002,2.605016052756375,1.9230190277868167,0.0011817333619042517,0.2021055939840785,0.2021085977029223,2.277,5.843393172891842,3.587454591133956,-0.0021942420671059444,0.18303484294654193,0.183047586359352,1.802,5.031478525982463,3.1961150065347983,-0.002411894430456599,0.21011591698789533,0.2101292904797494,2.2809999999999997,5.901128763005562,3.680102992001073,0.17861969875537936,0.043576636963525706,0.18385840093759287,0.374,2.0069792738230645,10.207639513175305
c4,307,c4/c4/c_4_307.csv,3317d0f414cded5c12911254dc39b5403636b689ec66958535dc29ae48661979,224004,50000,4.48008,4.48006,186.7954486,202.1548679,194.5693657,194.50656073333334,202.1548679,2,19.81261144443849,51.041076712865056,54.75143335242741,202.548,2.287428699699009,1.987737822186605,8.587269383582436,16.015741023767607,18.172617063045326,92.334,3.34068559247055,2.6178663825300683,11.169073092444776,29.539105902847222,31.580105699662727,118.85,2.5032531794484867,1.8974921707217112,0.0002816065784539561,0.19547385108847,0.19547361761678514,1.986,5.29994795528376,3.421305134581091,-0.0036398769664827417,0.17861625417128105,0.17865293877662966,1.759,5.0880775106449585,3.2055333093902125,-0.004099984821699613,0.19839605751335868,0.1984379746842558,2.083,5.644080986928464,3.6016542721106584,0.19471549615185443,0.047024708009662866,0.20031334886435992,0.381,1.8770591282691023,10.333774836433095
c4,308,c4/c4/c_4_308.csv,b68b79378fcd8974cf6d0bce7000ea7c075c181a8168b38720247237fbaa440b,223767,50000,4.47534,4.47532,187.9860118,203.291893,195.5576756,195.61186013333335,203.291893,2,19.058684050820716,49.16525863028992,52.72992785433429,199.856,2.3652602056376275,2.001001284737836,8.445763209052272,15.433051418364917,17.59286582278898,94.209,3.547119646599292,2.6067849453698093,10.77835608020843,28.225676589673913,30.213543625114866,118.265,2.6084990551882132,1.9343490064151871,0.001402150451138908,0.19878964189754603,0.19879414264844805,2.224,5.638999142859059,3.47572007079391,-0.001563890117845795,0.17963695830252935,0.17964336428183358,1.751,4.976526706533105,3.162115759061785,-0.001647606662287111,0.20146422038201453,0.2014705073143348,2.0599999999999996,5.167009374607019,3.592752613667879,0.21662388109059869,0.05102157153572969,0.22255133112879036,0.431,1.9141651404164102,10.417550035675227
c4,309,c4/c4/c_4_309.csv,4f54fa2d6a52a5ede5d2be593b52e293351ffc18979a3af3233610db5c95ea9a,223715,50000,4.4743,4.47428,189.1717095,204.417582,196.5347279,196.70800646666666,204.417582,2,17.74627781328923,45.805516142560904,49.12297127271576,187.244,2.3760777692376576,2.0046327116555953,8.063638504347049,14.356229398976161,16.465802963034555,84.128,3.3548925687994138,2.596107150498373,10.02699676373958,25.916452046575035,27.788489496000246,108.334,2.6487585807999525,1.9436560130923555,5.5154996312272207e-05,0.1966388366807617,0.19663840493032667,2.191,5.731332088456073,3.5955452947412136,-0.0038029725320161815,0.1725351577563847,0.1725766791841913,1.839,5.92779977477809,3.256656784453845,-0.0042432291084638935,0.1978225652978711,0.19786762597104074,2.178,5.539056703295198,3.6658598988896562,0.23474360682117873,0.05835067494506076,0.2418870542021435,0.464,1.8975798498766148,8.986584573140506
c4,310,c4/c4/c_4_310.csv,6a70d73eeff729ea56b84bad9ada82651c6592cb43f4cc6bb45c3b0775955359,223426,50000,4.46852,4.4685,190.352199,205.5316685,197.5003149,197.79472746666667,205.5316685,2,16.98527422502305,43.894965930551244,47.06653748473687,175.93,2.3426409906561756,1.997720491307366,7.863736293000815,13.79239295419443,15.876636938138539,81.897,3.4026727581221583,2.607626620561435,9.611913600028643,24.479211204218686,26.29863080505559,97.80099999999999,2.455374976692194,1.913313025320691,-0.0006177392067172129,0.19639706330060097,0.1963975952930138,1.879,4.908410403710739,3.342481677871256,-0.0046178555763429505,0.17104285671909514,0.1711047997094072,1.638,4.79238455842637,3.1746153934216363,-0.005256550267202565,0.1973543942443484,0.19742394465509536,2.2,5.642679270471403,3.5101134605412643,0.2477149167957176,0.05972186538064823,0.25481241187189724,0.582,2.2644108886268746,9.625637842000804
c4,311,c4/c4/c_4_311.csv,1a156a0bf86a453400371118533f8f02499e24f6470512712538edb9a26c8ebf,223426,50000,4.46852,4.4685,191.5271412,206.6338951,198.454237,198.87175776666666,206.6338951,2,16.51527887980808,42.82365203948619,45.897836578055646,172.832,2.3399795721820436,2.000145100966033,7.761746157564474,13.479921293365173,15.55481173811121,81.36,3.4404787985237513,2.6233711079893283,9.416667173918883,23.785746695596885,25.581884886000665,97.905,2.5606791795020474,1.911410701799645,0.0006942790901685568,0.19763455708872474,0.1976353342869937,2.178,5.616404596903342,3.4758006033259528,-0.0026011252047657843,0.16991452704115054,0.1699340552469408,1.588,5.054902025092842,3.1874437397960893,-0.0030548772300448474,0.1991802075778304,0.1992031872237811,2.104,5.291080000722862,3.5432276540114254,0.2571299624931745,0.060615901400934424,0.2641781381363323,0.527,1.9759394311826655,9.939844929916513
c4,312,c4/c4/c_4_312.csv,6613ed5d596be45e57d538925c2e665d8a57573e878beb0b272a522ded5ec9b9,223293,50000,4.46586,4.46584,192.6962013,207.7240132,199.3963026,199.93883903333335,207.7240132,2,16.529091422480775,43.0417192400073,46.10631368600938,173.019,2.3417617104523085,1.9988150041005954,7.744599718755178,13.519441333863254,15.580542360227634,83.676,3.5229197245478985,2.632159790277306,9.482725392197697,23.786917517266023,25.60736206383768,95.417,2.48955748901712,1.9014243459312279,0.0009236026207718112,0.19064352461276982,0.19064533498249517,1.988,5.292550169625945,3.4374899998001083,-0.0023236330740327733,0.1664893322901023,0.1665051737967207,1.611,4.978824267719704,3.159899407162105,-0.002702216370419136,0.19217193654911865,0.19219050388100672,2.099,5.525767291070371,3.586478545277411,0.26322141312087705,0.06296308858834296,0.27064708588105174,0.538,1.969354291271591,9.326376703770883
c4,313,c4/c4/c_4_313.csv,24812e3aeacaeb78ea1ec2c97ee07b08e4cb7b4fb86f81fe5c0c99cd29a565be,223559,50000,4.47118,4.47116,193.8590491,208.8017835,200.3263288,200.99572046666665,208.8017835,2,16.57192622976485,43.39563643547216,46.45214286726928,176.72500000000002,2.3467162819911525,2.002947053256393,7.7905001766871385,13.609065771064708,15.681126736227444,83.35,3.45051735823272,2.6461891636338795,9.568283312235248,23.92700801502319,25.769190853445274,97.168,2.4870784792775646,1.90281148911891,0.0002298453652056058,0.1856279442035335,0.18562767133567482,2.0220000000000002,5.537967440969745,3.458170850458266,-0.0035168031705276907,0.16458255466313265,0.16461975592094213,1.5419999999999998,5.054071398329397,3.144761353712273,-0.0038910533684620168,0.18728836002591379,0.1873283566232684,2.073,5.615807552914438,3.630938909458291,0.2757090879812488,0.06705297309432914,0.2837456295430222,0.568,1.9841715303482288,9.448108055305166
c4,314,c4/c4/c_4_314.csv,80c5850b294d5bc16658a3d153d66f8e3113d1226c2f2588a64b3a83917d72af,223426,50000,4.46852,4.4685,195.0153586,209.8669762,201.2441406,202.04215846666668,209.8669762,2,16.680206542658418,43.80654478644473,46.87466338438261,176.43,2.333030087133081,2.0037475324852223,7.877247952342163,13.70697832313475,15.809220383786487,86.305,3.6154850531794542,2.654800488462291,9.672975562378594,24.085580347019867,25.955327785057886,96.933,2.4819952394161735,1.9003665689636429,0.0006483399425313078,0.18396674962726337,0.1839674803782086,1.9779999999999998,5.582508375331593,3.448301553930028,-0.002876187193970263,0.16342571660272306,0.16345065849235815,1.55,4.912797583116149,3.192791272462391,-0.003294558377270327,0.18540584829612594,0.18543470236653162,2.032,5.6354068934435215,3.6613206376663525,0.3063417820665455,0.0812367695771068,0.31693007215106206,0.616,1.9278700687916164,6.772725892068528
c4,315,c4/c4/c_4_315.csv,b4129c508b26739700845cef13c3743f31fe6d563dea6f512b7247ef79e9979f,223137,50000,4.46274,4.46272,196.1648089,210.9193705,202.1495718,203.07791706666669,210.9193705,2,16.812038424824213,44.36274378454406,47.44142548616614,178.724,2.322653648595177,2.001315928539368,7.954338877012777,13.861300420868,15.981435957449746,82.324,3.3859285325844386,2.6358717400967495,9.80935321349664,24.36091734289404,26.261664925483263,98.429,2.4642002014580626,1.9029197226879755,0.0006870353191088884,0.17944010577763625,0.17944101894118145,1.9769999999999999,5.695464760679937,3.3972191051542144,-0.00299360034418317,0.1619191919742306,0.1619465000426735,1.471,4.804055659091084,3.1278706348890246,-0.0033070579957604515,0.18077416797335968,0.18080400987001485,1.886,5.23218484302481,3.635099383408158,0.3370133326162851,0.08951628443358446,0.34869917640928727,0.638,1.8153183110963627,6.800366784783892
c6,1,c6/c6/c_6_001.csv,fd11fab85ddc16bbfcf50541f08c4407f282f87f26f94bd07976e4a52bc85955,192315,50000,3.8463,3.84628,62.78864802,9.896640679,14.62090844,29.102065713,62.78864802,0,0.5742147622390349,0.840820731018314,1.0181838825721452,5.965,3.592671287193358,2.617756020537975,0.8156997842082001,1.1755335441900967,1.4308172720424832,16.382,7.315399530408533,8.591367406356337,-0.13172186776902478,1.0049223288690659,1.0135158047063288,7.856999999999999,4.0295375573184655,2.825065059243668,0.013947840782050282,0.06221296478431661,0.06375715743463853,2.027,18.02150607448132,4.186937113539485,0.019000421183995007,0.06276773841348653,0.06558036676162177,2.009,17.413748296819662,4.120729068564802,0.024580615136624812,0.06380188783507552,0.06837299441357038,2.029,16.570869971655462,4.067112996180096,0.002319834646283441,0.004033006423902443,0.004652600243500082,0.027,4.728538634011188,3.770712364992776
c6,2,c6/c6/c_6_002.csv,3566586db8042364bcf1ee40a4a2bcacd41a6ad250ee50bdeacfdabb7b31449e,217653,50000,4.35306,4.35304,64.13604296,19.79328136,29.24181689,37.72371373666667,64.13604296,0,1.611207624062154,1.401476053804557,2.135442837695566,10.818,3.4508064884341065,2.8777591076161793,1.8081736203957672,2.634445255167384,3.1952717813929947,19.886,4.03752822377311,3.724386318483466,0.5422796193941734,2.150000211513615,2.217328766146537,13.736,3.441528435705005,2.2133658373054526,-0.005282399048025986,0.07445243438011546,0.07463942160096977,0.698,4.782995263663211,3.2203748023906553,-0.013053291247995662,0.08071057589751016,0.08175913126272275,0.75,4.623336796294279,3.0686484417397613,-0.015924356659453347,0.08369886560684335,0.08520007659817916,0.8260000000000001,5.117366291303521,3.189349079099902,0.05420294689253077,0.015408309177846207,0.05635046009354454,0.133,2.271498755955385,5.998031266406419
c6,3,c6/c6/c_6_003.csv,87ea9539079ae890acd55d1721fcb2f27700d3411006e0de11ccdfc7d84f1437,218455,50000,4.3691,4.36908,65.36527295,29.68992204,43.86272533,46.30597344,65.36527295,0,2.478925966446179,1.9446275893021,3.150655978942294,13.661000000000001,3.0869761932132986,2.635751955850588,2.6524188734521985,3.970516803190564,4.774961507567877,27.714999999999996,3.984325312329139,3.8447071645805853,1.0214927605227622,3.2556174284989137,3.412102545695192,16.975,2.8565964444114083,1.9468422058531927,-0.004546725870316541,0.07925243862011683,0.07938257360209262,0.77,5.013694844349418,3.35599992666116,-0.009218392804009979,0.09560371795951314,0.09604690423936767,0.848,4.487390857761159,2.986920803754981,-0.01116274747659701,0.1028499699622441,0.10345373279904663,1.056,5.26805544135013,3.1999477132659497,0.0836584880181273,0.0225832524011822,0.0866530067101118,0.215,2.4234588962681025,7.580393935060353
c6,4,c6/c6/c_6_004.csv,09f476daa16b16b606cc676e5c3ab9ede2b5d9f6efcbc12d661edec45dd1c260,218754,50000,4.37508,4.37506,66.4868801,39.58656272,58.48363377,54.852358863333336,66.4868801,1,2.872557141812264,2.267763457581617,3.6598240563215256,15.401,2.938665857836294,2.5132332096852976,3.0923382566718787,4.519968016458821,5.476547577662625,30.761000000000003,3.927656921622218,3.7846689091028556,1.2011233806010404,3.6368170142421268,3.830022833860986,18.193,2.7738738020238154,1.9318913288149957,-0.0005215767483108879,0.0854654096418699,0.08546680581907909,0.911,5.733219994640485,3.3535025227351043,-0.0036017078544849468,0.10354378582234552,0.10360617197378082,0.912,4.4012821949970125,2.979354056232947,-0.0041581959644166515,0.11458641940629875,0.11466158068009481,1.288,5.825839797758557,3.6656172311316584,0.10016918547775126,0.02601070713817114,0.10349115668659288,0.225,2.125785497462709,6.991775808790056
c6,5,c6/c6/c_6_005.csv,47f2ee5eb161e162ac6ca4342f65ce0e9b27ae6ebb1a116f689c6154c47e039d,219511,50000,4.39022,4.3902,67.51080822,43.01999443,59.34575921,56.625520619999996,67.51080822,1,2.9003320425855654,2.2442139380347226,3.667205913601623,14.343,3.001467673024623,2.5004155887242407,2.656171554045128,4.561044612571561,5.2780944015871345,41.462,4.202084751142519,3.7231215473404093,1.312490285224886,3.675314238781861,3.9026278282870055,17.911,2.7130437402347507,1.8814297796065227,0.023901285129219033,0.09080681356766326,0.09389947420717279,0.84,4.5154672438795345,3.1025466276131994,0.03086801117028304,0.11095981985472594,0.11517317242797798,0.954,4.2631455715699795,2.8888617702937682,0.041364851875304656,0.11901654625487533,0.12599970128373386,1.123,4.857154372309668,3.1175519314639377,0.10881290687027073,0.03073200410214681,0.11306944978705358,0.258,2.237562847227797,7.349112907206849
c6,6,c6/c6/c_6_006.csv,4291361272353ae3b84de5c1627c02cb3bccabb8ca9612612b19e86d62161461,219052,50000,4.38104,4.38102,68.44642494,46.45342614,60.20788466,58.36924524666666,68.44642494,1,3.1883238546098642,2.4066162556362922,3.9946444602068962,15.165,2.9431905935856593,2.509664620325381,3.2552473750524986,4.885784766850311,5.870895952675136,34.258,4.000922549018602,3.766691403923956,1.7388864287931631,4.191670576276772,4.538033497290811,20.328,2.7472252039220852,1.895494605319052,-0.0016463579424063689,0.0844610334565893,0.08447688500971179,0.808,4.94809911553847,3.1856867060584375,-0.004552024176907765,0.10888993312209419,0.10898478944633151,0.9650000000000001,4.569444988882923,2.966561823797297,-0.005632799517922685,0.11307245055925728,0.11321240717791146,1.162,5.51176337960374,3.200955212837855,0.12464277431842669,0.03316636749792388,0.12897993681626096,0.311,2.372462008846491,7.5288437442520575
c6,7,c6/c6/c_6_007.csv,433026d421aa9b45fc200345c9f800a6ada43bee70512437a8f8d3fe289328b3,218985,50000,4.3797,4.37968,69.30254323,49.88685786,61.0700101,60.08647039666666,69.30254323,1,3.01489852729639,2.2995070013122025,3.7917438511095236,14.765999999999998,2.9453466369391137,2.498414919436361,2.942042747220129,4.73766924412755,5.576829107592381,32.679,4.045130228087468,3.6697416276389676,1.4853985113135604,3.9164155322576444,4.1886333470448305,21.02,3.096714113005693,1.8845778485275784,-0.010784807178573877,0.08702416985818105,0.08768970077589443,0.87,5.553673871514389,3.165152090015853,-0.022687234285453346,0.10824615515217573,0.11059786253700056,0.9630000000000001,4.548008329109626,2.968299413919277,-0.028670762837637285,0.11332074703398197,0.11689117036205164,1.1720000000000002,5.235639254055103,3.1463327993972454,0.11972540584971574,0.032885506891547595,0.12415967312657156,0.296,2.3437561703577225,7.747493708993768
c6,8,c6/c6/c_6_008.csv,903588f045840d9e59d5565ed1f131306b80854cefec3ecd5e95b7b02981c87f,219088,50000,4.38176,4.38174,70.08744241,53.32028957,61.93213554,61.77995583999999,70.08744241,1,3.075678371248083,2.324661681245815,3.85536310994064,14.68,2.912306747722363,2.502428929070463,3.0662063006645734,4.795777133225973,5.692187137783015,31.721999999999998,3.94646195851341,3.707605926001355,1.5910199874023223,4.026273074567214,4.329219961929757,19.58,2.7771746655812626,1.8808656516633733,-0.009102456547140874,0.0822616050472234,0.0827634913058601,0.7869999999999999,5.074701337185636,3.1627105476485866,-0.014460609435477983,0.10556520244910081,0.106550787551781,0.925,4.476738379509301,2.9225261906368285,-0.01847466771343022,0.109799943213689,0.11134309969014146,1.048,4.921723946297869,3.1096671874478186,0.12457448605126707,0.03421779450171972,0.1291884464310397,0.328,2.5002235797642802,7.599706336537953
c6,9,c6/c6/c_6_009.csv,2c5468fccd4bd31a5d10cc04dd0cc9d33604c2949bb15988062dc1316a6da3e5,221303,50000,4.42606,4.42604,70.8088887,58.52379832,62.6414184,63.991368473333324,70.8088887,1,2.985312901316295,3.2480886683834784,4.411589899785467,19.551000000000002,3.0762152213332317,2.607673570965751,2.630540299950746,6.276714127841678,6.805637698907198,55.907,4.8668473793893705,4.390954837608268,1.8615682435394008,3.9441421223363844,4.3613785793731354,21.732999999999997,3.050870214048807,2.2148175981362606,0.020562387315129032,0.08409058808107316,0.08656793184097832,0.802,4.88633597920571,3.3342121226795367,0.02674206856662585,0.10714815097097802,0.1104346531205703,0.891,4.092918184897232,2.9810222039384584,0.03548030980149388,0.11491835329313797,0.12027061416799076,1.2109999999999999,5.238187269252927,3.3318821685600093,0.10580382100558963,0.02889583720569598,0.10967868605263155,0.271,2.4252661075129445,8.113453075028728
c6,10,c6/c6/c_6_010.csv,2a0ddbbf85abbab5b1c2c9d28e50dc5e92819b1cf60d3b37990d35f2e16adfce,218978,50000,4.37956,4.37954,71.47415519,63.72730707,63.35070125,66.18405450333334,71.47415519,1,3.3742990574395604,3.2553096462900557,4.688591113446618,19.168,3.018390739898997,2.6251052030728883,3.254673396414251,6.306466420687994,7.096776451970174,45.423,4.456389490924452,4.387304006342817,2.29828933500169,4.412428840381134,4.975095298375945,24.195,3.1092871738657255,2.1463547412708803,-0.0019401081387171312,0.08224758226889953,0.08227027359068216,0.847,5.445466271680662,3.4330453770230034,-0.005223145704134661,0.11173000093485759,0.11185176508001454,0.958,4.514904164800099,2.8376612569405464,-0.006283667765711622,0.11440016601520342,0.11457234700870855,1.127,5.140856545037264,3.2167552725575614,0.12714542100119647,0.03902904423352723,0.13300081736253153,0.324,2.398481500534503,6.809871932108571
c6,11,c6/c6/c_6_011.csv,f85d9d03540d28d3ade81a1d9620df47e975003abcb0c5f936e8da7e462e7d4b,218978,50000,4.37956,4.37954,72.09004135,68.93081581,64.05998411,68.36028042333334,72.09004135,1,3.158225223538438,3.212842670517301,4.505185617630071,19.262,3.0613611004234738,2.6084501006595597,2.951026002612134,6.28111041451276,6.939792672809962,45.114000000000004,4.641781320962255,4.278541648223814,2.046250842550393,4.135182317368352,4.6137617211661315,23.16,3.2214494155201767,2.1401530562693885,-0.009398533185982154,0.08335268415741573,0.08388069297869627,0.81,5.472057796620437,3.3143629481704604,-0.020093740010412003,0.10883004567493322,0.11066925111197538,0.86,4.048098234140147,2.8145329044362404,-0.025278772296760406,0.11157910380631941,0.11440653775243534,1.109,5.130825663741447,3.026549553075221,0.11623573144334133,0.03222321642856478,0.12061955148082569,0.312,2.5451926841959973,7.846102058350628
c6,12,c6/c6/c_6_012.csv,a7916ddd3a604593fb799443d981e9ae6c94d350284f8be2ae53f3ede007e531,219007,50000,4.38014,4.38012,72.66289207,74.13432456,64.76926696,70.52216119666666,74.13432456,1,3.2459666996945304,3.2218905886873173,4.573492252383159,19.091,3.0215422345581073,2.596312959264119,3.1559236554082744,6.285356409024672,7.033162796470085,45.189,4.431150095891649,4.365133282826866,2.184166807453643,4.24912647884373,4.777612168788882,24.075,3.175854268607645,2.1286336352090807,-0.006857438346719511,0.08263368918880593,0.08291754863148301,0.872,5.49943899121568,3.3290233289302456,-0.012072020529024187,0.11011345168898222,0.11077296853977756,0.9890000000000001,4.748450880515297,2.80101308217863,-0.014825800088581644,0.11391798490261128,0.11487842433338503,1.064,4.639687592277533,3.088678934014381,0.12264294291963271,0.03342646470728353,0.12711654057998042,0.279,2.1555023347068043,6.264130985052169
c6,13,c6/c6/c_6_013.csv,300a37097f8c00e08d8f1ecc541de62a34f4bb1e05c8694027a16e2c998ad0ff,219649,50000,4.39298,4.39296,73.19861618,75.21507024,65.86080262,71.42482968,75.21507024,1,2.5589540767315127,2.8997360567784387,3.8673863117628993,17.250999999999998,3.275597258404075,2.6240431882402024,2.8126228391661243,5.843166822025922,6.484850831267731,48.864,4.062082642362086,3.728582279060614,1.9850415025791148,4.367028895826481,4.797003681395617,22.673000000000002,2.8986844546165837,2.0351668955152777,0.021105773301949928,0.08346411418607326,0.0860911163136358,0.8200000000000001,4.866936542831603,3.379441546863536,0.02792775746759603,0.1114897279691416,0.11493416589378233,0.887,4.0283930926847855,2.7848605185333692,0.03744699497835182,0.11690345858669081,0.12275436384538847,1.138,4.952980741000686,3.296693671305799,0.12696739798496692,0.03614234637298392,0.13201130029411176,0.306,2.2801078341732373,6.7362748014971485
c6,14,c6/c6/c_6_014.csv,bdb2fff38496bbf8809b0e76307d635261e39191bd9c93b0dfb58dc8c969c7fd,218883,50000,4.37766,4.37764,73.70270453,76.29581591,66.95233827,72.31695290333333,76.29581591,1,2.721143505891275,2.9152844180531594,3.9879150428974577,17.68,3.3112540909110697,2.5527636291986004,3.2895217856114916,5.781400472952467,6.651721002972103,38.708,3.988591822799768,3.751243201049196,2.329021481796211,4.663961970390659,5.213135615361718,24.357,2.9592554535778333,1.9701675424275722,-0.002546081696614173,0.0837278052564611,0.08376631708061116,0.85,5.133328227695584,3.351495457608252,-0.006136419913835245,0.11358767569711269,0.11375305171364425,1.0190000000000001,4.80866220079078,2.9206850637285493,-0.0073958004961554805,0.12064925576761255,0.12087544945052496,1.478,6.361920501604888,3.8587293793120154,0.12183571131609126,0.03291841302101133,0.12620442748584396,0.297,2.3137064666986658,6.737548071451656
c6,15,c6/c6/c_6_015.csv,9de890aa04dc0c652e304da796bf9d2666f38f49d67271ac3e0ede51299c4d2f,219028,50000,4.38056,4.38054,74.18024756,77.37656158,68.04387392,73.20022768666666,77.37656158,1,2.7947465164271232,2.933711906539142,4.051818646834082,19.586,3.5443343475456563,2.571510757210177,3.3411603128367147,5.769344602166991,6.666973631732577,39.63,4.086111855960723,3.7990679025144387,2.415610241612945,4.7732978102349835,5.349714085785444,23.761000000000003,2.8450118559495694,1.9808638049597502,-0.0009417426082509995,0.08434113054698196,0.08434619555046305,0.835,5.406290076559317,3.2947803701295535,-0.004145826104425006,0.11509260127267694,0.11516698426247146,0.9770000000000001,4.419669432690561,2.8625239285605826,-0.004491421188158592,0.1204174846008645,0.12050094297811673,1.413,6.381692798367996,3.6649294787869375,0.12012771883046917,0.03434726274798075,0.12494157796131916,0.318,2.5051708575099165,8.091706147197513
c6,16,c6/c6/c_6_016.csv,3c52fe2bc8f4efc2f8731f36b94576324656064e45f7ab0ba121fb6e9f452948,218964,50000,4.37928,4.37926,74.63595243,78.45730726,69.13540957,74.07622308666667,78.45730726,1,2.851557214884639,2.9648210285303613,4.11357534714553,18.448999999999998,3.314877897997473,2.5491824061508486,3.4934963464313764,5.776811309939711,6.750993499228223,41.611999999999995,4.277444498102573,3.8165497051872417,2.5417628240258674,4.851560434148926,5.477051159549885,23.945,2.8400318979818224,1.9864398245490245,-0.0002594718766555233,0.08474881404270218,0.08474901772726397,0.796,4.9676091981956185,3.2640579949353294,-0.003913465227160629,0.11574024284211454,0.11580612179468418,0.9490000000000001,4.533439095135115,2.784364052924116,-0.0042842476388812775,0.12125037128542351,0.12132576054908452,1.321,5.852013593706315,3.5359431354762636,0.11835008951243127,0.03279177020426986,0.12280895313402979,0.287,2.2962495225591097,6.83565833951174
c6,17,c6/c6/c_6_017.csv,9ca6f0045cba192005d7323e6beb34517b1039716bc6d75c4e3bc2808d68221b,218912,50000,4.37824,4.37822,75.07415974,79.53805293,70.22694522,74.94638596333334,79.53805293,1,2.9299807639599473,2.985646610925897,4.183160556631631,18.529,3.1911278133557692,2.562930940291338,3.583081809128782,5.807270153330553,6.823687260575269,41.194,4.1448265314573645,3.8625879385571946,2.659738287531063,4.955416493457668,5.624077542865661,25.080000000000002,2.985200661270653,1.9816044364325205,-9.729937143692422e-06,0.08350795034189848,0.08350776017446138,0.815,5.304896204550338,3.287300505832731,-0.0033495833942406086,0.11621324110010832,0.11626123783139167,0.9870000000000001,4.825339988325194,2.743872622961205,-0.003629878672708669,0.12110323658800452,0.12115734784295881,1.277,5.75284959937745,3.525199423389751,0.11567481910539394,0.03205919347914184,0.12003520719604915,0.276,2.2576709478027186,6.967187396429036
c6,18,c6/c6/c_6_018.csv,29aa160a9c8167e5e009fa625ebb62c9fbe548aa97f56ad5fecef84957f7656f,218938,50000,4.37876,4.37874,75.4988597,80.6187986,71.31848087,75.81204639,80.6187986,1,2.9975040787802936,2.994802331792975,4.237196094542685,18.835,3.2648949190285435,2.574309412536395,3.727211018644548,5.83260168035336,6.921790877812637,40.345,4.0437511756849185,3.860011205260505,2.7820227598680907,4.995013042037295,5.7174900058184965,24.954,2.8927029138955764,1.9417159212028476,0.000549338168796646,0.08236891680469645,0.08237056051251156,0.8380000000000001,5.645220781633136,3.330049204215066,-0.0032701586750586912,0.11620800229328,0.11625373995628467,0.994,4.576196862140091,2.7543318973214173,-0.003329285003060226,0.11998009695956176,0.12002600574387332,1.459,6.898504993716871,3.6515277243783903,0.11477768135271173,0.03143169428272491,0.11900362612003121,0.269,2.2184197961641976,6.300266925775366
c6,19,c6/c6/c_6_019.csv,770c018815b4bfc7a74edc98d87688e8da3e6914bfe409da07f2dcdb4f4ebdbe,219042,50000,4.38084,4.38082,75.91370798,81.69954428,72.41001653,76.67442292999999,81.69954428,1,2.6456793172085717,2.9206480423029872,3.9407822945914757,17.09,3.141000713738533,2.581351657864391,3.050539604276805,5.807214446778852,6.559678158872296,39.425000000000004,4.098981588545259,3.6486531449805533,2.152672145068069,4.5572878237286005,5.040116551788024,23.343,2.8463627482802227,2.0087092839954557,-0.010586115904712338,0.08290340724041842,0.08357636869707294,0.918,5.551808570216697,3.4432971614858157,-0.021978186831749166,0.11216933760458069,0.11430198403441744,0.948,4.654337407125056,2.7768790528451364,-0.02776852841007661,0.11805338126383434,0.12127501132814156,1.271,5.34322770126704,3.5125174344308108,0.12525132622967283,0.03653759172718712,0.13047177563294307,0.336,2.536947155001585,7.888422718007317
c6,20,c6/c6/c_6_020.csv,899e0f18bc1e61fd1f0ace7305ddee52744131830fd8b28c4092274ba8ca3c28,219051,50000,4.38102,4.381,76.32204104,82.78028995,73.50155218,77.53462772333333,82.78028995,1,2.63267837626854,2.8990174226332583,3.916025929782589,17.657,3.4256667960175577,2.5966801407895335,3.1838003159081674,5.766996105742211,6.58746360190718,39.393,4.088219932206234,3.7271012157029753,2.239359336410242,4.526816413543742,5.050416173960392,23.31,3.0286612970363023,2.0031575459133375,-0.006333611807296018,0.08154042044158354,0.08178584505514061,0.946,6.003483850646334,3.443596839816253,-0.011377980470301438,0.11067925782016665,0.11126230551548323,1.079,5.3387353178416666,2.902542698970145,-0.014244888176725966,0.11814138888410994,0.11899681041569146,1.387,5.941335717572912,3.7781693689702105,0.12434511141241082,0.034867926738679146,0.12914129276509315,0.288,2.19139822701616,7.253433318050591
c6,21,c6/c6/c_6_021.csv,7aef8131cabf87093867951efa49a513030c4da549827d4b687ed95b5e9faf64,219189,50000,4.38378,4.38376,76.72689103,83.61749165,73.83660575,78.06032947666667,83.61749165,1,3.8260912819530177,3.2917532814945356,5.047233373732925,19.067,2.8720685030022266,2.4371139070032393,3.030921834581115,6.145848782295963,6.852574122072629,53.197,4.648034363817483,3.9847034790072873,2.9918177873889658,5.070005108388347,5.88691839581797,25.325,2.8111481911752514,2.034070574879443,0.019038615076486503,0.08775464291193592,0.08979594135109434,0.871,4.855453302675205,3.358022882791667,0.025546336723101984,0.12141837443340114,0.12407646719290193,1.084,4.55364351341172,2.9826182534026553,0.03391703507019057,0.12205036189368558,0.12667512836145264,1.387,5.825926600952031,3.820330924193681,0.12057742861183729,0.03407573005540259,0.1252999057140262,0.325,2.5538726320380536,7.632138157305357
c6,22,c6/c6/c_6_022.csv,1b25625c8d609e003da244d2ad6cdd34eff27e92d33ae41145edbd5a34413562,218952,50000,4.37904,4.37902,77.13100039,84.45469334,74.17165933,78.58578435333334,84.45469334,1,4.0464861065439,3.319665841187554,5.233945049014766,18.926000000000002,2.757575760700212,2.43149646861128,3.5483895191640173,6.135111368178964,7.087347019281088,46.794,4.594384882159044,4.13931309777624,3.3800571312433774,5.439864341711491,6.404434019741057,25.95,2.7718296332324064,1.986820324842011,-0.0022393264277101826,0.08738517011279666,0.0874136583292415,0.87,5.399613847783638,3.2828935950891993,-0.005880503489349264,0.12353049949542935,0.12367010524869212,1.1139999999999999,4.9567354921166995,2.7593238926186814,-0.007054336110197668,0.1215164811165775,0.12172079280183365,1.4449999999999998,6.087702708331664,3.532025594254479,0.11729560360261611,0.03120520366394228,0.12137552847597029,0.299,2.4222345615426555,6.494383034977495
c6,23,c6/c6/c_6_023.csv,3465c34961b9a7054b9fca60b79fb2b301f56c3a738091d3daa9b8ebcbfd7c83,218993,50000,4.37986,4.37984,77.53683587,85.29189504,74.5067129,79.11181460333333,85.29189504,1,4.139381971113232,3.3422566149971153,5.320254822277863,19.232,2.751747893483774,2.433093691678181,3.609749462311581,6.158471282363825,7.138409243608237,45.756,4.409525837732636,4.26444321373183,3.4664152644148447,5.618433826139481,6.601718662502669,26.152,2.695207249751959,1.9849944694682502,-0.0006515916033845832,0.0863675995894256,0.08636986030064728,0.908,5.360666306375052,3.3641699462722148,-0.003899047001502331,0.12438417567202428,0.12444498815582297,1.041,4.580337130863625,2.7809673808027,-0.004279652774289589,0.12131863049783623,0.12139381502017285,1.787,8.460068577870596,3.643314449151635,0.11443437461471372,0.029412824217356432,0.11815386735728202,0.259,2.1497391975493856,5.979812500164083
c6,24,c6/c6/c_6_024.csv,1672040c2fa3ee713196d8ee2dd05d840c8778fdf1994fa6c1dfbe8202e6700a,218941,50000,4.37882,4.3788,77.94660226,86.12909673,74.84176648,79.63915515666667,86.12909673,1,4.1868618897328505,3.3405534613400225,5.356216849824197,19.169,2.7493285676966837,2.4211218453589907,3.772941559598248,6.166695488947747,7.229318610651666,45.991,4.432921237249386,4.294947262714642,3.606883918498591,5.674537482529003,6.723826304184928,27.034,2.7530455372529037,2.0034165354981517,-0.00018504985361353078,0.08602871359031306,0.08602871614816196,0.933,5.974749165322535,3.407501866750219,-0.0037974157421405766,0.12507413890850633,0.12513148740058647,1.109,4.667090691013898,2.844682001066651,-0.004216912318843889,0.12158281384751582,0.12165564292271822,1.545,6.707457051691093,3.7907642066049765,0.11456808455245933,0.030472048655795482,0.11855120204461504,0.28300000000000003,2.3449783317707626,7.023398942938386
c6,25,c6/c6/c_6_025.csv,abc72c6826e5ec07ced4cd89906768cdcdefc855fcc4bcf5df1b79910e5406af,218990,50000,4.3798,4.37978,78.36225568,86.96629843,75.17682005,80.16845805333334,86.96629843,1,4.254494433535778,3.3633655510629406,5.4233660266200685,20.336000000000002,2.8991220439161167,2.4181261225961452,3.8765106123567286,6.140411447424156,7.261667514844365,45.088,4.383841581141612,4.336088352449943,3.7283843737156945,5.794196775136973,6.890095282367326,27.625999999999998,2.739294483822464,1.9905566768395777,-9.318233709301811e-05,0.08733695948353941,0.08733680978432488,0.9410000000000001,5.564663985324854,3.387006891854653,-0.0034965888853372294,0.12627175212152847,0.12631986664084233,1.064,4.385691773845478,2.8957354134586124,-0.003913904744508883,0.12219881271998662,0.1222611970015458,1.5350000000000001,7.06683740376823,3.732985220488652,0.11379869400429242,0.02958592256118636,0.1175817399674392,0.275,2.2962749154313293,7.150856810689578
c6,26,c6/c6/c_6_026.csv,e5ede5893987929ad95056513326a3b21cbfa63bb73c0de293c84043f3b7ec0a,219009,50000,4.38018,4.38016,78.78551648,87.80350012,75.51187363,80.70029674333333,87.80350012,1,4.324200416421243,3.35877190128496,5.475400114635297,19.343,2.6894838170161495,2.4221014786288864,3.9481637786574977,6.187276963644268,7.339633413847546,46.788000000000004,4.447769821638409,4.308262045715939,3.8043593961891977,5.859677885283804,6.986330836462827,28.141,2.8663114399744973,1.9867245633698918,0.00011224196265906903,0.08942536659362567,0.08942523287448223,0.946,5.524167889988961,3.3263753122109847,-0.003421069453766741,0.1290661900764416,0.12911122753611604,1.0859999999999999,4.36058126581217,2.8601096347031567,-0.0037834472555922367,0.12424316214927292,0.12430047196694614,1.538,6.3475221575169085,3.7461972774679193,0.11324483925318138,0.028296313858596676,0.11672648088387652,0.261,2.193161295204963,6.827907914628487
c6,27,c6/c6/c_6_027.csv,4be8944a274d8b004ef07f9b00011ea0dd0074d4ddfb34ea6d5dcb646238c0f5,218930,50000,4.3786,4.37858,79.21788179,88.64070181,75.8469272,81.23517026666667,88.64070181,1,4.383366043940986,3.3880245507035704,5.540086262900939,19.014,2.6438216491471085,2.409557653298846,4.006251468505915,6.179513485373407,7.364527365826165,47.237,4.504566057278611,4.34487853235105,3.890148654821176,5.962282379168296,7.119122512663223,28.68,2.913420855324052,1.9786744531803935,0.0008319965285707759,0.09189459843430405,0.0918981548639609,1.029,6.017531046391732,3.2585666216616183,-0.0028023021056958848,0.13113494088191907,0.1311645800886797,1.072,4.277069309570547,2.8069073375973783,-0.002596852875348285,0.1270570355629166,0.1270832805397928,1.4769999999999999,5.81508438294211,3.62098127900643,0.11161729776640936,0.028863049379141175,0.11528873741577489,0.28200000000000003,2.402663141335593,7.60836984887733
c6,28,c6/c6/c_6_028.csv,89a29dba92444659e369218aa5f51e9032c562208938de39611f52d0471b8fe0,219015,50000,4.3803,4.38028,79.66063762,89.47790351,76.18198078,81.77350730333335,89.47790351,1,4.4575265940688995,3.4118242928139684,5.613380014958355,20.232,2.7297278928502546,2.4149039103822036,4.084869725817867,6.213981170154741,7.436366475260758,48.791000000000004,4.5141669808335925,4.366494178202054,3.9922265324292856,6.034538603557039,7.2355623536741005,28.901,2.8686090984290176,1.9762703342135834,0.0001743898819715544,0.09335037639372133,0.09335032617036976,0.9770000000000001,5.516852710938526,3.2365233087520666,-0.003591740291760838,0.13282257171122527,0.1328708229954849,1.086,4.229672002702185,2.769252010163919,-0.003912115608519964,0.1276392902207334,0.12769893762265258,1.451,5.763556171272646,3.459355429250428,0.11144158162682921,0.029138750375240483,0.11518805932981126,0.299,2.5523478884057496,7.244918422782221
c6,29,c6/c6/c_6_029.csv,455c458cd237c5c675b2ca2dd9541264d45286ba30fb7ad99299ae772862838b,219015,50000,4.3803,4.38028,80.11487062,90.3151052,76.51703435,82.31567005666666,90.3151052,1,4.478762760541516,3.392691684747378,5.6186849153391725,19.826,2.7661277032228466,2.423553345142484,4.092207063443143,6.151034164091087,7.387909527476258,48.456999999999994,4.7206858544075585,4.393430686749031,4.044110380567541,6.059726343608468,7.2852552782036035,28.785000000000004,2.871141669198682,1.9755290827175653,0.00022366504577312038,0.0926641841532814,0.09266424253766446,0.902,5.0289085329822765,3.2685177109069086,-0.0035702668766979433,0.13259424306035297,0.13264199871915738,1.062,4.14649964046843,2.7513386741625125,-0.0039704951715635916,0.12734180147542,0.12740339553803648,1.517,6.12228580491114,3.520502224195809,0.11056886058032556,0.02878579594242177,0.11425450185733178,0.262,2.249364321074305,7.049492004221464
c6,30,c6/c6/c_6_030.csv,0e08afce537c91cb0c9123e54acca2a1487d558ea4b9b826bcd4e9783109e2e5,218962,50000,4.37924,4.37922,80.58147952,91.1523069,76.85208793,82.86195811666666,91.1523069,1,4.573043482430741,3.428379651037716,5.715457990771788,19.91,2.624461595941933,2.403974323410733,4.18378622774728,6.167878889079559,7.452960716963318,47.742999999999995,4.510153920909958,4.436536850357814,4.148098610717842,6.2084949869667625,7.466723247211397,28.141000000000002,2.720738311492536,1.9633316795915259,0.00031025931440158567,0.0917313237888566,0.09173163900877224,0.964,5.26535887965341,3.3542725417078185,-0.0032566335711219302,0.13315823991169162,0.13319775351161625,1.241,4.752332402849389,2.7970396974384415,-0.003610631068404563,0.12757305857595205,0.12762385201714369,1.67,7.349723309354419,3.6849701174525538,0.11056605712406718,0.02749540442656293,0.11393351921143029,0.246,2.1152686379569134,6.584446211690287
c6,31,c6/c6/c_6_031.csv,357dd031d2fd0e4e895080e7b798d9dcc371e0e2e9905a02afdff036d8d02796,218988,50000,4.37976,4.37974,81.06118616,91.98950859,77.1871415,83.41261208333333,91.98950859,1,3.9069982373463383,3.2627424034674433,5.090193965441201,18.968,2.80382242737639,2.432767423107471,3.2629718523389406,6.1031967449431335,6.920681015659829,46.464,4.571515422891309,4.029462574516518,3.1436050605512627,5.239048437842364,6.109808178026298,25.954,2.8478799158668293,1.9872360345644917,-0.009898720477834402,0.08814381627331384,0.08869769746715285,1.017,6.426322399305645,3.2628227041387996,-0.020735387327159478,0.12270965161065134,0.12444896996687081,1.1139999999999999,4.652509379178741,2.83635154165119,-0.02600343854457779,0.12122272604329991,0.12398008316503296,1.4609999999999999,6.00902968429463,3.6239740778459932,0.1195729766014576,0.03220454373095164,0.1238338589975558,0.279,2.2126420206722957,6.557483270609996
c6,32,c6/c6/c_6_032.csv,9c8c3d123cdaeb5ba0fa9caa1aa8a9f75961dcb67f06fd863f42713868664b97,218973,50000,4.37946,4.37944,81.55454615,92.82671029,77.52219508,83.96781717333333,92.82671029,1,3.931773794029401,3.250563076987729,5.101466184503811,18.595,2.7974310686111226,2.428182900026747,3.3850588931055423,6.084480711047601,6.962712127240993,47.031,4.629374216677902,4.067131185702308,3.24039648267138,5.260406177479025,6.17834250797116,27.009,2.9684336820657222,1.9963183312951807,-0.005867029268448623,0.08810120623626357,0.08829614445851704,0.878,5.039857660025781,3.240441056000104,-0.010491439583875639,0.12250148045623889,0.12294964207641088,1.002,4.457109355872939,2.770822306732439,-0.013283057728578409,0.12131670312868006,0.12204144733672692,1.492,6.825549992877859,3.5825974995710843,0.11726073534180013,0.030506088244520013,0.12116392706967406,0.261,2.112840068750742,6.374047743717342
c6,33,c6/c6/c_6_033.csv,0369120ca7c8f7c953fce42cf892327f515fd9a65c5915f27ca61274bdf8c236,219474,50000,4.38948,4.38946,82.06195924,93.25202035,77.98222132,84.43206697,93.25202035,1,4.637533767097697,3.1064873217791487,5.581840104426475,21.538,3.0176428713252608,3.196430112591605,3.2838993776028143,5.956768254451662,6.801979232999264,52.766000000000005,4.779197184591511,4.607099237953157,2.9337890866344076,5.803470816814048,6.502863866590507,27.344,2.8295225576738443,1.9079702253353301,0.01875072218121509,0.08918721850184468,0.09113678337300482,1.153,7.318669535110769,3.5518450095408927,0.025135797406526515,0.12836633711040465,0.13080385978737846,1.146,4.808726600441599,2.8697992027414716,0.0338009969290212,0.12641665016625056,0.13085718939697855,1.645,7.198687396091593,4.026513757851107,0.10887026709314088,0.028504060543935224,0.11253982771657134,0.244,2.1236926059804833,6.508930658561851
c6,34,c6/c6/c_6_034.csv,e98c812bd59f4454376c326694229c58eae271f095acbbc997871bb2a62c689d,218994,50000,4.37988,4.37986,82.58367929,93.67733042,78.44224757,84.90108576,93.67733042,1,4.779721143045015,3.0940603779857887,5.6937597519924825,20.915,2.967459242390301,3.1558958798761263,3.755934943423107,5.969062420204575,7.052417371252607,46.681,4.650603938118119,4.662982320034929,3.272411417664411,6.132648361362801,6.951106435206626,28.819,2.818975681447399,1.9047128203098145,-0.0025384302766285837,0.09301515077154603,0.09304956955419433,0.976,5.448708709014618,3.3023583803714467,-0.006139195594399847,0.1331389193071009,0.13328008333611122,1.107,4.666863828644335,2.7572794778772094,-0.007466816442459609,0.12716224625338435,0.1273809890889167,1.5710000000000002,6.30392341701379,3.795497125051581,0.10671243961021765,0.025864729961667506,0.1098022129501405,0.233,2.0764608824735737,6.2592477628182905
c6,35,c6/c6/c_6_035.csv,2d8fc7a23225af2f42b014caccd82118291c87631453777b54e4acb65859bc57,219017,50000,4.38034,4.38032,83.11982397,94.10264048,78.90227381,85.37491275333333,94.10264048,1,4.848348443271528,3.101631066786117,5.755567215989129,21.076,2.7993765680019176,3.159964776824621,3.8913021774565446,5.979074392496201,7.133820855684555,47.557,4.676736446698802,4.742938996954276,3.394666578393458,6.215705809334105,7.082272480272514,29.371000000000002,2.7715680319665856,1.909273649627962,-0.0011132469169059932,0.09275103662382721,0.09275750554298139,0.9690000000000001,5.455084168531601,3.281294605902922,-0.004684412625503957,0.13396403688514127,0.1340456077598454,1.077,4.177682576539843,2.7215919848779575,-0.004990242766543236,0.1273880307127465,0.1274854454373444,1.589,7.263574259973885,3.845617596823683,0.10467481976284947,0.02664604560650182,0.10801308437887361,0.246,2.231211166553239,6.878506119429839
c6,36,c6/c6/c_6_036.csv,1a03a7bd6d9b9c10156f0499fe136662c6bfeb32a441cc6792f68cc6762c9040,218936,50000,4.37872,4.3787,83.67038407,94.52795055,79.36230005,85.85354489000001,94.52795055,1,4.907601417765923,3.107054164055994,5.808467367553781,20.374000000000002,2.818815870682156,3.128013370821723,3.9223895384952683,5.9958765901105595,7.1648804295568596,48.168,4.681027175505056,4.643982271789566,3.4580544908101,6.3040369702227625,7.190190641776176,29.977,2.8538881682462587,1.9023046125529808,0.00018435067782365594,0.09075310736329519,0.09075308734356649,1.034,5.762889344139493,3.339220430210949,-0.003104350129718273,0.13381300977150595,0.13384870857702386,1.094,4.183828188956679,2.715178893681631,-0.0035535087879562987,0.12594825678449648,0.12599808870360996,1.508,6.523908485101083,3.7886085795167905,0.10305563269631306,0.026048998627996426,0.10629680456462315,0.28200000000000003,2.605910884476286,8.623095310971555
c6,37,c6/c6/c_6_037.csv,84fdba3a306c0c0806acf96336491ecf28bd81d5ba6ee6fbce547978a95d9838,219009,50000,4.38018,4.38016,84.23523251,94.95326061,79.8223263,86.33693980666668,94.95326061,1,4.942138592477936,3.1456309056157647,5.858300306476402,20.656,2.78920491357126,3.109315296598637,4.011060645909529,5.978689194513068,7.199525593991509,48.022,4.857681182380591,4.742923662782217,3.5643854636110848,6.3554240235710155,7.286705279101255,29.86,2.7646239594425714,1.896169649898479,0.0001932888602751485,0.09025925262362729,0.09025925352336647,1.004,5.594994200447988,3.395890239601556,-0.003122944719166792,0.13312037106793456,0.13315669364455185,1.094,4.130472039717122,2.7822156743656676,-0.003274801492176122,0.1247441557184108,0.12478684889987836,1.471,6.162508363497507,3.925067188179993,0.10322114616294308,0.025645949461667636,0.10635937540171014,0.259,2.388129857294329,7.517007551855393
c6,38,c6/c6/c_6_038.csv,06f5e780db9ef92a2108c2e6b2021a753a0851d4ce2547dfc632dbabc1cb1651,219897,50000,4.39794,4.39792,84.81413304,95.37857068,80.28235254,86.82501875333332,95.37857068,1,5.0094538442998315,3.14883321558538,5.916902343943777,21.427999999999997,2.944615102162915,3.0850767065191143,4.098708308890072,6.002059501108709,7.268009647131353,49.497,4.882079375610758,4.7866525179098485,3.66158804349309,6.462565839168451,7.427771825864862,31.092999999999996,2.9557989279569234,1.8972938379646398,-0.00018093471034166063,0.09062052452685955,0.09062049910353795,1.0030000000000001,5.6057956535815086,3.438665538885168,-0.003728277329840789,0.13444319575193814,0.1344945751262524,1.1,4.252959641406009,2.8599043100553967,-0.004331873558984433,0.1250594512554954,0.12513416940730576,1.569,7.032451681008421,3.969525335437517,0.10125737959135413,0.02543243135143237,0.10440240679570971,0.224,2.0976527909795233,6.46433355711101
c6,39,c6/c6/c_6_039.csv,8f96d21ad3c388ec1e796f91e4e199d900bf75e671bc1ee7abaa7f3a063f8a93,219372,50000,4.38744,4.38742,85.40674866,95.80388075,80.74237878,87.31766939666666,95.80388075,1,5.04690137301023,3.1844133875816114,5.967550239991268,21.185000000000002,2.777689224787198,3.070836362136334,4.110948840326023,5.989848213925072,7.264848136312289,49.464,4.882276867249757,4.795991734483353,3.7169682639534676,6.519765703679178,7.504865364400898,32.617000000000004,2.9458223334516607,1.9004045336734425,-2.6548511204711948e-05,0.09262315100935019,0.09262294370412524,1.153,7.373982867374367,3.4306250383359718,-0.003686418503728825,0.13576950997846782,0.13581923830340564,1.127,4.432361773780504,2.8533745269064488,-0.00427752858158744,0.12585264591362016,0.12592503140033962,1.504,6.090925620352328,3.8963941635394717,0.10191528089273016,0.025289224639135355,0.10500603052657768,0.23500000000000001,2.199873653366341,6.799495818837515
c6,40,c6/c6/c_6_040.csv,2b05d6f68111a3ff75d88b8e0c7b5d50bca2957d7ecf74358025698c3e3b2166,219604,50000,4.39208,4.39206,86.01264963,96.22919081,81.20240503,87.81474849,96.22919081,1,5.097851150252272,3.2049472805475587,6.021604989331191,21.313,2.750595568680705,3.0557066832535136,4.166919819311124,6.055646343493759,7.350775906784813,49.885,4.774870087877852,4.800335961762413,3.784773055135608,6.619095038575209,7.624744369623165,31.335,2.787372135998624,1.9171167247162022,0.0008140471029671592,0.09519016167839557,0.09519342567452989,1.1,5.798719775957113,3.4356036644765178,-0.0027471676290049367,0.13783270761618496,0.1378597682762655,1.111,4.236188753993022,2.844410607490297,-0.003176103349665762,0.12936569242863852,0.12940438092460715,1.567,6.5994674515505976,4.049754540887941,0.10278338736999326,0.025133703835867428,0.10581174278502271,0.229,2.1169673053689313,6.429166260645424
c6,41,c6/c6/c_6_041.csv,17a17c77f724dfec8f94add538f357be0933d5e3137a44a29d1eae7dfd824afc,218988,50000,4.37976,4.37974,86.63132132,96.65450088,81.66243127,88.31608449,96.65450088,1,5.155207362960528,3.2371966658503206,6.0873276036827715,20.718999999999998,2.740447218563949,3.036676784129748,4.247334643907429,6.029932279819261,7.375619895281143,47.983000000000004,4.619543914105304,4.80414893266589,3.8725116673059707,6.6468593697645435,7.69265132092027,31.932000000000002,2.974007145986582,1.8996139774204488,0.000509082689462436,0.09440114428876277,0.09440230142244754,1.0590000000000002,5.63545583088399,3.357669600498331,-0.0031291166639267906,0.13792208419731178,0.13795726082715074,1.152,4.21869785258493,2.7662066622897865,-0.0032230852832118646,0.1277508787975402,0.12779123908290604,1.506,6.268035318761891,3.738478849386182,0.10216717354375582,0.02671633654940702,0.10560251289231888,0.252,2.3389594928660626,7.103452950966196
c6,42,c6/c6/c_6_042.csv,d89c6311329849042cfc54b82e04f25008e6accb769e69d881d2f64e2ea29630,219029,50000,4.38058,4.38056,87.26217167,97.07981094,82.12245751,88.82148004,97.07981094,1,5.23746747690945,3.285279792786154,6.182562544099686,21.802999999999997,2.8195428474292084,3.0044643416752836,4.350896210090901,6.085550134815063,7.4809123235111725,49.96,4.765461545105723,4.826176101677439,3.982052025074305,6.7529834435489375,7.839599193512262,32.891000000000005,2.8234861825994932,1.9083265679798533,-0.00025944966191691535,0.09415441615242286,0.09415455868300435,1.345,8.666601080328727,3.4255902838720993,-0.00372291796976656,0.13925884149186135,0.1393082786878235,1.121,4.106001490993921,2.738428788816377,-0.004055061201941295,0.12794793424334197,0.12801188482501102,1.599,6.694690896642113,3.7863933312396116,0.10224141552031922,0.02565162295685684,0.10541019781655199,0.256,2.38117378772803,7.5215498609702705
c6,43,c6/c6/c_6_043.csv,b3aa42dd2924100a097e1af9d9a8b8756379c9a202294892d37f5dd34e49b377,218988,50000,4.37976,4.37974,87.90453839,97.50512101,82.58248376,89.33071438666667,97.50512101,1,5.27056764297587,3.3052986514241502,6.221240436256738,21.667,2.7518627796840054,3.0093932190062085,4.430361535791915,6.0888682788532735,7.53008970442286,50.004999999999995,4.593039572913139,4.862232829639821,4.072187987469633,6.770851359948101,7.901071686615916,32.573,2.88606418273958,1.9165714208106996,0.0006864074743821579,0.09285893572731646,0.09286126062056056,1.0899999999999999,6.439714429933076,3.4695616625626835,-0.0030448974373025006,0.13852954590188793,0.13856268926311915,1.174,4.40955644877649,2.781088311431876,-0.0031591731053756365,0.12710609465166442,0.12714505848345609,1.686,7.322345131652445,3.8701371770145787,0.10248844685553546,0.02665508562912433,0.10589793238923564,0.23500000000000001,2.1719026501350194,7.32141212067035
c6,44,c6/c6/c_6_044.csv,d67425b372f83de4a983b9665da85827fb6da46d82c5d5458153e7bce29e39ca,219127,50000,4.38254,4.38252,88.55769588,97.93043107,83.04251,89.84354565,97.93043107,1,5.302645000387903,3.3308853944773236,6.262011727828938,22.607999999999997,2.852437966639328,2.978729147375948,4.475577071743784,6.074256772544365,7.545012729211293,50.233000000000004,4.845319857243175,4.916317979847568,4.125019308437572,6.788799193340246,7.943762865160242,32.385000000000005,2.9071864797583116,1.913433152514949,-0.0005188817443765489,0.09298119101763086,0.09298242665699871,1.1099999999999999,6.183964224993908,3.5449991455079792,-0.004145349500517964,0.139126654824999,0.1391880802077073,1.221,4.655571073564661,2.8619749746715972,-0.004685296654451527,0.1279947655696202,0.1280801985267489,1.646,7.151769052018592,4.008947659052635,0.10168217974051579,0.025476095258206242,0.10482506448598804,0.229,2.1368935101389046,7.016745201749784
c6,45,c6/c6/c_6_045.csv,6b829fe58825b802d007f4509b249da2832f215f9a4d62d42bc77a823cb73452,219051,50000,4.38102,4.381,89.22086191,98.35574114,83.50253624,90.35971309666667,98.35574114,1,5.372650008445521,3.3748817677408183,6.344694087443897,22.467,2.7905206706558263,2.9521319658263834,4.550471707501906,6.081207876221307,7.595242798652681,50.732,4.84842959945038,4.925436423594564,4.227293936115333,6.881827409910878,8.07646867874944,32.864,2.966519273830677,1.9150996506166893,-2.3738764032119542e-06,0.09546767802473652,0.09546746014201343,1.3130000000000002,7.059997186448509,3.5571393207363458,-0.003712272484489914,0.14113953250162373,0.14118802237573436,1.213,4.702948513811892,2.9009455804053506,-0.00397123500919877,0.12898120988291828,0.1290420368092475,1.624,6.741989056527768,4.02058733077482,0.10144480965619879,0.024943331118691504,0.10446634067096772,0.231,2.1633762468221285,7.165874595645485
c6,46,c6/c6/c_6_046.csv,b6e9e7b485ece543b98d6ad18c310bc348237f9f267f257a826cfcb3b6f41b16,219153,50000,4.38306,4.38304,89.89320394,98.7810512,83.96256249,90.87893921,98.7810512,1,5.447568046068271,3.405012286542343,6.424177253460038,21.655,2.649055175249744,2.9215011112549214,4.634384288602027,6.1386431500497665,7.691572369158625,50.032,4.7099602345629155,4.917801487185269,4.301929305097352,6.992876298927406,8.210157827040605,32.163000000000004,2.8284474536551625,1.9097703907749,0.0011333041299913756,0.0970312067975994,0.09703760358615796,1.005,5.255694505555057,3.409757969326272,-0.0022773404881521126,0.14331303713156288,0.14333080329560324,1.258,4.716362320288041,2.872526982307598,-0.0023325028632964185,0.13027172389321054,0.1302923066720942,1.3860000000000001,5.817688084283085,3.8309318998606665,0.10126868899809721,0.025386968648148146,0.10440231131385894,0.234,2.1934380294663196,7.484053173980987
c6,47,c6/c6/c_6_047.csv,8e61e431b708dc0824707a126bf430d5c6d69247267596bf94a57c5c4b3b8a20,219010,50000,4.3802,4.38018,90.57384526,99.20636127,84.42258873,91.40093175333334,99.20636127,1,4.6915356239441115,3.0500643782218,5.595833873964777,19.957,2.8238865477262496,3.1980307314623992,3.4898790420528742,5.959602609876748,6.90622594661924,45.985,4.678242537925654,4.628309387482,3.064912067942103,5.984221268022491,6.723423730230436,27.914,2.788757744911218,1.9014367340969371,-0.008698169033377471,0.09062754955232484,0.0910437992408651,0.907,5.041529503680657,3.4220304710538576,-0.01911633715355463,0.13029723102728907,0.131691781219849,1.1360000000000001,4.3966297261436935,2.841915975485302,-0.024265476462262,0.1267409654938845,0.12904267641883513,1.661,6.842697505234919,4.073255773231333,0.10805751792155611,0.027760596116800932,0.1115664571335636,0.245,2.151184201472671,6.596320979594962
c6,48,c6/c6/c_6_048.csv,7b3efa4d8261b63a712fdaf99094419a5b46c6713f946fc50684417fea45d1e0,219042,50000,4.38084,4.38082,91.26187086,99.63167133,84.88261497,91.92538572000001,99.63167133,1,5.455206608778225,3.420118304240966,6.438667172465814,21.461,2.644180782135372,2.878850797147444,4.691880872161503,6.107369918542977,7.701528624477799,49.088,4.604150906782392,4.936692424057788,4.369315409830079,6.973014648309254,8.228829106024689,31.311999999999998,2.7511812079588562,1.9087191744171965,-0.0002235872572383377,0.09867312280700118,0.0986731508866116,1.1400000000000001,5.888126554990072,3.4453686326846085,-0.004178531971037517,0.14328360124574407,0.1433441899352599,1.16,4.1368959583769875,2.8312065536337934,-0.004837086038294025,0.1308991289211162,0.1309881717123752,1.6949999999999998,6.672358187570826,3.8989904077821023,0.1003157476648314,0.024871950155148287,0.10335308563315806,0.243,2.30278562601177,7.646408817482244
c6,49,c6/c6/c_6_049.csv,942f7b713fa3b7b4138577d59909641a2cb2523efc236d32a2e5557c09652541,219104,50000,4.38208,4.38206,91.956333,100.0569814,85.34264122,92.45198520666668,100.0569814,1,5.525875059332554,3.4621604067735654,6.520873802370148,22.088,2.703472039834964,2.867700943830048,4.722468667847233,6.151221136682619,7.754937723741447,49.93,4.6327902660018605,4.95566953185596,4.4450419800642615,7.062179975448255,8.344612428467318,32.196,2.8067211270472163,1.9101738665594952,0.0004616894260259963,0.09832395457827683,0.09832481415033675,1.2389999999999999,6.4073347653293515,3.449640987777832,-0.003135342120636774,0.143911151359621,0.14394497328016503,1.2389999999999999,4.334989863004715,2.79757896739306,-0.003480516101942457,0.13177970911731257,0.1318253635257985,1.815,7.1685749595149915,3.9986643350348534,0.10151930590039433,0.02549505678206598,0.10467169829615061,0.225,2.1018097879481017,6.928582126335522
c6,50,c6/c6/c_6_050.csv,b51e90112200be4de1efe0b41dc725b2ed2cbd3fca97d9fc7f02bea4aa780659,219075,50000,4.3815,4.38148,92.65625657,100.4822915,85.80266746,92.98040517666668,100.4822915,1,5.538822079196623,3.4775902253579405,6.540040412515372,21.741999999999997,2.6356106251292193,2.8391816678073196,4.797632696565103,6.099227523896598,7.7600055458688955,49.925,4.538785416042672,4.99370721078366,4.508128166153144,7.0876485882510325,8.399866235188018,32.506,2.8034970249110036,1.9051967630262001,6.0956293506790104e-05,0.09752563090309217,0.09752542736755847,1.159,6.203510369863309,3.5842341881485975,-0.0036332990984822558,0.14390320903886714,0.1439487405596418,1.238,4.362664081383906,2.813343948592185,-0.0038837384457377612,0.13075750381364043,0.1308148698876662,1.689,7.2239493936086445,4.0775820082030565,0.10119211229031153,0.024565822499053303,0.10413126557455557,0.231,2.170337590281079,6.912263104353118
c6,51,c6/c6/c_6_051.csv,5f03072908b1df215b160d452037ca4df6f67c92515f7bf533a43ae49697a023,219104,50000,4.38208,4.38206,93.36064421,100.9076015,86.2626937,93.51031313666665,100.9076015,1,5.60866878742515,3.52292191628356,6.623298857142977,21.843999999999998,2.633279937412237,2.832725137703398,4.854754322148386,6.169415453270212,7.8504874274343575,50.515,4.573091840710447,4.94836450907173,4.589612133963779,7.165568063943344,8.509387220992688,32.878,2.8242926753539326,1.907757200760714,-0.00035835037242588,0.09713442567950216,0.09713486503255489,1.235,6.9388061616609855,3.6526359528372185,-0.004189736380896742,0.14449542497555598,0.14455582464048577,1.264,4.5380392082539025,2.850395668281113,-0.004538812618665109,0.1299658035739323,0.13004473778995626,1.6480000000000001,7.166764421528029,4.221385182145955,0.10069888272236015,0.02487381164104974,0.10372544848436756,0.218,2.053497990245867,6.871390518641777
c6,52,c6/c6/c_6_052.csv,3b2ef47637ed16bcad68c2147400fbe47975558b01785bf63a59a9c4408539fd,219174,50000,4.38348,4.38346,94.06848117,101.3329116,86.72271995,94.04137090666666,101.3329116,1,5.621009147982881,3.5302303906453893,6.637636144849071,22.421,2.723710611047826,2.8015087557056626,4.920153193353226,6.133317746844669,7.862908011441331,50.627,4.672189976856391,4.991495575226104,4.659003139058465,7.162752105401411,8.544652941441555,33.574,2.8986548862476598,1.917755942591755,-0.00023683922363053995,0.09845593148182614,0.09845599173759313,1.252,6.794914034110104,3.7409811453523676,-0.00405347805852884,0.14521094827414924,0.14526718134313854,1.314,4.550236287979173,2.9357311238031683,-0.0046564692892405125,0.13170410284414838,0.13178609285413342,1.788,7.519761596520521,4.414975743631561,0.1006750070720067,0.02593439265594407,0.1039617559616027,0.264,2.4913007442434814,7.816284573959785
c6,53,c6/c6/c_6_053.csv,60a8027048d053ba5a8c465f66357208ba706c8c1b6b3ca6cfc2ab2a1ef05115,219165,50000,4.3833,4.38328,94.77873996,101.7582217,87.18274619,94.57323595000001,101.7582217,1,5.670914740036046,3.5751339799481525,6.703789871698302,22.858999999999998,2.6259772959650203,2.7687754716352777,4.960854593571055,6.136224317209328,7.890700562463615,49.647000000000006,4.5587840667938,4.966803545129374,4.740905892820478,7.2357379589575395,8.6505406540406,32.905,2.7799418512376293,1.9088338588388625,0.0010329021513471586,0.10119673569227185,0.10120177604805748,1.28,6.422812181589935,3.7164812781609893,-0.002613473866721419,0.1477455667740202,0.1477683428458219,1.371,5.034907921896861,2.9507549179068424,-0.0025679145849017864,0.13405562930428325,0.1340799162302233,1.7890000000000001,6.869037704488027,4.367153136707055,0.10206560354071133,0.02650982159400571,0.10545214488332248,0.232,2.1526352095650982,7.309987462215467
c6,54,c6/c6/c_6_054.csv,fe50be1ee9a97c11d47d8b45df6da56eb7ae2d2155f5635a8ef15bf7f5a99530,219123,50000,4.38246,4.38244,95.49038474,102.1835317,87.64277243,95.10556295666667,102.1835317,1,5.698632001204802,3.586185313952415,6.733132487880745,22.909999999999997,2.691763459670839,2.750439048173319,4.939810325707479,6.1001291516709415,7.849403283087185,50.784,4.686470891266526,4.989043898241155,4.778609931408387,7.253281373644975,8.68590602458619,33.046,2.7832444803766725,1.913359553436965,-0.00017134212291726572,0.1022305205185315,0.10223043083435182,1.339,7.2581128138087685,3.70958047222059,-0.0040449382310391874,0.1482806389362416,0.14833546125944957,1.311,4.537013565642768,2.8801804648974394,-0.004642146191864843,0.1343338353759773,0.1344137139373607,1.71,6.524631857197981,4.198881814850252,0.09976981421393463,0.02508141985352517,0.10287414922741137,0.223,2.1190940740427795,6.661711685998858
c6,55,c6/c6/c_6_055.csv,b9ad8b4463942c3cf96eab5e5fce2180e260a994e3f877d386b41dfaa4f07510,219075,50000,4.3815,4.38148,96.20237554,102.6088418,88.10279867,95.63800533666665,102.6088418,1,5.79344818441173,3.6630148455006575,6.854316769515529,22.828,2.644610777345389,2.7284334922748146,5.039988036060711,6.1308409209519645,7.936530616668353,51.649,4.733428473280446,5.053750051571192,4.87671662216136,7.3630878102187225,8.831601193512203,33.608000000000004,2.7492183430832875,1.914526531325597,6.497774734679884e-05,0.10204346633477912,0.10204325412615713,1.2189999999999999,6.124853674573197,3.584969102856982,-0.0036158667123131344,0.14942378935857142,0.1494671917222859,1.2469999999999999,4.315328284205858,2.824265812611553,-0.0037758758416067554,0.1353999439642063,0.1354522734381021,1.5859999999999999,6.356482457959282,4.182017085758143,0.099659481912587,0.025620362627103026,0.10290001127299132,0.244,2.3226430885992673,8.018928240993231
c6,56,c6/c6/c_6_056.csv,db231c0d557331711b20994122992c2689d1a52d2902c173f81848181a8cffc9,219185,50000,4.3837,4.38368,96.91367223,103.0341519,88.56282492,96.17021634999999,103.0341519,1,5.794120094897004,3.7020076721251676,6.8758000226961915,23.399,2.65001889814344,2.726649236720997,5.0870535939959405,6.152985886097785,7.983556654486527,51.318999999999996,4.74237255881728,5.0937805991864575,4.93393473549741,7.394288906730447,8.889261553200628,34.976,2.93477696025345,1.9207335252764237,0.0001252457969295344,0.10044874689400025,0.1004485958345721,1.1640000000000001,6.351507402360473,3.6172019404181976,-0.0036560850423158517,0.14857006726694405,0.14861470701233065,1.221,4.299709045262807,2.8136165705868845,-0.0037846020484978435,0.13232274132616267,0.13237655079748914,1.8690000000000002,8.143436231762333,4.082261489496251,0.09926002691790041,0.024426653823429054,0.10222138542677925,0.215,2.0543646432029834,6.989461950430764
c6,57,c6/c6/c_6_057.csv,b7ef49a530b942ce4820c7ac94cc81d7f61eceda06b695fc676c81db28b602d1,219287,50000,4.38574,4.38572,97.62323828,103.4594619,89.02285116,96.70185044666665,103.4594619,1,5.849143382872674,3.741799345342419,6.943592500002412,23.344,2.642436174068917,2.7001085242706964,5.151431233953677,6.143664330557085,8.017585861121688,50.995,4.539271624951248,5.11374041045514,5.0152301778035175,7.452248091336957,8.982665645232045,34.899,2.878989491691355,1.9218200682994877,0.0004268880508192465,0.0991494712447145,0.09915016415316238,1.21,6.575884221359654,3.6699858079660435,-0.0032736687537336913,0.14996153394998726,0.14999692003204018,1.315,4.406757151138882,2.8357047498029058,-0.003688786840989206,0.13131982666596026,0.13137132633559595,1.673,6.54632958339081,4.282290727312492,0.09952436760957102,0.02461564650225943,0.10252329997433018,0.209,1.9995454696769217,6.586947087607432
c6,58,c6/c6/c_6_058.csv,614ce475868383043577639ea1ef4b4c2793f5ff0c7eef26d5feba75bfe13881,218880,50000,4.3776,4.37758,98.33004431,103.884772,89.4828774,97.23256457000001,103.884772,1,4.738510444078948,3.095031525062188,5.6597400651498235,20.732,2.8305186838250886,3.1697453285997006,3.64775521747076,5.958243130342637,6.986173282599856,45.842,4.554281537683177,4.667906000736835,3.1831647066885966,6.086589172672475,6.868692455747986,27.587000000000003,2.649558138939585,1.91151042244335,-0.0063068302266081865,0.092663987698802,0.09287815401895809,1.049,5.814069042433556,3.3675137189404167,-0.011513326937134503,0.1324149473041866,0.132914238741368,1.1920000000000002,5.010749836185273,2.831199039075327,-0.014308200840643276,0.12855983919482789,0.12935331984560897,1.591,6.555687948420183,4.0015162887217794,0.10792403600146198,0.026426584618396143,0.11111236983707712,0.278,2.4569721661080313,7.199497063921202
c6,59,c6/c6/c_6_059.csv,30f49e4287dd685d6e065dbedcd0bf8da5c6c5852631d58f327aceff8884409f,219094,50000,4.38188,4.38186,99.03307145,104.3100821,89.94290365,97.76201906666667,104.3100821,1,5.884150615717453,3.767909967629296,6.987153153700954,23.081999999999997,2.677485320339765,2.6760103995596043,5.228643180552639,6.132076777956179,8.058591905144205,51.449,4.651184777836107,5.077550491916786,5.098791153568787,7.531941653685022,9.095469057261843,35.908,2.875937440424295,1.925824577123992,0.0007275279103946249,0.10109536426180836,0.10109775133106941,1.2890000000000001,6.4689866133453,3.7261300074456374,-0.0027522524578491433,0.15166743557794507,0.15169205950499431,1.29,4.55528128667308,2.905070340848387,-0.003207317407140315,0.13272058728033223,0.13275903274288814,1.72,7.155821945764298,4.240508148161765,0.10009303312733345,0.024881908442435523,0.10313933208333614,0.221,2.0942543997228227,6.9283727811102525
c6,60,c6/c6/c_6_060.csv,8d1f303fb3da61fcbd5db8f23b4da4cdf712c62356bb4e04693c1fb7e0f9e571,219133,50000,4.38266,4.38264,99.73131453,104.7353921,90.40292989,98.28987883999999,104.7353921,1,5.955284288537098,3.822575451191944,7.076540634802257,23.669999999999998,2.6470560923336572,2.639062716957836,5.303351667708652,6.171022081402684,8.136760943882846,50.331,4.547878480787871,5.001175366080863,5.180219889290979,7.610396008974254,9.206114338253483,34.962,2.728186841612139,1.9106054973355993,8.400377852719536e-05,0.10302002582871765,0.10301982501458845,1.2389999999999999,6.319172061375692,3.610479239596566,-0.0034098743685341774,0.15419945420149608,0.15423679979893065,1.312,4.36990394561255,2.8988672791820362,-0.003586584403079409,0.13442254433094736,0.13447007679552545,1.662,6.440094485235072,4.204446819425988,0.09914885024163407,0.025117008258164254,0.10228076910724246,0.211,2.0140638538218933,6.812789585559606
c6,61,c6/c6/c_6_061.csv,de5b35f7283ddb390a459345afeb554e36f8ea231c225dd96c57fdbeff3c8cff,219135,50000,4.3827,4.38268,100.423785,105.1607022,90.86295613,98.81581444333334,105.1607022,1,5.993530645492505,3.8398458282941865,7.118058604626861,24.769000000000002,2.6497393527695916,2.6349309145797584,5.376535227143085,6.179566383482046,8.191092569001116,53.215999999999994,4.72049359402066,5.091024969162896,5.258802409473613,7.672921132950883,9.3020671267315,34.385000000000005,2.7566990917867384,1.914752613812901,-1.4735208889497273e-05,0.10524052042307476,0.1052402813272381,1.33,6.755968256956571,3.573061960546652,-0.003513592077942821,0.15587699804396504,0.15591623702718685,1.316,4.367729833559639,2.840937499561084,-0.0039489127706664835,0.13630930809393035,0.13636618567724987,1.763,6.96653642750154,4.118406218726437,0.0987879708855272,0.025360987856785668,0.10199137199620105,0.226,2.16684995676136,6.78794465536088
c6,62,c6/c6/c_6_062.csv,8c2af3d58f41e9895ee7202ed09d1193d47dc248b47d50fe4a39e36e74ab4474,219116,50000,4.38232,4.3823,101.1095138,105.5860122,91.32298238,99.33950279333334,105.5860122,1,6.061027875645777,3.890671271644038,7.202313015257497,22.979000000000003,2.561954744387114,2.6078243556525713,5.436750652622354,6.216853212536014,8.25877382774107,52.574999999999996,4.693190636823819,5.063164417516257,5.343827155479289,7.772679671432782,9.432431405680282,35.559,2.808819789990215,1.9132336549088635,0.00032272860037605664,0.1041955296147514,0.1041957916505345,1.182,5.681611422326222,3.5119693445820306,-0.0031159112068493405,0.15615152862891932,0.15618225736450111,1.323,4.283457105109418,2.777766304712454,-0.003459446138118622,0.1355407779522824,0.1355846097928389,1.74,6.962442134415898,4.013290665485649,0.096990744628416,0.026072529053379784,0.10043394950141948,0.278,2.71820436570745,8.49009984203373
c6,63,c6/c6/c_6_063.csv,b207b0b54c1e6132d5e0a4faaca99ebe20a7e700be87a2c5003dbbc45332e174,219169,50000,4.38338,4.38336,101.7875539,106.0113223,91.78300862,99.86062827333335,106.0113223,1,6.106192139399276,3.976906229477955,7.287063430410167,24.075000000000003,2.560427829149526,2.581821471864453,5.511624184989665,6.195433690578227,8.292238819486661,52.129999999999995,4.667255833135289,5.103599980398189,5.425728593003573,7.855813614504565,9.54735862581148,37.364,2.8949368179464208,1.917839638898904,0.0001347453335097575,0.10432771201153197,0.1043275610197014,1.4769999999999999,7.208066522881628,3.7718492508017034,-0.0034510355022836256,0.15685339580490634,0.15689099772066373,1.327,4.251359285684185,2.814253619025683,-0.003848888300808965,0.13640425926083663,0.1364582390026358,1.899,7.570081568911693,4.144238644834368,0.0995137314127454,0.024755810544272318,0.10254672154265701,0.231,2.2038734793290233,7.177382929859575
c6,64,c6/c6/c_6_064.csv,6825d1c3ddd1c778ee2388b44a1b0262dbd00e5a1ce3198186d98affadbfccfa,219164,50000,4.38328,4.38326,102.4569826,106.4366324,92.24303486,100.37888328666668,106.4366324,1,6.165084735631765,3.9977636025101106,7.347809925140604,24.311,2.558857699308303,2.5690274508648696,5.5625500857805115,6.197168675884541,8.327465870273391,51.57,4.513738102989786,5.159636477623514,5.487006816812981,7.9525846318233775,9.661809228430739,36.209,2.7786721270588015,1.9209889172356245,5.177401398039841e-05,0.10369568605015908,0.10369546240400691,1.399,6.8083982040540985,3.9165083143170873,-0.003423381577266339,0.1571851562578285,0.15722207273630504,1.3860000000000001,4.859368577854784,2.8434656574916204,-0.003732195981091785,0.1360554971335399,0.13610636695167225,1.838,7.332500472621999,4.379804975800749,0.09909128323994816,0.026274668547949683,0.10251554746223883,0.242,2.311844455469527,7.610312966915506
c6,65,c6/c6/c_6_065.csv,1c88d8d5352b201110dc9fb860ebc20ea23c7f4ee3a7d0514b69a2900c24fc9f,219430,50000,4.3886,4.38858,103.1169041,106.4907197,92.79017713,100.79926697666667,106.4907197,1,5.849138823314952,4.019347733483451,7.097006943338112,22.570999999999998,2.433702001125002,2.3794087407446622,3.6743988561272385,6.235173157383213,7.237293284235155,57.342,4.95502926185336,4.43501946001089,3.540480057421501,7.530584096475124,8.321324259403498,35.191,2.885958923288188,1.9466802669648633,0.02077448844734084,0.10240133913245855,0.10448715633399194,1.359,6.766381867452521,3.7004718681115096,0.02691169849154628,0.15672760111028045,0.15902096881540934,1.466,4.697493705167357,2.9672848970145704,0.03595102766258032,0.13390649542799923,0.13864827511285377,1.873,7.241345045099097,4.256162769745325,0.10485019824089688,0.029482141757352757,0.1089162834134502,0.259,2.332066354447725,7.203004287368641
c6,66,c6/c6/c_6_066.csv,855577311ba9f24fe5fed230ed2b965fb8cf3fbc019a0e3ceb70087db91aa1e9,219324,50000,4.38648,4.38646,103.7664512,106.5448071,93.3373194,101.21619256666668,106.5448071,1,6.086770645255422,4.152813454111329,7.368484093808305,23.079,2.3737582625302247,2.2703172378850707,4.034998240046689,6.2287113004873005,7.42144718832935,49.464,4.5201426552968,4.469473574023651,3.907693024931152,8.037101423995274,8.936709101121838,34.641,2.687678397966972,1.931075727955819,-0.0021267166383979862,0.1068621466751053,0.10688306343281251,1.298,7.017014444682863,3.457043180720002,-0.005546397111123269,0.16457020663734517,0.16466326836300083,1.293,4.190369879449327,2.7596876822269922,-0.006639109263008152,0.13905725402848368,0.13921533501646965,1.968,7.283680349438805,4.040216047034651,0.09741848589301672,0.026181969521310355,0.10087543703107399,0.217,2.101601799600579,6.806966855920082
c6,67,c6/c6/c_6_067.csv,679503eed5d71a1a42b9102adb60e8f63d04bf134781288a4700f040d0ac3cc0,219208,50000,4.38416,4.38414,104.4047877,106.5988945,93.88446166,101.62938128666667,106.5988945,1,6.12706835516952,4.207156199298462,7.4324322511706775,22.817,2.267360055296253,2.2662171583415067,4.151325499069377,6.219218312469601,7.477432939853407,50.906,4.522140187948367,4.51936689268734,4.004337323455348,8.120375544215184,9.053999976068031,35.221000000000004,2.678816000012077,1.9339959638718125,-0.0005161171125141418,0.10547991672771213,0.10548093881954924,1.379,6.664711253685864,3.530353163724406,-0.0037512408306266186,0.16302655474718072,0.1630693353040114,1.3679999999999999,4.537946994267268,2.7629576482044245,-0.00423790190139046,0.13797065536980516,0.13803541109531,2.16,8.410885227112907,4.008814165325268,0.09796090014962956,0.027965456028397163,0.10187443801714657,0.267,2.5717933281349987,8.64869604466901
c6,68,c6/c6/c_6_068.csv,d520c83bc5cf3b59ec64d97667a6dede17a3e78c9563e2a75e30ee440fb957bb,219326,50000,4.38652,4.3865,105.0311097,106.6529819,94.43160393,102.03856517666667,106.6529819,1,6.212433938520741,4.267080767894196,7.536725462848081,23.221999999999998,2.3179828011670995,2.243122478498783,4.317199160154291,6.243932992562396,7.591095444479314,50.227,4.506727685116939,4.572114090548049,4.146537305198654,8.25608557716838,9.238853278260073,36.56,2.7215498766677344,1.9187670410633928,-0.0013899628862971104,0.10473721557447185,0.10474619948607307,1.291,6.463241657660459,3.5599479915566024,-0.005495777974339568,0.16404349521208403,0.1641351552886981,1.387,4.270870544259746,2.7875029165762157,-0.006243787786217777,0.13858334082618395,0.13872360893224595,1.7160000000000002,6.696769260477741,4.14587280949187,0.09770670143986578,0.02774820351096722,0.10157046221101419,0.267,2.579490083009478,8.381236499685764
c6,69,c6/c6/c_6_069.csv,a96b04a984913dc3129f8dd75c6c696ec986cf7984229d7df1367a980dd5dd13,219154,50000,4.38308,4.38306,105.6446474,106.7070692,94.97874619,102.44348759666667,106.7070692,1,6.254592884455679,4.317253589888727,7.599903003418866,23.546,2.328319189342257,2.237594524184413,4.391915484088814,6.219935818896562,7.614220030902236,50.550000000000004,4.632516509484213,4.589533912360606,4.237531840623489,8.261058218345195,9.284473468365373,37.021,2.7848644393349984,1.9226501767200836,0.00040512607572757055,0.10546441465766179,0.10546495215534936,1.508,8.135404060451952,3.6538240251207768,-0.0027065031895379507,0.16529935514711513,0.1653211338355748,1.4689999999999999,4.578966901793073,2.862714027721532,-0.0029772123712092867,0.13848674511976436,0.1385184278552487,1.9549999999999998,7.255352342362863,4.238692027427573,0.0962907681356489,0.02551370454252294,0.09961354414613877,0.224,2.1984962173287848,7.252393683679335
c6,70,c6/c6/c_6_070.csv,cfd5b34b1ab7fc27e7be3edcff342af0ac7301d1431a9e2113ec0c92f05d1c5d,219311,50000,4.38622,4.3862,106.2446665,106.7611566,95.52588846,102.84390385333332,106.7611566,1,6.34053022420216,4.392973532462058,7.7136536081278635,23.669,2.318486272336064,2.2267404967631275,4.47146541213163,6.254668843255904,7.688608904726317,52.307,4.7362273788715,4.63888209413765,4.333123915353083,8.40089636161705,9.452549959713485,36.205,2.7256137348975122,1.922847302806146,0.001396263753300108,0.10779789562472687,0.10780669212858919,1.432,6.910517197869147,3.663680988028363,-0.0020482419942456143,0.16739587015607324,0.16740801913446776,1.4809999999999999,4.432284688847555,2.889890086704879,-0.0020473847641021194,0.14069065263901323,0.1407052282952292,1.862,7.497944552468142,4.374217365744897,0.09740341797721043,0.027550798543380408,0.10122484316100643,0.23800000000000002,2.3018064807410408,6.9830427648477755
c6,71,c6/c6/c_6_071.csv,0b458f20d6cb8e95a02a45aea69e89947f77f747af53ed2300ff7c01afa9d447,219278,50000,4.38556,4.38554,106.8304699,106.815244,96.07303072,103.23958154,106.8304699,1,6.351756250057006,4.44147705668477,7.750576491013686,23.672,2.287829817634747,2.213850784154318,4.520383257782358,6.2635568826373245,7.72436603898175,50.525999999999996,4.532281331998476,4.693943864562871,4.408436204270378,8.440392843074145,9.522300994354817,36.492999999999995,2.6992425481233706,1.9284328228729337,-0.0011328040204671695,0.10741102048307365,0.10741674893612321,1.524,7.177651601227341,3.6826313586296666,-0.005159459681317779,0.16732157027616276,0.16740071752540683,1.543,4.946215358212741,2.8496109413236863,-0.005698533368600589,0.1405473686321708,0.14066252531295337,1.823,7.0878863988956695,4.273707991044804,0.09522535320460783,0.02523259793694155,0.09851166929883269,0.222,2.202784721287545,7.063841442397729
c6,72,c6/c6/c_6_072.csv,f86518f90c6eb4c4a59d5e66ae4896054f90e486c0a7c07d4d932b33809d36c8,219272,50000,4.38544,4.38542,107.4013983,106.8693313,96.62017299,103.63030086333333,107.4013983,1,6.443773245101974,4.525494470977887,7.874148870875401,23.872,2.3088209656847467,2.2039226851827354,4.586235511145974,6.277819565146524,7.774599341475917,51.514,4.6578606059878815,4.758090755995114,4.5059329326133755,8.589066234414679,9.699234708548857,37.326,2.755475127995803,1.932475218793376,0.0003863603196030499,0.1087528216937057,0.1087532600075077,1.182,5.6366126400043735,3.450522909050369,-0.002918480243715568,0.1702034048093325,0.1702280365282506,1.471,4.811193365694968,2.7843562338102488,-0.0032531650187894497,0.14188488466077767,0.14192185091814577,1.744,6.482440822524329,4.042379786540379,0.09397440165639023,0.025114770854545117,0.09727248842905573,0.232,2.333650589863949,7.372786844260109
c6,73,c6/c6/c_6_073.csv,2e66e3c7cc68e790171c54c9afd00a9a89f1bbc1509d291790847def33b450ba,219228,50000,4.38456,4.38454,107.9568315,106.9234187,97.16731525,104.01585515,107.9568315,1,6.496928421551991,4.5642132406293,7.939900905940438,24.531999999999996,2.30128816674895,2.1961279497237434,4.641948961811447,6.292294276343085,7.819237611326393,53.188,4.649174485673849,4.772590514137069,4.587769217435729,8.692496333577663,9.828874515427698,39.042,2.8361334714615585,1.9276041830540391,0.0005635822066524349,0.1078671633178452,0.10786838959148323,1.442,6.91583514711988,3.588323052255714,-0.0028799742733592428,0.16857478001555684,0.16859899490799352,1.362,4.175588356171287,2.806724928602409,-0.003118497637163136,0.14218508440662841,0.14221895456656294,1.7389999999999999,6.623589681634977,4.177289356513767,0.09604509460470377,0.02742836752811534,0.09988479419424494,0.246,2.4127796622509905,7.5668601967004925
c6,74,c6/c6/c_6_074.csv,2157e3c103e2ea7eb79f51f47f823459298882306efd68e67a2b4b14045526cf,219205,50000,4.3841,4.38408,108.4961893,106.9775061,97.71445752,104.39605097333333,108.4961893,1,6.58568786295933,4.643070429634673,8.057871263312101,26.034000000000002,2.300359411845577,2.1948583247708964,4.745968435938961,6.299631501570277,7.887293097653857,52.587999999999994,4.590675096221589,4.772222054833435,4.6962343742159165,8.772315631489217,9.950265713975151,38.150000000000006,2.6955059061719226,1.9302228072764462,-0.0002696380100818868,0.10648891209762738,0.10648901057153826,1.491,7.390433959110751,3.6480215927053634,-0.004092867407221551,0.16963320808875504,0.16968218992675663,1.4849999999999999,4.590935562160388,2.8133593598295716,-0.0042248853812641134,0.14038913563793703,0.14045237324403786,1.79,7.12697106413965,4.091121622794785,0.0948097990465546,0.02627493927065507,0.09838326727389794,0.269,2.6833831332824807,8.251794634380008
c6,75,c6/c6/c_6_075.csv,ab0b80b37f15805509fa911b913bd7245c5e7371040880021f58a45e05e1b983,219278,50000,4.38556,4.38554,109.0189324,107.0315934,98.26159979,104.77070853,109.0189324,1,6.6238437508550785,4.6966880024475515,8.119980519084077,25.633,2.445202910688709,2.1925574780302743,4.783725111502294,6.318584883483796,7.925172477593818,52.491,4.6907496467870935,4.828015324379283,4.758943701602533,8.832497672952934,10.032955921638822,38.952,2.7688749175190543,1.9402736966385152,0.0004412161730770983,0.10743794286681665,0.10743860385647343,1.315,6.608425412419586,3.749262543884498,-0.0030922983609846856,0.17066695362504344,0.17069457676349792,1.5459999999999998,4.950362313916809,2.9020687180350633,-0.003528917629675572,0.14203649368476132,0.14208000138759025,1.899,7.446508936284466,4.52686994503455,0.09528435593173962,0.02740347703592668,0.09914663692901698,0.245,2.420656992852168,7.891855363581291
c6,76,c6/c6/c_6_076.csv,e71e905ec7bbb88e834e31c128e696c200cde9d01affd297d004f8d7459f08fc,219223,50000,4.38446,4.38444,109.524563,107.0856808,98.80874205,105.13966195,109.524563,1,5.944941867413546,4.034434439356305,7.184630874675453,22.33,2.3821683115728787,2.3237628924354223,3.868651916085447,6.268008183643059,7.36574606021757,50.004999999999995,4.657097830900072,4.504443136498875,3.6933564087709776,7.744702980027798,8.580269937854363,34.745999999999995,2.792219845473893,1.9379883220952805,-0.00968458601515352,0.1057540331633048,0.10619630747079108,1.3039999999999998,6.525650622933449,3.5471578998792026,-0.0205592250813099,0.16137553088445097,0.16267951595581934,1.413,4.511938677020286,2.851643183130757,-0.025782805636269918,0.13760193693302913,0.13999628475137268,1.903,7.4216255227431125,4.338601136947388,0.10123393986944801,0.0292236926163188,0.10536759889044171,0.262,2.439079970563071,7.459599104104014
c6,77,c6/c6/c_6_077.csv,b9cb0b62716d13be46545d3e226d9b16daefdbadce163ff92861ce3ae9b5317a,219284,50000,4.38568,4.38566,110.0126251,107.1397682,99.35588432,105.50275920666667,110.0126251,1,6.649650138633006,4.725997659582184,8.157989886616438,25.73,2.29652160156948,2.1868488105597006,4.826391852574743,6.29010068718874,7.928382214536548,52.416,4.56133408070236,4.841386562811404,4.826853190383248,8.872829631931861,10.100755337096194,40.263999999999996,2.896912064836932,1.9405114693082015,0.0007576886594553181,0.10858807430736829,0.10859047012398237,1.47,6.934310157606536,3.650475110475556,-0.0028102506338811765,0.17101079911269643,0.17103349834849,1.4380000000000002,4.5078888489379185,2.902713547937546,-0.002958141040842013,0.14164415553952514,0.14167471864589914,1.8419999999999999,7.164298681523301,4.29103462485851,0.09463589682785793,0.02626019567817934,0.098211749300675,0.246,2.453881554050923,8.320637242529104
c6,78,c6/c6/c_6_078.csv,709fc2ed2c2f8d1626695d44e5e4a91ce38580d4adc57cbd57b58abc7ad257e9,219306,50000,4.38612,4.3861,110.4827052,107.1938555,99.90302658,105.85986242666667,110.4827052,1,6.714649594630335,4.7919711198725015,8.249206124521448,25.101000000000003,2.278401062634416,2.1776969907192414,4.895883395803125,6.277640398822112,7.961046633740552,52.232,4.5853267389853665,4.891001203215363,4.90642805030414,8.940310968010282,10.198128845697783,40.372,2.8759197342729035,1.9419551209922508,-0.00030612933526670457,0.11172392568335916,0.11172409036680073,1.601,7.930250289719777,3.6333170991552652,-0.003914539501883214,0.17428303964771047,0.1743265987311731,1.451,4.548932898202618,2.8589731430553913,-0.004227367240294382,0.14319293530071622,0.14325499592648483,1.8689999999999998,7.127151087449359,4.121478763326392,0.0947587252514751,0.026614065730279884,0.09842520650833135,0.234,2.326639771699295,7.638827823659981
c6,79,c6/c6/c_6_079.csv,f8daa0e8a4b7235069f0973bfa0ae736ce380c38c35ff385a62ffbaf2b48967a,219311,50000,4.38622,4.3862,110.9344325,107.2479429,100.4501688,106.21084806666666,110.9344325,1,6.803607698656246,4.8662294278277525,8.364756935266563,26.318,2.329296613252887,2.1737736284517966,4.989488165208312,6.285529627366924,8.025128952346707,52.168,4.561422030395621,4.886003198842346,5.00540542882026,9.065258257342649,10.35531825030784,39.644999999999996,2.7732609762279665,1.9379965782728525,0.001024672725034312,0.11026822462513955,0.11027273404603319,1.518,7.36356096567835,3.590604176208025,-0.0025077219108936622,0.17406133646427677,0.17407900325150205,1.578,4.61859262164096,2.8500272873190355,-0.002517776126140504,0.1430637650051927,0.1430855923176469,2.034,7.26138797883607,4.183697331736094,0.09499271354378029,0.02620610204856904,0.09854122122009763,0.248,2.465973092186925,7.75299728405779
c6,80,c6/c6/c_6_080.csv,d3fe34c891e59aa53a80e221a7384726f4f24bc52c48767add3fb29edc6bad8b,219364,50000,4.38728,4.38726,111.3674791,107.3020303,100.9973111,106.55560683333333,111.3674791,1,6.852416121150234,4.925063044457797,8.438705002188232,25.596,2.2979829245093266,2.16321313025536,4.997275532904213,6.288754886428772,8.032497773826313,53.993,4.576160620893665,4.8986792400651815,5.070982362648383,9.127735321461829,10.441744797490312,41.515,2.8749026702141873,1.948973679156389,4.298791050491605e-06,0.10878055506345845,0.10878030720279427,1.271,6.361445539126262,3.599254719499452,-0.0038375713426086326,0.17403392051291536,0.17407582937303942,1.371,4.164851620188729,2.7807808367915787,-0.0041478091209131845,0.1422782445104006,0.14233836763362,1.893,7.489196466998215,4.1236144648867175,0.09410401433234257,0.026406991533455347,0.09773889469623499,0.258,2.5885293749873544,8.359098244638785
c6,81,c6/c6/c_6_081.csv,19e450bcf8c754d91bed27a68fc16cb5357954683d616f828a2264840ac5c60f,219191,50000,4.38382,4.3838,111.7815604,107.3561177,101.5444534,106.89404383333334,111.7815604,1,6.905224598637718,4.972197233502682,8.509098618279447,26.233,2.306707311845542,2.171162278031149,5.058436044363136,6.279347966721688,8.063361967092204,53.663,4.662571288928234,4.9496928800462765,5.148325414820864,9.16426238418421,10.511354644858669,40.568,2.774523454430752,1.9463202383986855,0.0006308105716019359,0.1088196282300811,0.10882120834417212,1.38,6.579599793961901,3.760447125109145,-0.002995679567135513,0.1741038801377258,0.17412925338379004,1.544,4.582802627891398,2.8082179546453547,-0.003028491133303831,0.142000548128979,0.1420325154108615,1.931,7.371551485737707,4.318688586239883,0.09407474303233253,0.027619947361349574,0.09804547561459775,0.23500000000000001,2.3458502144871627,7.931228698290404
c6,82,c6/c6/c_6_082.csv,c53f03206da586417009906e26c173195800341fe41efc3582df11ff2bc0db51,219391,50000,4.38782,4.3878,112.1764343,107.410205,102.0915956,107.2260783,112.1764343,1,6.9214318089620805,5.03917398657686,8.56150553400094,26.347,2.255911641159009,2.161222190095978,5.106612253921081,6.269204255201923,8.085804323614687,53.114,4.651856326790876,4.857342060408155,5.212855180932673,9.197202301055864,10.571754998263204,42.109,2.859506298146938,1.952782492184162,-0.0005545441699978576,0.10920320317048299,0.1092043623001042,1.399,6.63892892856816,4.003742728659173,-0.0044305691664653524,0.17485274704559467,0.1749084724545625,1.5779999999999998,4.8139463353825445,2.8853698650118833,-0.0046547442693638304,0.1422711198557478,0.14234692103785698,2.014,7.980502786554,4.736549272335507,0.09448820143032302,0.027354990692578716,0.09836824850805995,0.249,2.4804751909352896,7.394585625880786
c6,83,c6/c6/c_6_083.csv,3596476af17baaf17918e13958e295dee91a3c704b97d3d09a6473207f785297,219370,50000,4.3874,4.38738,112.5519021,107.4642924,102.6387379,107.55164413333334,112.5519021,1,6.987239116561061,5.096732189429157,8.648587807720599,27.405,2.3174881779089533,2.161633418057488,5.16200862013949,6.2616911248132325,8.115105051903114,53.905,4.58071704090662,4.961990341139833,5.286665651638784,9.271783474973452,10.673069410549731,40.62,2.7901064683946615,1.9545110212779462,0.00042626156721520714,0.10944188875740576,0.10944246942596773,1.2429999999999999,6.1036634453124075,3.7621012709929915,-0.003263458996216438,0.17601980461244704,0.17604965363296207,1.604,4.765700941106042,2.875495455566728,-0.003577398915074987,0.1412618498762177,0.14130681883342228,2.058,7.848170450339912,4.306003849651805,0.09566838218534895,0.026762079738304304,0.09934105393560595,0.229,2.2548583000256817,7.259021371050705
c6,84,c6/c6/c_6_084.csv,a3cfaf957c5dc43f12bd5274dbd60f967797f512929951afb1011ddfa27f4a7c,219425,50000,4.3885,4.38848,112.9078077,107.5183798,103.1858802,107.87068923333334,112.9078077,1,7.031867435342373,5.170309352294755,8.72806602854843,27.06,2.33660010514285,2.1519017313252755,5.288674831947135,6.282360644934398,8.21206167053832,53.614000000000004,4.543682390241237,4.9642328908583515,5.407007013786031,9.357196999756862,10.807056098193009,41.55,2.804371488833807,1.9528270726896204,0.00020306254984618885,0.1119850270307825,0.11198495595914322,1.303,5.920438101006086,3.754895566777374,-0.0035472986213968332,0.17859694226750744,0.17863176019150964,1.5310000000000001,4.4560944769654345,2.857858428060148,-0.0038330226728950662,0.14356348263018412,0.14361431571486866,2.2969999999999997,8.508901037596798,4.431638921533026,0.09433439671869658,0.027670018190601386,0.09830872200213499,0.243,2.431116946010239,8.115768132304702
c6,85,c6/c6/c_6_085.csv,7d9681efd6a8bf54bb0527966914ba20a56c4e750d2c81e23803cb8c2cd90dac,219550,50000,4.391,4.39098,113.2440373,107.5724671,103.7330224,108.18317559999998,113.2440373,1,7.100385524937372,5.257602800611552,8.835028913760926,28.227999999999998,2.4061041800202574,2.1524851676423182,5.338397353677977,6.3039405867454805,8.260627834607105,55.444,4.6866897740880225,5.029839143272704,5.485204468230472,9.468114450264334,10.942223311021918,41.501999999999995,2.801624416595549,1.9544893449001235,0.0012198861307219314,0.11387376262629935,0.11388003720609059,1.363,6.44537899712544,3.652097563691041,-0.0019933910271008885,0.17994182000191677,0.17995245125918155,1.524,4.373377492182651,2.8420831343131727,-0.0022589432930995215,0.14542380214864778,0.14544101461244088,1.919,6.703748613127451,4.218407317709977,0.09551153723525392,0.02683767109885568,0.09921043823322985,0.23700000000000002,2.338463614630957,6.765044914137285
c6,86,c6/c6/c_6_086.csv,3acd449849d532c64bbe7cd1b416179e757b49ba94ba1c27e10e7784c57b0c17,220370,50000,4.4074,4.40738,113.5605194,107.6265545,104.2801647,108.48907953333332,113.5605194,1,7.089108018332805,5.336878535315279,8.873420746746726,27.925,2.343966390596948,2.1392345888634403,5.421854508326905,6.289785091206911,8.304078713525563,58.198,4.9527468872629195,5.058877202249781,5.539711580523664,9.479873941927998,10.9797999319265,42.763,2.8513269999544444,1.969380404976049,-5.674093569905194e-05,0.110875373463279,0.11087513641533486,1.2570000000000001,6.006756983866829,3.659815001800362,-0.004204646730498707,0.1784846531751033,0.1785337668699763,1.518,4.514552144004214,2.805427023430317,-0.004449720923900712,0.1410636862916736,0.1411335300647106,1.899,7.262625681721636,4.062130806795649,0.09403016744565958,0.028225231341938817,0.09817500934069803,0.23600000000000002,2.3529409526039125,7.5975486354077315
c6,87,c6/c6/c_6_087.csv,3f42d822bae301026452060c35a288b2481bdde5dae040aaec7068d98cd9da45,219182,50000,4.38364,4.38362,113.8572241,107.6806419,104.827307,108.788391,113.8572241,1,5.9761576224325,4.063705187215494,7.226900057033538,22.560000000000002,2.371279506393826,2.2984020008396877,3.9670986349244006,6.224970062969239,7.381595157499256,50.428,4.700745470272493,4.525292239411907,3.8059594309751716,7.835856723887499,8.71123973106359,37.577999999999996,2.9581323434493245,1.9355411625957,-0.0074463413966475355,0.10626549868044909,0.10652583109061235,1.4,6.824635795440109,3.473214962498775,-0.012535764798204235,0.16298627485106076,0.16346727498315655,1.392,4.539134821183351,2.807115516147933,-0.015604803314140757,0.13825808510312101,0.13913562006497912,2.083,8.157508476046122,4.101470495327425,0.09904835251069888,0.027523148892492834,0.1028012470931252,0.253,2.4124220961574787,8.28680897490609
c6,88,c6/c6/c_6_088.csv,baad30d5851bfd6f8443f3d5f0220df5a6a5cebcf08be67a80d2d408ea086f7e,219376,50000,4.38752,4.3875,114.1341627,107.7347292,105.3744492,109.0811137,114.1341627,1,7.186117291773028,5.400363510364377,8.98910867855245,28.948999999999998,2.3592995433019066,2.1426988356159207,5.490418578148932,6.314776789482009,8.367850398537357,54.817,4.608949510706029,5.042311241623122,5.634127060389468,9.566387825985872,11.102195575909953,42.69,2.7818821771628377,1.961066958750276,0.0001328221865655311,0.11175895416077145,0.11175877836813657,1.362,6.352968512784203,3.769322226941357,-0.003295943950113048,0.18086228031806514,0.1808918974922074,1.533,4.411474538456742,2.8114625182302673,-0.003550087520968565,0.14298594856373267,0.1430296871701989,1.993,7.38308263754648,4.338664246483739,0.09406066752972066,0.0266144015659964,0.09775342611913569,0.228,2.2812499658909315,7.5727206752459075
c6,89,c6/c6/c_6_089.csv,97969f4d5a19f5bb5e8bcf9e8262598d609b6be972bc0d6fbf0ebc19db3ff430,219590,50000,4.3918,4.39178,114.391387,107.7888166,105.9215915,109.36726503333334,114.391387,1,7.1969587640602946,5.455927137114274,9.031235841194034,28.954,2.3775262187330006,2.136515230518104,5.519642401748713,6.313118386606257,8.385805537158632,55.664,4.6259121831656405,5.015357643366617,5.703239109249055,9.594322949641915,11.161431360012958,42.577,2.8007160543935568,1.9627903529134292,0.00021880322419053677,0.11332589855301749,0.11332585173968944,1.55,6.997520758295544,3.7503107916474643,-0.003461929049592422,0.18242543416006696,0.182457864808395,1.6139999999999999,4.812069904040676,2.8207923844008764,-0.0038674711963204156,0.14344655121829342,0.14349835080522647,2.121,7.630749718415008,4.328076711762465,0.09406534905961109,0.027236995078073287,0.09792926230821024,0.241,2.40990276488802,7.849280098766434
c6,90,c6/c6/c_6_090.csv,59536c3a9fdff968c42cda7ed90ef50cdb3f82a5672188508fd128956f3d2992,219754,50000,4.39508,4.39506,114.6289887,107.842904,106.4687338,109.64687550000001,114.6289887,1,7.256594651291898,5.542236103508563,9.130958722061063,30.397000000000002,2.371930556171795,2.134641022842133,5.5979683464237295,6.302894071342954,8.429919483904355,55.361000000000004,4.596722432994433,5.060346465545219,5.780707818742777,9.641320167218149,11.241495205555156,42.784,2.799271753854381,1.9673023544580173,0.0014414754680233352,0.11669751790137196,0.1167061547869658,1.505,6.8548227080252255,3.798923567254965,-0.0017929457484277876,0.18536215874616635,0.18537040809363795,1.6360000000000001,4.7580409897704214,2.8645696670835687,-0.0016236291489574706,0.14510426495717021,0.14511301825669004,2.073,8.055789990751615,4.351705515214136,0.09401938531266779,0.02736750275332252,0.0979215074090389,0.234,2.338607789639292,7.02960703596605
c6,91,c6/c6/c_6_091.csv,79c2bbdfb0c7708e2da3bf62fba620c2d568f9151043f509b83600a4294fad47,219536,50000,4.39072,4.3907,114.8470987,107.8969914,107.015876,109.91998869999999,114.8470987,1,7.300297390860725,5.621098377595415,9.213628223478816,29.612000000000002,2.4171802312630186,2.1255073356500787,5.648580314845857,6.285623010114085,8.450759506242838,53.409,4.443032602248693,5.008833938794746,5.8536122959332415,9.706371430113538,11.334813368620766,42.777,2.7269085952106016,1.9670442580178507,0.00010511715618395146,0.11895775655782254,0.11895753207110417,1.4089999999999998,6.060986533992977,3.7457491047729174,-0.003785474819619561,0.1871688047264758,0.18720665508655052,1.712,4.732737730880236,2.856863986694022,-0.004077600029152394,0.14773513706033237,0.14779106240554157,1.961,7.483537786372456,4.316094802990728,0.09520924586400406,0.02889654009932057,0.0994977724583918,0.26,2.562871446259126,7.9176375736176166
c6,92,c6/c6/c_6_092.csv,03fbd802fe3d516b918ffb270cd94e6b33e0eef8e24befa2ead9315ca1fb4b1b,219333,50000,4.38666,4.38664,115.0458861,107.9510787,107.5630183,110.18666103333334,115.0458861,1,7.364613696981301,5.69311922569531,9.308544120873016,29.892,2.365031493016686,2.118166983116489,5.689724665235054,6.350414313046957,8.52646144939859,53.547,4.498583641952136,5.044597839441848,5.914526067668795,9.816214311686759,11.460333446063094,43.56,2.7626595813297503,1.965961162664992,0.0006642776052851141,0.11837088538125787,0.11837247943506418,1.361,5.8375055021050155,3.637594051198451,-0.002693315643336844,0.18634058759448668,0.1863596260547542,1.625,4.4483884065984975,2.8289861033242385,-0.0029845030159620306,0.14691720799666,0.14694718389035308,1.9449999999999998,7.383605260578451,4.136972086694828,0.09564236115860357,0.02819357845232719,0.09971126059714401,0.224,2.1963417039205773,6.608355354856929
c6,93,c6/c6/c_6_093.csv,5223575ed372554a99a4701a274afd7ef6abb81a8baf97e1b177d7499c24da87,219307,50000,4.38614,4.38612,115.2255578,108.0051661,108.1101606,110.4469615,115.2255578,1,7.399372546247953,5.781160824610066,9.390015024522398,30.094,2.377418986199701,2.1205848758868777,5.757118888133986,6.31537661870305,8.545654911384679,55.632000000000005,4.508255996702483,5.078560750551585,5.999395801319612,9.8383076893075,11.523220331796038,43.096000000000004,2.7122626401372187,1.9730406558195717,0.0003705900860437651,0.1168267605838188,0.1168270820096168,1.682,7.926244361078666,3.765700079761381,-0.0033394647685664387,0.18564468819793797,0.18567429852219813,1.725,4.68023849782369,2.774236421753085,-0.003498524898886036,0.14471688186917323,0.14475883419759386,2.276,7.902799206288545,4.11836593797805,0.09510490317226536,0.02819109746267969,0.09919514584744442,0.244,2.409392092306273,7.56462066301243
c6,94,c6/c6/c_6_094.csv,8eb06755ddd9d52c6f28a38b49033e4e520df04c1a7aff4304918c2289f1ac79,219422,50000,4.38844,4.38842,115.386357,108.0592535,108.6573028,110.70097109999999,115.386357,1,7.4843151552715765,5.883838071285697,9.520208296903224,31.08,2.3856620876024173,2.1072464329991685,5.834170634667444,6.37334563205664,8.640422236179267,56.554,4.727199537653772,5.132342464433539,6.105835609009124,10.003771912220817,11.719907203954198,46.317,2.939357744093502,1.9728464350662704,0.00040346455688126075,0.11713382267448212,0.11713425062105652,1.51,7.359077259039069,3.8123824960443486,-0.003443515235482312,0.18758814545383606,0.1876193213377129,1.5539999999999998,4.407861589646241,2.800089661266576,-0.0036904230204810825,0.14610469774102827,0.1461509652330438,2.044,8.012263197391764,4.1729974633531,0.09593393552150649,0.029594311493030982,0.10039491653410282,0.26,2.539969241504174,8.232099288273048
c6,95,c6/c6/c_6_095.csv,858b27a146cf4b538689eefba4839b98c3070df8b200dfd33dfeb7666ebbc11f,219516,50000,4.39032,4.3903,115.5285627,108.1133408,109.2044451,110.94878286666666,115.5285627,1,7.535648084877641,5.974044617189264,9.616394260112852,31.65,2.4499827443351427,2.1091515325744727,5.881317457497403,6.387734666769329,8.682906387327725,58.36,4.804036590890589,5.158061262246785,6.18808915523242,10.079772958803355,11.827671260624482,43.43300000000001,2.7221757597530702,1.9687695173923005,0.0008965952367936731,0.12050124213340918,0.12050430320403678,1.4449999999999998,6.041278034423028,3.8850002056645825,-0.00251035004282148,0.19076354406115567,0.1907796263309906,1.6280000000000001,4.52878547157344,2.866951371151329,-0.002582754787805901,0.14989420657373417,0.14991611465406485,1.9,6.823816121172816,4.366519674747434,0.09608550174019206,0.030113682229987098,0.10069385964919947,0.273,2.6615326985544807,7.923061375439883
c6,96,c6/c6/c_6_096.csv,e9382b107f1d9da58297878e757a76102e98313072d67fdbf088b90cd7a69a02,219395,50000,4.3879,4.38788,115.6524886,108.1674282,109.7515874,111.1905014,115.6524886,1,7.609754196768385,6.050833995858399,9.722180007636014,32.01,2.4289819753853825,2.1045123934398466,5.965347491966545,6.408336413284766,8.75511045640379,54.669,4.455911800800329,5.1273768438729155,6.263528093165296,10.13836622204685,11.917121520174737,45.207,2.8571496852119664,1.9620598180255393,0.0007668725358371889,0.12030578599038418,0.12030795595586237,1.35,5.810089569275398,3.671483909146117,-0.0027298935709564936,0.19191911778666806,0.19193809472522744,1.578,4.162800517238766,2.85893315130346,-0.002803536999475831,0.14804388754067016,0.14807009340326063,1.912,7.02370057380607,4.139819398337209,0.09696530914560494,0.02916716955589624,0.1012570544703701,0.246,2.380081084330984,7.679980651322992
c6,97,c6/c6/c_6_097.csv,52704940b7da5cea4b64986cd2e4371825c11151709ec09959e06ddf457adeac,219583,50000,4.39166,4.39164,115.7584818,108.3737331,109.9420823,111.35809906666667,115.7584818,1,6.793750795826634,5.9547933147692556,9.0340717183058,31.912,2.513373892526299,2.103342290047699,4.1687722546827395,6.286651723905659,7.543240154107094,59.54900000000001,4.936075113520955,5.043710801091717,3.4210375484440965,9.504342612764573,10.101267991025605,40.269999999999996,2.6866924057565287,1.9585103429511272,0.0206915562680171,0.1182219045508297,0.12001873006575552,1.626,7.515493619252719,4.081189058601417,0.026312428557766315,0.18420203415265335,0.18607143456385472,1.767,5.148560294843323,3.020346946166864,0.03516119644963408,0.143610742971601,0.14785216031203458,2.561,9.685350535141561,4.401398092791924,0.09587491290309359,0.029681466425920646,0.10036425838547595,0.23600000000000002,2.3016161700989444,7.658193027934986
c6,98,c6/c6/c_6_098.csv,ba2dbec4a0c9f9697621bbefcd5e079b32e0f184a7fc5d03296b4f0aaefc1422,219373,50000,4.38746,4.38744,115.8469217,108.580038,110.1325772,111.51984563333333,115.8469217,1,7.033050566842775,6.190975428088052,9.369727974174545,32.731,2.5352923868734587,2.075043340787618,4.613961649792818,6.340335900212099,7.841448729946819,58.622,5.123415504404179,5.067390699352696,3.8240658649879427,10.0350021392661,10.738914686016338,42.436,2.679414153226119,1.9587620195599718,-0.002964166055075146,0.12047882824735859,0.12051501221730967,1.611,6.920299675995152,3.7647162237677385,-0.006721460708473696,0.18917029964316737,0.18928924210137588,1.69,4.965945182962764,2.9473376102323083,-0.007970420243147517,0.14855283038707157,0.14876616019556146,2.14,7.528593858493741,4.290013172701552,0.09371338770040068,0.028918869058098255,0.09807393236559885,0.25,2.4981153920359986,7.568408626250725
c6,99,c6/c6/c_6_099.csv,f68ac3b9f029faa3fa4d291a51240b5839ab2991c76e8cd02600b72de375776e,219491,50000,4.38982,4.3898,115.9182194,108.786343,110.3230721,111.67587816666666,115.9182194,1,7.0793433671540065,6.284946899863263,9.466650943169256,33.246,2.451447733661841,2.078644015151274,4.642160799303844,6.364963664573475,7.8779587941275775,55.316,4.720765996862325,5.1027764490516585,3.8839943186736585,10.096387588946783,10.817670256992747,44.217999999999996,2.76667704681175,1.955234725854473,0.00034020073716006615,0.12445843244722381,0.12445861389169179,1.662,6.8858231118160385,3.9059420502701734,-0.002805308645912589,0.19341846062969825,0.1934383628600526,1.98,5.479781695458627,2.9417864586144318,-0.003027992036119932,0.15237002297347801,0.15239976004533565,2.306,7.696862512454467,4.431183585637686,0.09438761042594,0.030699710028811004,0.09925466691230721,0.254,2.5086981574377227,8.048834923188892
c6,100,c6/c6/c_6_100.csv,b936ed0581f82a09ef90ad615d9dbe39110977c2b95b4fb8fbda6554f66305c3,219463,50000,4.38926,4.38924,115.9728158,108.9926479,110.513567,111.82634356666665,115.9728158,1,7.142402764930763,6.374537733500479,9.57332039665657,34.642,2.543213743112897,2.0724525564337055,4.75587383750336,6.3345966280525365,7.921191044035449,55.451,5.011493824516619,5.077384143278296,3.9864743760907304,10.210023455971257,10.96066065181693,43.638999999999996,2.7359664670421977,1.9476154070401674,-6.237953550256762e-05,0.12526392190808872,0.12526365205249376,1.7570000000000001,7.384424650275754,3.9603077902816577,-0.003506345033103529,0.19493427151090564,0.1949653597897134,1.8130000000000002,4.805981949873729,2.909801542149121,-0.0036503875368513144,0.15302178381414128,0.1530649697205425,2.193,7.839808168981401,4.625368466534582,0.09534786729425916,0.030147180258026502,0.10000032066857359,0.263,2.5899916947105766,8.48255340353142
c6,101,c6/c6/c_6_101.csv,9e6f4724348a511cb5401b3ea7fbe86fe49fc62b59e6e3bb34c164843b3e76e9,219495,50000,4.3899,4.38988,116.0111807,109.1989528,110.7040619,111.97139846666666,116.0111807,1,7.174240962208707,6.482283902050551,9.66899925179207,33.884,2.5210468389975427,2.083769860898322,4.844780505250689,6.377920886008459,8.009343771333846,58.111000000000004,4.973441162878966,5.127104474231221,4.078269450329165,10.279615633509554,11.059036931697452,47.124,2.870412694708997,1.9658898157866458,0.0003923460671085904,0.12521390130507024,0.12521423076273352,1.8,7.259558234418656,4.092280674748776,-0.003183917629103169,0.1955119885523075,0.19553746661363308,1.908,5.48232529839506,2.9266183097787315,-0.0029377252329210236,0.15293700366302726,0.1529648677226913,2.466,8.531370761329478,4.761710501334682,0.09526960067427505,0.030852450927909808,0.10014073199373746,0.242,2.366669339053976,7.266269604876385
c6,102,c6/c6/c_6_102.csv,ef03bbd16936de6e456036ae46ee4cf1fa589444b79a8282ae0da4e1344cc1de,219373,50000,4.38746,4.38744,116.0338116,109.4052577,110.8945568,112.11120870000002,116.0338116,1,7.280045839734151,6.570777311008028,9.80683359133087,34.785,2.5537294751425796,2.072061797540671,4.958096288057327,6.406592960939707,8.101047158853731,55.458,4.798515455809343,5.086417281843732,4.191087595100583,10.388019152588301,11.201592084973154,44.334,2.656140285621846,1.9525692653210978,0.0002710634398946083,0.12500421033850836,0.12500421931768416,1.748,7.391750494851362,4.066019030206032,-0.0029753615987382215,0.19595819093203237,0.1959803314810779,1.778,4.852527765480486,2.9389178924088393,-0.0031538976993522438,0.15287469004737803,0.15290687163707217,2.1879999999999997,7.429358719052999,4.607965303304061,0.0959534628235927,0.031476866106040814,0.10098443251917222,0.28500000000000003,2.772704594313001,8.409798951504937
c6,103,c6/c6/c_6_103.csv,de8b7433d509d289c98cc41973c9334bed6f15d2fdb5f1d59ea60c5254a4fb75,219411,50000,4.38822,4.3882,116.0412323,109.6115626,111.0850517,112.24594886666667,116.0412323,1,7.332688347439281,6.669772114135998,9.912314346503681,33.803,2.4894287184005455,2.076239759530473,5.024223749037195,6.37309466013792,8.115354256725743,56.035,4.81580948454716,5.111361681158419,4.291630998445839,10.452897922311118,11.29958732067232,45.342,2.7524899022727713,1.9593289164364758,0.0006159581789427149,0.12729272909005585,0.1272939292895063,1.83,7.518033305606286,4.142186140632299,-0.0030307003750951415,0.19818729936515483,0.19821001931749715,1.8849999999999998,5.110740635050109,2.978176298761887,-0.00307954478125527,0.15502806144236853,0.1550582919204485,2.295,8.216264891229526,4.87292215068559,0.09659124656466632,0.03087233356363488,0.10140495820557047,0.23900000000000002,2.307579472846188,6.777238868290894
c6,104,c6/c6/c_6_104.csv,f1d7178a56ac0d6e70322d4cbdd3dc24418ec77bbce52bbb57f179b5bcb70e50,219436,50000,4.38872,4.3887,116.0412323,109.8178676,111.2755466,112.3782155,116.0412323,1,7.3909008139047385,6.770112436777461,10.022955071924972,34.953,2.4965691076568075,2.0770098932374204,5.084299969011465,6.39531215352789,8.17006348377737,55.732,4.76410006816792,5.119841996725329,4.368288398439637,10.552749421208945,11.421118876606494,45.243,2.727315978104517,1.9662663055193697,0.0003793862447365062,0.12999831329220413,0.12999857068105547,1.839,7.477005284810015,4.028690164544147,-0.002952254871579868,0.20111559949711308,0.20113680877742565,1.891,5.001570851773936,2.985965850332217,-0.0030221704733954307,0.15800201374835196,0.1580305543103199,2.557,8.915997328169771,4.874208944091388,0.09920476129714358,0.030838666391340502,0.10388745677354698,0.259,2.444953489945058,7.389939906185672
c6,105,c6/c6/c_6_105.csv,376f5b0145152699671c529a8a52b9fdb0b0493ef235849c444e66a849f5486f,219455,50000,4.3891,4.38908,116.0412323,110.0241725,111.4660415,112.5104821,116.0412323,1,7.418136893668405,6.848190658096083,10.095853434059473,35.236000000000004,2.520440710257849,2.0838295570482126,5.1430915495204035,6.363502462111301,8.18201501774195,58.038,4.8987932572949155,5.225666212892619,4.443908887926909,10.543404649311325,11.44164329370446,46.629999999999995,2.8217100613304544,1.973255529980562,0.0011421475929005945,0.12934612909541615,0.12935087698529693,1.9529999999999998,7.5994846181965645,3.9322968881401894,-0.0025364653345788437,0.20022941204190156,0.20024502094917868,1.799,4.689255171235015,2.9049180251338518,-0.002396072087671732,0.15774290373236913,0.15776074117073663,2.355,7.663503549920314,4.500896849920925,0.10009864436900504,0.032440576165073745,0.10522416448211609,0.265,2.4709153194957385,7.371896958184694
c6,106,c6/c6/c_6_106.csv,e9e5e426a77f29b85731d459d6782fb911b5cdc2a1d586c9002d6483f578f95f,219439,50000,4.38878,4.38876,116.0412323,110.2304774,111.6565364,112.64274870000001,116.0412323,1,7.5279318626133,6.971652242175662,10.260286137442769,35.545,2.505778070474734,2.0705166824506978,5.209820838592957,6.45538830017037,8.295425328071323,57.704,4.91668581018771,5.1540651113077365,4.5474832686988185,10.673436954600833,11.601781817921669,47.789,2.879299104590827,1.9769499274146896,-0.00011602768878822823,0.13152809105054866,0.13152784253561406,1.905,7.488908667632783,4.113796663730777,-0.004086666454003162,0.20428169559399134,0.20432210312668359,1.763,4.571213714557853,2.943977299474766,-0.004314374381946692,0.1600085685714424,0.16006635864219498,2.278,7.17827287224308,4.783457723728307,0.10043749743664528,0.03067380897095097,0.10501699462682246,0.27,2.5234011022851743,7.453018464185985
c6,107,c6/c6/c_6_107.csv,38ea3ad3c77d5903419979a5a1de31e40bbf8844496e90497b7ea6697d2d9adc,219446,50000,4.38892,4.3889,116.0412323,110.4367823,111.8470313,112.77501529999999,116.0412323,1,7.518498924564585,7.032362277926791,10.294742343922007,36.809,2.5208984482571344,2.078724235109184,5.27205608669103,6.405620126912491,8.296165235319405,56.455,4.695784003210026,5.2307984113875685,4.591783340776319,10.676080941428376,11.621646145173061,46.155,2.7249151802090443,1.9762453848747903,0.001217133144372647,0.12752825963935657,0.12753377712709538,1.675,6.98638447061803,4.112694416690829,-0.001891791146796934,0.20122176117976714,0.20123019538589967,1.911,5.466376444601305,2.9438577146067715,-0.0018593047948014542,0.15527594088537464,0.15528671856204368,2.357,8.313653684968495,4.757930760033782,0.10272428296710807,0.03331797517082991,0.10799241048332954,0.303,2.7594531751469824,7.782798059724937
c6,108,c6/c6/c_6_108.csv,71f396226d6d4334ca6c77466216f198f1aa5d8c63e1d78ea73a07528409a64d,219406,50000,4.38812,4.3881,116.0412323,110.6430872,112.0375262,112.9072819,116.0412323,1,6.910481946710664,6.008886253209559,9.157582113968184,32.065,2.5170399471320626,2.0867243450344954,4.363278429031111,6.325515076277575,7.684410014028888,55.107,5.000514018623206,5.12831557640721,3.597792589992981,9.81877818409805,10.457154352055248,42.049,2.707046204633706,1.9558224164068698,-0.008609185710509285,0.11750827312126164,0.11782295784819159,1.92,8.461848337609888,4.129119891893108,-0.01864973154790662,0.1858137026716301,0.1867468533142506,1.892,5.686842809677261,3.033172733048734,-0.023304713635907862,0.14574923717165333,0.14760031501996487,2.745,10.325181215188186,4.976061760088135,0.09408151098876055,0.03078752684152245,0.09899089957553193,0.251,2.4850769217658977,7.685103442301869
c6,109,c6/c6/c_6_109.csv,65f14707db3da576136e17eaf559532fc7482199bc1153b7fca41939a82d2d31,219422,50000,4.38844,4.38842,116.0412323,110.8493922,112.2280211,113.03954853333335,116.0412323,1,7.610245932495374,7.1317022715390594,10.429611145521033,36.33,2.496353856028572,2.0697743328444,5.323890535133213,6.457513756623398,8.369175843812789,57.724999999999994,4.791869683279305,5.13864684871723,4.691210607869767,10.785976542005606,11.761981836971378,48.009,2.8823373875171288,1.9676261744123178,8.013325919916872e-05,0.1297598842332876,0.12975961329049032,2.213,9.556132054925566,4.386406646227696,-0.0036523548231262135,0.20452336361431786,0.2045555067054706,1.984,5.269963235710683,2.980245472567037,-0.004014829871207081,0.1571269204260389,0.1571778466060606,3.556,12.202737481237664,5.194034351723855,0.10088437349035191,0.03132518934973302,0.10563578858645101,0.253,2.3476892000199334,7.226196724832867
c6,110,c6/c6/c_6_110.csv,aea0b87873290a659d4b4e229e76eaeb1fef2057fb8b0cd5fe818adce743274a,219572,50000,4.39144,4.39142,116.0412323,111.0556971,112.418516,113.17181513333334,116.0412323,1,7.6356900060116955,7.221284138824114,10.50954180675543,36.731,2.505152030802772,2.0720485781963793,5.388664861639918,6.428081108839917,8.387952524161001,55.366,4.621986103083939,5.166975477081618,4.770290200936367,10.843168608352757,11.84607270786068,47.437,2.755681212250071,1.9754126288369152,0.0008017643415371726,0.1318140193573614,0.1318161575614922,2.128,8.56495911340248,4.083296185319675,-0.002917102362778497,0.20464978695034108,0.2046701102831594,1.913,4.827280342171655,2.9790380752135084,-0.002617765471007232,0.15854646504067876,0.15856771358391408,2.44,8.683987230927002,4.655833025441941,0.10177832328347876,0.031521900140172664,0.1065478894842066,0.25,2.299435504410586,6.8041694224175675
c6,111,c6/c6/c_6_111.csv,2876373f6dd52891e4945d9368733b7000db3dada1e8ca56ed42ffc8ac07666c,219736,50000,4.39472,4.3947,116.0412323,111.262002,112.6090109,113.30408173333332,116.0412323,1,7.735217897841045,7.308831535870672,10.642009736951543,37.26,2.5179454503746626,2.061264178941952,5.4601109649761534,6.454371649088366,8.454083956775438,59.666,5.04963047661557,5.158386319526376,4.885910934029926,10.948183770961286,11.98892439098895,47.397999999999996,2.7670539005929555,1.9685107080260782,-7.93861724979064e-05,0.13622558498245435,0.13622529813793316,1.995,7.891338941402225,4.031565800385346,-0.003630907088506208,0.21081540247924635,0.21084618837393893,2.065,5.463698485063009,2.9590491716374983,-0.004303209305712309,0.16203954034467669,0.16209630086125806,2.529,8.593656934789035,4.753656855911551,0.10279968689700367,0.032299914537279574,0.10775460712813116,0.253,2.3015257222839933,6.874433444361905
c6,112,c6/c6/c_6_112.csv,821415544171d779ba871bad17c2569f5059ff917d9f512743b2a467c168a0b8,219793,50000,4.39586,4.39584,116.0412323,111.4683069,112.7995058,113.43634833333334,116.0412323,1,7.741011897558158,7.381216772681524,10.696044986962399,38.058,2.5673040860870993,2.0625603013147553,5.51056157384448,6.429559554001382,8.467900379373551,58.147,4.824690675331541,5.261409405767659,4.956437661799965,10.948201514992812,12.017855272998267,46.759,2.744832522165185,1.9766303632958586,0.0012668783810221435,0.1364033131950455,0.13640888599962964,1.996,7.61680584359307,4.2866082996356125,-0.0021957751156770236,0.2098783177410013,0.20988932625379655,2.19,5.431433891123747,3.0169016931809467,-0.0018536168121823713,0.16443782002451748,0.16444789304147706,2.8819999999999997,10.361944859763067,5.3082636875467095,0.10382061758108765,0.03372808405532064,0.10916180244598642,0.281,2.5283569326969078,7.860980294365258
c6,113,c6/c6/c_6_113.csv,4787d7241b26518d8fcbb0ede8711b957a85b5590da3ca54017bd9be9b88df56,219542,50000,4.39084,4.39082,116.0412323,111.6746118,112.9900007,113.56861493333334,116.0412323,1,7.845545645024642,7.50138727940802,10.854636855916674,38.037,2.511277011090573,2.0570834421051734,5.605298885862386,6.478876418925458,8.567089590651502,58.83,4.94823820288498,5.224549829794918,5.052263680753568,11.093888393264292,12.190125815023372,48.681,2.8218740743106965,1.9736474317866488,7.877308214373551e-05,0.13778036447274328,0.13778007320043142,2.0460000000000003,7.795031422560147,4.096807255865302,-0.0036562935565859836,0.21285883324449603,0.21288974844662822,2.024,5.176388285677707,2.872971396846147,-0.0038828880123165494,0.16452169142068085,0.1645671306093444,2.448,8.440324594935426,4.6909240135984716,0.1056967322881271,0.03313896512546851,0.11076996535064937,0.28400000000000003,2.518733296673045,8.097806441646403
c6,114,c6/c6/c_6_114.csv,c518f5570827e9932d03710f4adca2a6019c5cfb92b8375539b4fcc7f2b7baf6,219610,50000,4.3922,4.39218,116.0412323,111.8809168,113.1804956,113.70088156666668,116.0412323,1,7.883343750284595,7.583768281484092,10.938939077577352,39.301,2.523919349417802,2.0511409961343174,5.628222344155549,6.4745148187194985,8.578813321912666,57.900000000000006,4.706944711905352,5.19249690119693,5.102749656208734,11.171175603661748,12.281394471462594,49.013,2.810674315543675,1.9684283723171425,0.00020626109922134732,0.13803294919825806,0.138032789036637,1.8719999999999999,6.875178040111282,4.1596135606492615,-0.0034823095487455033,0.21445307128736463,0.21448085426708396,1.9609999999999999,4.583159664106483,2.9501531792729647,-0.0036034333591366515,0.16414049021712487,0.1641796655469779,2.439,7.729337221952689,4.699984868157421,0.10537985975137742,0.032654860254980336,0.11032338774659284,0.254,2.257001032019976,6.730499928589637
c6,115,c6/c6/c_6_115.csv,d7fe4d714f38574ea4f6937a1f5ee06abd18be1168d2a68ad63833e63f0cf34b,220658,50000,4.41316,4.41314,116.0412323,112.0872217,113.3709905,113.83314816666666,116.0412323,1,7.92873869517534,7.693928477562651,11.048129454411674,40.024,2.603608159978043,2.0513780618432724,5.700755345376103,6.486471223610236,8.635550345287516,57.477000000000004,4.7054325868384606,5.156475565007182,5.186984863453851,11.275545287898703,12.411372097266351,48.032000000000004,2.678672409420595,1.984731585978281,0.0010390967016831478,0.13742436384601947,0.13742798082428742,2.106,8.069681249395234,4.259784650987246,-0.0025598120167861574,0.21333044507111906,0.21334531910867252,2.112,5.64343293319088,2.985224716889311,-0.00259775308395798,0.16530690456218305,0.1653269402626997,3.12,9.949981517749878,5.168164374750136,0.10723526905890564,0.034244620298889174,0.11257038524860301,0.26,2.2652494209454126,6.3878741055116715
c6,116,c6/c6/c_6_116.csv,7ab443a73357db8b7a4e2e907231d6d87f8daf7c5d2dd695dfae2a978ca53f90,220377,50000,4.40754,4.40752,116.0412323,112.2935266,113.5614855,113.9654148,116.0412323,1,7.987884057773723,7.773894519087251,11.146275318994247,39.346999999999994,2.5528707290685833,2.044623816233517,5.770239634807625,6.471185712382591,8.670162625136289,56.447,4.5789221859464195,5.065851288872052,5.264451340203379,11.331575761402606,12.49473787203745,47.982,2.7182643083701343,1.9728528713140099,0.0003820453132586431,0.1370913883268719,0.13709160962895384,1.659,6.448242911383095,4.039769430712823,-0.003149852298561102,0.21364851481977512,0.21367124825005507,1.984,5.031093367985334,2.8844547579082547,-0.0031753812784455736,0.16392451598032415,0.16395489639704106,2.2809999999999997,7.3922769410006675,4.618361744069215,0.10712344754670407,0.031941068706598845,0.11178398926021017,0.261,2.290131186891931,6.7715209509739855
c6,117,c6/c6/c_6_117.csv,1c34f9797aeef3419a9f14abe595174a44bc63c48f494dff79bd0cb1a72bd197,219445,50000,4.3889,4.38888,116.0412323,112.4998315,113.7519804,114.0976814,116.0412323,1,8.086596509375926,7.8587901115053125,11.276229142857561,39.946,2.5449110368759107,2.039439836270007,5.860809902253412,6.534296275648088,8.777580871746972,58.149,4.752562307261022,5.091875475024003,5.382193993939255,11.460283781678507,12.661181542168977,49.379999999999995,2.670998744261482,1.9646520362323387,0.0006265624643988242,0.1434869758259392,0.14348801689118354,1.9809999999999999,6.920438525211883,4.0976917151931795,-0.002735783453712775,0.22001728856761354,0.22003379556031963,2.069,4.781083729983683,2.9243441331363593,-0.002751504932898905,0.16856595847574032,0.16858802938776973,2.606,7.764489594864211,4.846942817725162,0.10902159994531659,0.03377900486899745,0.11413468020281754,0.274,2.3568647103753784,6.8799732127533
c6,118,c6/c6/c_6_118.csv,bc84df8dccb9f3294aceafd20286f8d44e117f52575a58927b1221a38f7cc414,219639,50000,4.39278,4.39276,116.0412323,112.7061364,113.9424753,114.229948,116.0412323,1,8.10626238964847,7.932026160613866,11.341439171723396,40.0,2.5049730964331345,2.0404141804188027,5.8988793975569,6.514308009581601,8.788219033554162,56.694,4.5620164730675645,5.098270443474387,5.434154539949644,11.507207514869565,12.725771390172895,49.400999999999996,2.7321722930563834,1.9671774224095664,0.0006547607665305338,0.1446561391949742,0.14465729171623734,1.9769999999999999,7.147928650761106,4.202010592466154,-0.0029642413232622627,0.22018860342051566,0.2202080540382607,2.029,5.054311046255459,2.941947022876362,-0.0031100487618319146,0.17176643021559723,0.17179419263797374,2.6020000000000003,8.0619721699129,4.890963191391658,0.10970697371596119,0.033851465692347905,0.11481087315293165,0.301,2.5781530256783154,7.294732769269792
c6,119,c6/c6/c_6_119.csv,bb2e9bf4964a8de8774044b3ee8225c4b7d140789a8f21df307e12caff4ddc30,219346,50000,4.38692,4.3869,116.0412323,112.9124414,114.1329702,114.36221463333334,116.0412323,1,6.9596137198763595,6.095618631170183,9.251627977253786,31.031,2.3916871770462267,2.080761974356027,4.472156793376675,6.302174477512267,7.727703957685234,54.366,4.918019661222124,5.084183955658306,3.6972223701366795,9.903625270686488,10.57122507568604,44.263999999999996,2.772715535819561,1.9536409113371889,-0.006243168327664968,0.12002686292531385,0.12018884846507119,1.597,7.296850008966267,3.882590331336278,-0.011541304605509103,0.18858068130271874,0.18893309117809332,1.791,5.568108759774417,2.993075777262953,-0.013930744121160177,0.14748276454861406,0.14813889532107644,2.557,9.612600370170309,4.59944266702276,0.09435175932089027,0.029978566606723225,0.09899982245183697,0.23700000000000002,2.343438546194031,7.670055486409745
c6,120,c6/c6/c_6_120.csv,5d6661f29fcb770307443c72b1f9ba01a96205c8e390b7dd2e1b60c36f647ad9,219948,50000,4.39896,4.39894,116.0412323,113.1187463,114.3234651,114.49448123333333,116.0412323,1,8.229952629712479,8.112963646699107,11.556470056492492,41.703,2.6282246959084428,2.039124401843187,5.941328836815975,6.555218507770773,8.84703807290314,58.856,4.659412524317652,5.107878645657238,5.541399489879426,11.707600857374336,12.952775878503427,51.077,2.8087415656113,1.969689456742194,0.0010430328986851436,0.14652948897939938,0.14653286812233826,2.1719999999999997,7.486374995977898,4.309452674290282,-0.002455985051012058,0.22291727214712126,0.2229302943914429,2.287,5.203420213329813,2.947126790780775,-0.002237606161456344,0.17290479804493708,0.1729188831358315,2.643,7.847610251646416,4.859942638116058,0.1106625566042883,0.03332187101499766,0.11557051299493316,0.28300000000000003,2.4054578697958022,6.807097837877218
c6,121,c6/c6/c_6_121.csv,febe93ecd4870f31c65735963f520b33e405b526ed7647798fb3a089a5273108,219863,50000,4.39726,4.39724,116.0412323,113.3250512,114.51396,114.62674783333334,116.0412323,1,8.211211386181395,8.14102832161102,11.562873047733847,41.668,2.583440973249678,2.04053678193706,5.934236974843426,6.510437601699427,8.809130119169112,58.443,4.853714205782771,5.155178680525515,5.572742444158408,11.686487311686692,12.94715501017387,50.956,2.7565129151505174,1.9660554558573877,0.00040415622455802,0.14291910426710158,0.1429193506983787,2.005,7.493736815669354,4.292532492281951,-0.00327347029741248,0.21941893041492225,0.2194428482691081,2.011,4.907883799791227,2.9348663621141773,-0.0035524576668197923,0.16873826385805454,0.16877527112626442,2.933,9.397111255792202,5.011664501192597,0.11244774700609014,0.03358021688399722,0.11735468309331679,0.298,2.4967047950444,7.3605387981016435
c6,122,c6/c6/c_6_122.csv,4fe48234c3441efd82a0b5303f8ff06b129b22df4cc1e6b4c533323c4463eae9,219526,50000,4.39052,4.3905,116.0412323,113.5313561,114.7044549,114.75901443333333,116.0412323,1,8.315704326594572,8.263923365737739,11.72361107985666,41.538,2.562350439244295,2.0354285722182026,6.015118705756949,6.5733133461555795,8.910101265697572,56.923,4.54360717042092,5.152706829137787,5.692397998414766,11.887983515999734,13.180550188800833,49.941,2.6737123636874696,1.963782238899547,0.0007904075143718741,0.14763146433910762,0.14763324396840294,2.206,8.270494958854412,4.342582802321665,-0.002573681477364868,0.2245431264826845,0.22455736419019884,2.147,5.085560226974931,3.0494713403694975,-0.0027161566283720384,0.17352868496927604,0.17354954579255452,2.8129999999999997,8.13600515951668,5.070594265637156,0.11232145167315033,0.03456364101373797,0.11751914033109538,0.296,2.476192381769847,7.750551040009309
c6,123,c6/c6/c_6_123.csv,e592d2180ec606931292f593663078cae0355c1ad1c40ca5a94f8974723d2ab9,219607,50000,4.39214,4.39212,116.0412323,113.737661,114.8949498,114.89128103333333,116.0412323,1,8.320337812546958,8.3361036284904,11.777874536099286,41.717,2.582044825387639,2.0349310391376476,6.069754884862504,6.514162403542437,8.903709505235796,58.181,4.720729037182,5.0975738823387715,5.75221252054807,11.846132878855206,13.168833435653186,49.486,2.6412362317402778,1.9657887871532365,0.0004086709440045174,0.15128441435339793,0.15128462188973452,2.5170000000000003,8.51375363808473,4.418312876895646,-0.0032809837573483536,0.22899325039332685,0.22901623261122164,2.384,5.462494888402516,2.974258508254137,-0.003174985314675762,0.17514765375776994,0.17517602992280742,3.0069999999999997,9.304926026227852,5.048257223381386,0.11318471178058986,0.03419355267343658,0.1182369345899769,0.288,2.393499129365878,7.235951507945273
c6,124,c6/c6/c_6_124.csv,fa7e81cf979d204aba757a8b90656e9894a96529b1bed166a26e8561b4d9b888,220039,50000,4.40078,4.40076,116.0412323,113.943966,115.0854447,115.02354766666667,116.0412323,1,8.410686714627861,8.49774797244106,11.956213591176217,42.797,2.5455383318395444,2.0387336038370596,6.16558624607456,6.554289312964827,8.998498037093842,57.480999999999995,4.496750439150873,5.136727449864441,5.860402119624248,11.993727874608444,13.348901362597061,52.175,2.787120751693207,1.9745649168056925,0.0009874931262185338,0.14742935432744209,0.1474323264425175,2.0389999999999997,7.4542675037315504,4.264599843808793,-0.002535382364035467,0.22550568740367272,0.22551942733818894,2.121,4.957444301787124,3.021409127734895,-0.0025420675425719976,0.17458492770863485,0.17460303711559505,2.842,8.333188379974883,5.001017024873411,0.11495246751712196,0.03505904284018193,0.12017986806096483,0.291,2.379766300416622,6.429354285964478
c6,125,c6/c6/c_6_125.csv,3c6df76df9120933b8250a9e5581c25d160f085c60899d2fa672f476007b458f,220023,50000,4.40046,4.40044,116.0412323,114.1502709,115.2759396,115.15581426666667,116.0412323,1,8.44836182580912,8.582141751721743,12.042742205758358,43.857,2.639016883115176,2.0396793643622053,6.233675493016639,6.558992229516269,9.048695690117714,59.157,4.685647683599848,5.127029332174468,5.9361891484072125,12.033180317150956,13.417716350013086,52.164,2.786092582733987,1.9822253447921059,0.0004487121800902633,0.15120505811136428,0.15120538029235608,2.2969999999999997,7.803955108730034,4.270944764417274,-0.0032925694131977113,0.2293430222677649,0.22936613485521132,2.278,5.811668757645778,2.931581898006202,-0.003485144734868627,0.17683806287346865,0.17687200056942226,3.0389999999999997,9.28354965576089,5.055729225157234,0.11607874631288546,0.03458460151036921,0.12112128042163638,0.296,2.402550559133765,6.948250663580109
c6,126,c6/c6/c_6_126.csv,dab93f62cb616090e9e4372bc9742974f4a5eef0133d7cf507d8bab5c9367d1d,219883,50000,4.39766,4.39764,116.0412323,114.3565758,115.4664345,115.28808086666668,116.0412323,1,8.46948279766967,8.636323685670076,12.096193056314211,43.591,2.579902606937143,2.040665817350001,6.267771287457421,6.537309802102011,9.05655464294886,56.663,4.483382654971662,5.1004936335591395,5.9860388433848915,11.9647462031508,13.378608361442089,51.709,2.7304783138193613,1.9804718255014813,0.00023642573550479115,0.14921111249121366,0.14921096050339291,2.402,8.484631395233277,4.411800535077304,-0.0033020970243265737,0.22764266540218256,0.22766609602661286,2.303,5.657408030791903,2.987590525889774,-0.0035533943051531958,0.17230820113948295,0.17234444512118488,2.635,7.92598797738732,4.975744972405897,0.11468000709468218,0.034351686243130314,0.1197143976651015,0.302,2.4892578153686133,7.1595596393529055
c6,127,c6/c6/c_6_127.csv,e2ea1b8385afc624bf8553fd08ce1c0605d11866530b82495a1c7886d155d546,219940,50000,4.3988,4.39878,116.0412323,114.5628807,115.6569294,115.42034746666666,116.0412323,1,8.411130421933255,8.660258852661116,12.072566312404156,44.263999999999996,2.670351867678419,2.040339343862564,6.273415486041647,6.4849654125111655,9.022767150478309,57.723,4.65289631216677,5.140852815060512,5.983907679367101,11.855027584407363,13.279615624789804,50.771,2.7127291194145693,1.985462944903452,0.0008954169318905155,0.15086030493485408,0.15086261929007921,2.2969999999999997,7.72888609177606,4.6256955366175605,-0.00238503682822588,0.22716318920089149,0.22717519297888197,2.407,6.2858975985672245,3.025522288394677,-0.0025726834591252167,0.17486184910230212,0.174880376111487,2.791,8.394309485382989,5.347871643759061,0.11492833045376011,0.035683489642229275,0.1203404619592995,0.299,2.44306856740698,6.541649954414398
c6,128,c6/c6/c_6_128.csv,17aed145444c6ec1f72ac67454642ccae14d6fa76f4f28959ebc1115d95c1e0f,219647,50000,4.39294,4.39292,116.0412323,114.7691856,115.8474243,115.55261406666666,116.0412323,1,8.445766803097698,8.74687960751454,12.158886932551324,44.181,2.5924247979980093,2.0378202800153447,6.338069434137502,6.491917195463846,9.072812196265403,59.055,4.598243532162232,5.139455526788788,6.057057970288691,11.865537310514593,13.322097655218482,51.11,2.745813831027655,1.986518292723318,0.0006424080456368631,0.14863540472747652,0.14863645462950908,2.49,9.916813500928082,4.5993377564959,-0.0029488178759555102,0.22499993347487005,0.2250187439020142,2.24,5.399550183824149,3.0977969101652194,-0.0029493824181527637,0.17532115797248596,0.17534556552412034,3.27,9.472723162602676,5.4327102319146725,0.11581507600832244,0.033748070434852256,0.12063191494627125,0.292,2.3874279051963447,7.013928064256403
c6,129,c6/c6/c_6_129.csv,37e06a44201a0c077d03633a816bf812ab21d98faa08b64d88b7e9474281d1fa,221966,50000,4.43932,4.4393,116.0412323,114.840982,116.0603334,115.64751589999999,116.0603334,1,8.16553275726913,8.876271319532016,12.060835907674518,44.586,2.572043947655469,2.0499967373429024,4.629160475027707,6.668572869559908,8.117806999110194,66.19999999999999,4.787130317862893,4.745187409181941,4.845648558788284,11.495821791154796,12.475320967020062,47.659000000000006,2.656124045834076,1.9916204998768894,0.01629602281430489,0.14046791434878703,0.14140971122243162,2.1340000000000003,7.807101722055381,3.9716791220092325,0.01950143715704207,0.21642291060081087,0.2172992666022358,2.0789999999999997,5.209405524925746,3.0648873680568043,0.026148477694782086,0.16606824311960375,0.1681138900012521,2.8609999999999998,9.231836821980867,4.424417610743003,0.10665151870106232,0.038335896725333496,0.11333217018110987,0.334,2.9029709699747506,9.706519999242731
c6,130,c6/c6/c_6_130.csv,2c889a05ce69dc79f76e708b30425b4131bcc37647523adaa1a2387823038649,220036,50000,4.40072,4.4007,116.0412323,114.9127783,116.2732426,115.74241773333334,116.2732426,1,8.490184637968332,9.27216026661125,12.57202451772548,45.571,2.55654926179025,2.0650368282134113,5.024231916595466,6.792164297629588,8.44844320181717,60.113,4.997370402030865,4.998566321006918,5.25708433165482,12.142276141275788,13.231444951790818,53.129,2.803321945195393,1.9954572909386978,-0.0014473904270210327,0.1465070031745661,0.14651381972085137,2.021,7.050529444718222,4.100040061703539,-0.005212074387827447,0.22475490726636643,0.22481482265349118,2.24,5.190938863487245,3.10091591358226,-0.006206229889654419,0.17551373834038733,0.17562303275912927,2.661,7.629978704660218,4.615827148486321,0.10525748059408462,0.03421928907435075,0.1106801321109376,0.268,2.3762168962392294,6.859994486651477
c6,131,c6/c6/c_6_131.csv,e55983224eaedc4eb6c298e233e6b5db5930a728cd49ece92077f33686333da6,220017,50000,4.40034,4.40032,116.0412323,114.9845746,116.4861517,115.83731953333334,116.4861517,1,8.546681524609463,9.371259051373054,12.683290666771462,46.263,2.5677878758486417,2.0660202749633476,5.126006535858593,6.764803019679502,8.48753762319593,57.452,4.8064588118596046,4.903325707683038,5.338915333815113,12.197409524562822,13.314658833241523,51.528000000000006,2.6711912370751505,1.9903716987379394,-2.687974111091423e-05,0.14922864385083232,0.1492283071414997,1.947,6.794957467677467,4.148617393352741,-0.00352282323638628,0.22772722501252288,0.22775395405527799,2.4210000000000003,5.576192981008616,3.0002535670147545,-0.0038068967397973798,0.17365620631485726,0.17369753420859818,2.5860000000000003,7.74334538557555,4.473297043931609,0.10864499561397528,0.034360987645403726,0.11394914294380272,0.296,2.5537708532262937,6.561312814529747
c6,132,c6/c6/c_6_132.csv,310ac88247654e34a4968adf352c4f4d3060b1bad7be044bf8a0599e4bb182aa,219565,50000,4.3913,4.39128,116.0412323,115.056371,116.6990608,115.93222136666667,116.6990608,1,8.663985111470408,9.552959754991553,12.896637641518259,47.69,2.5809052657915506,2.065732322855671,5.281087718898731,6.826593584854436,8.630878009727942,62.239000000000004,5.220558087973751,4.888217031420855,5.488900011386149,12.366623446453136,13.529992692992298,53.04,2.7755373452234116,1.9899452812544232,0.0009548698563067884,0.14986095961608792,0.14986366039849802,2.125,7.366695815812762,4.041227641169976,-0.0022041081228793297,0.22863220132196774,0.22864230470344388,2.2359999999999998,5.090921391427295,3.032954347211148,-0.002210907931592012,0.17574324278974182,0.17575674903829366,2.537,7.345379378397118,4.376387601696211,0.10883513310409218,0.03342603460637585,0.11385245231700084,0.303,2.6174227602078766,7.17963758054984
c6,133,c6/c6/c_6_133.csv,ae27ccd3afd2e079e8852cbabe09c9edd233010496e5d47d053cd817a78c12ba,220156,50000,4.40312,4.4031,116.0412323,115.1281673,116.9119699,116.02712316666668,116.9119699,1,8.687858718363342,9.666512695108457,12.99692011062438,48.296,2.6106954348563685,2.0733163065002125,5.38471783644325,6.86833080170924,8.72748187649973,58.082,4.780989590176582,4.905433783703672,5.590982857610058,12.46002973660769,13.656892954066226,52.968,2.690436259812674,2.000530723863948,0.00018996529733461716,0.15342880678709764,0.1534285759333458,2.137,7.319366637984482,3.9989466678776595,-0.0035638501789640076,0.23185349379665332,0.2318803558762692,2.1109999999999998,4.562697844765023,3.0374669081349825,-0.00370243372881048,0.17972635713522173,0.17976408079303216,2.427,7.548782793612453,4.325035850002889,0.10771187703264958,0.032906655057224954,0.1126263356520285,0.247,2.1575770763844733,5.977913998688969
c6,134,c6/c6/c_6_134.csv,9f89fd502c6a7afdf81c2005951b1de694882bd04f03d49ef945a7fa75ca6fef,220126,50000,4.40252,4.4025,116.0412323,115.1999636,117.1248791,116.12202500000001,117.1248791,1,8.800436518175953,9.83153352202957,13.1949344521828,48.615,2.6131997945844976,2.0754247833637156,5.44309099788303,6.856707519788969,8.754511068214935,60.95,4.813175706977755,4.8765248590613925,5.6838856291396755,12.601688978840508,13.82419616281194,51.946000000000005,2.6514380704899025,1.9927557600834367,0.0009048772066907136,0.1550804722645356,0.15508275992242498,2.159,6.970471769658564,4.159146029838924,-0.002491845579350009,0.2329881045028015,0.23300090028248732,2.238,5.038607140902276,3.0504553176216684,-0.0024850313002553084,0.18075463874658157,0.18077130962572122,2.436,6.815240773277574,4.474834710011096,0.11076211351680401,0.03406221452037523,0.11588129692908672,0.279,2.3731180724382606,6.431225341447766
c6,135,c6/c6/c_6_135.csv,9f48f1bc0d269c4ea18c21331a1d27b9789e6e34ca1cdd3b9eeac2c1f0781cf8,220600,50000,4.412,4.41198,116.0412323,115.27176,117.3377882,116.21692683333333,117.3377882,1,8.847714487760653,9.947307283855045,13.312795548337713,50.09,2.606590018903498,2.0780866944955028,5.528127302810517,6.896806891729669,8.83888687319299,60.986000000000004,4.860340517570283,4.991614251071671,5.773388218495014,12.702571379030738,13.953014001368627,52.908,2.6613604771239814,2.001386255669779,0.0011845602901178604,0.15440224759065027,0.15440644149444457,2.3529999999999998,7.66807387399443,4.301409672230039,-0.002169945602901178,0.2335642905878234,0.23357384102515003,2.281,5.253156751692425,3.14524674120551,-0.0019566999093381687,0.18137944984837703,0.18138959278277317,2.621,7.293692982619933,4.620982399524883,0.1098919084315503,0.03403370428594704,0.11504138088315514,0.274,2.3382890394302294,6.5070309817007725
c6,136,c6/c6/c_6_136.csv,e1922eabe8779cb6b9b170dc288801423f1e273a06565d446d51f3c0105bfe11,220626,50000,4.41252,4.4125,116.0412323,115.3435563,117.5506973,116.31182863333333,117.5506973,1,8.927768431644502,10.103689252616023,13.4829196755925,49.821,2.6191656443616798,2.077064293637304,5.629435311341365,6.957041244556165,8.949343295758618,61.259,4.864155789020938,4.97633325426522,5.879036074624024,12.821327423400046,14.104919601820011,53.119,2.6677925902636543,2.0069571755708937,0.00020384270212939513,0.1549792509929401,0.1549790338227778,2.322,7.9623673574524165,4.1880059396944525,-0.0037639580103886222,0.23495944815221753,0.23498906236631228,2.484,5.344929620775654,3.185504101906513,-0.004059829757145576,0.18423373028128817,0.18427803924138159,2.995,8.438335931950855,4.702087696225623,0.1090254457770163,0.0355787770808922,0.1146838762333835,0.28,2.3978959295059985,6.80315888758917
c6,137,c6/c6/c_6_137.csv,eb96dffb940b8b351e2b498c356971af196cabb64d6f8e089323302207090bb0,219717,50000,4.39434,4.39432,116.0412323,115.4153526,117.7636065,116.40673046666666,117.7636065,1,8.986045822580866,10.176171708746882,13.575824794943774,49.853,2.6147214284336244,2.0756935322487107,5.732176595347652,6.952699554984465,9.01097439857117,59.966,4.760417475695173,4.909066083089168,5.96477246639996,12.902336524574501,14.214360369413129,53.664,2.650488591879952,1.9875487933242897,0.0006138350696577872,0.1533515761626181,0.15335245571314604,2.338,8.183762002139336,4.023630948813335,-0.0028498250021618717,0.23416362138543007,0.23418042941876854,2.473,5.909972935975317,3.1152209331558636,-0.0030585571439624613,0.18134314241024296,0.18136852097234507,2.597,7.768713073504323,4.415118468120069,0.10957026083552934,0.03311768316341915,0.11446579404297771,0.281,2.41993691054986,6.384060933168921
c6,138,c6/c6/c_6_138.csv,979acbabb49ef6c4f8b9861dadee133ec062412164f6e11f85dd6fef97f0622c,219539,50000,4.39078,4.39076,116.0412323,115.487149,117.9765156,116.5016323,117.9765156,1,9.107126774741618,10.341381456951583,13.779820078606686,50.096,2.5924866795221715,2.0741764297332432,5.738551965709965,6.982915566968565,9.038355291298446,61.36,4.832958939117414,4.830497885259909,6.052309325450147,13.12117387886296,14.449735911700815,53.264,2.577624963362804,1.9796087459730656,0.0016005037829269517,0.15827101695028278,0.15827874878644152,2.063,7.120349438196603,4.015832750271603,-0.001998137005270134,0.23875952753933846,0.2387673446673508,2.349,5.377619798841676,3.1406327185331766,-0.0017998168890265517,0.1861275352423228,0.18613581309162824,2.5460000000000003,7.182927228205359,4.3554772992897295,0.10973499469342578,0.032546442650574,0.11445975347079383,0.301,2.5860618341758785,7.384378867741923
c6,139,c6/c6/c_6_139.csv,b1a9793e25a7b01519c8f950b26e7ab37a1202fd71d9ddbddee3558492ae97aa,219599,50000,4.39198,4.39196,116.0412323,115.5589453,118.1894247,116.5965341,118.1894247,1,9.173588408872536,10.488045907714996,13.933891428770952,51.999,2.632430443965027,2.0814294085059344,5.842146362232979,7.011540799221728,9.12645356239518,60.910000000000004,4.603211939093511,4.894282547299383,6.1738549401408935,13.227361439933118,14.597218185172062,55.223,2.6289255605551984,1.9856969164620861,0.0003541409569260333,0.15956783195408153,0.15956786162359252,2.156,7.044024959433396,3.975661559638111,-0.0033211490034107624,0.2410560871005791,0.2410784157679653,2.4,5.363400103161848,3.1727400629197873,-0.003557060824502844,0.18868426116392228,0.1887173573655658,2.529,6.978690346160525,4.322004198560123,0.10955724297469478,0.03197657037158639,0.11412837458198663,0.28,2.4095673053018705,6.367025197535246
c6,140,c6/c6/c_6_140.csv,dbcecc8952afe7b562fa51d259cd6d45905228df870ab22244e121c8225043aa,220053,50000,4.40106,4.40104,116.0412323,115.6307416,118.4023338,116.6914359,118.4023338,1,8.306185055418467,8.978952358521168,12.231677287190035,45.195,2.6271131297465824,2.0619682522087475,4.814430637164684,6.749041263908079,8.29024084984418,59.67700000000001,5.098404348625702,4.953899702163217,5.033050206086714,11.823182077719235,12.84984799811223,50.7,2.716374544284718,1.9962804407269088,-0.00672178975065098,0.14159893414574556,0.14175806676544608,1.9739999999999998,7.216520536306855,4.029314038772395,-0.01502349433999991,0.21997242489801735,0.22048436045628858,2.066,5.052512557782313,3.0152061322193005,-0.018349320390996713,0.16945362051922933,0.1704438223484025,2.423,7.374863944500017,4.391441228607553,0.10407719958373665,0.03381470242098041,0.10943259284526018,0.291,2.622619025447232,7.2361207027851835
c6,141,c6/c6/c_6_141.csv,925d6f0ab180e3116431918c8e224ea88b0b768fe786353bbd33bbd48718a736,219598,50000,4.39196,4.39194,116.0412323,115.7025379,118.615243,116.78633773333333,118.615243,1,9.268808131221597,10.681641745789216,14.142409801180177,52.664,2.6152544382438654,2.0790298746646227,5.9309453683549025,7.07014046023742,9.228367757130052,61.202,4.73507354171475,4.836064806725984,6.289174532554942,13.37546959819653,14.78026009880277,56.117000000000004,2.665041057240303,1.9842031275117318,0.0005826692410677693,0.15823775706469256,0.15823846953717832,2.21,7.507656030007785,4.085383053103228,-0.0030378646435759897,0.2403539916342823,0.24037264163029165,2.425,5.420750011992198,3.1648510204814344,-0.003083151941274511,0.18589176606989571,0.18591690928840984,2.654,7.5840331328480195,4.32284481612862,0.1102714095756792,0.03339470881935307,0.11521712228890349,0.28400000000000003,2.4215150878392526,6.937097094144674
c6,142,c6/c6/c_6_142.csv,3b637482fa1f2f8754d727eea9d4298f0e25599d8297e6efcc3a04aedcb30647,219782,50000,4.39564,4.39562,116.0412323,115.7743343,118.8281521,116.88123956666668,118.8281521,1,9.303949035862809,10.769903926614843,14.232138648019205,52.846,2.6756344174106172,2.088502134703914,6.002442784213448,7.080626101377963,9.282475814762916,60.004999999999995,4.555573409924371,4.857259650408018,6.3689478392225025,13.453753083147623,14.885098086405552,56.752,2.754432638737194,1.9822778870027842,0.0005696644857176661,0.15684757718950698,0.15684825486266038,2.219,7.408434355979743,4.09656567816797,-0.0030529160713798215,0.24043303168869087,0.2404518662832335,2.5469999999999997,5.880594822809229,3.1655501963324495,-0.003212383179696245,0.18551803007358733,0.18554541840819305,2.5629999999999997,7.550711906654854,4.352272311048403,0.10852358700894522,0.03346011200919257,0.11356470815756185,0.303,2.6240546454497915,6.801783241555152
c6,143,c6/c6/c_6_143.csv,27556406853d9990276eb1a951014933730d6b8dadfa7b503ea7e5a60cc6b861,220154,50000,4.40308,4.40306,116.0412323,115.8461306,119.0410612,116.97614136666668,119.0410612,1,9.39901300453319,10.931092879607599,14.41629960326321,53.673,2.620089831613245,2.0879957666930133,6.056794902659048,7.086529998983984,9.322201661157688,62.465999999999994,4.856041699743515,4.835057114979193,6.454202094897209,13.561277790734781,15.018793048623786,56.321,2.662131362390912,1.988701694352444,0.001261362500794898,0.15845394579415625,0.15845860635267733,2.223,7.09964593211249,4.166909494253081,-0.00239300671348238,0.24264787957106698,0.24265912820545374,2.2960000000000003,5.0935648254431545,3.1716842137843253,-0.0021286644803183226,0.18718051819096287,0.18719219657101108,2.537,6.837891875019662,4.336262585266931,0.1110124912561207,0.03298758457885637,0.1158099693826977,0.259,2.201882975699134,6.191202829584364
c6,144,c6/c6/c_6_144.csv,a6788ba6c3dfd5c14f98e881da5d1a8680f327c4ec85418d86c7549c3999dc41,220047,50000,4.40094,4.40092,116.0412323,115.9179269,119.2539704,117.0710432,119.2539704,1,9.440650315614391,11.05107175588536,14.534493810758388,53.694,2.632014605949591,2.0858068916101655,6.125025130994742,7.0986832382453615,9.375873696344545,61.144000000000005,4.704521565515241,4.729998230350301,6.534862861116035,13.70389809179369,15.182239692623211,56.892,2.6189153119034994,1.9796596129264856,0.000447663453716706,0.16192918904362888,0.16192943989807906,2.2720000000000002,7.1944916300165636,4.204125104254273,-0.0030356332965230156,0.24572228036954552,0.24574047234052662,2.411,5.497669908145602,3.1336395009759275,-0.0032084463773648358,0.19003002473422387,0.19005667660182696,3.038,8.034445447023677,4.422367447866479,0.10919143637495626,0.030539070767841455,0.11338165805210967,0.255,2.213761946263315,6.142990536598407
c6,145,c6/c6/c_6_145.csv,a896d78074572844d0b86596a5c3830c8575969e6fa572988d87b25046f0fc55,220590,50000,4.4118,4.41178,116.0412323,115.9897233,119.4668795,117.16594503333333,119.4668795,1,9.52043876422322,11.216615264424822,14.712261617718918,54.53,2.6232540586090978,2.087266675417918,6.208032938936489,7.161436998247636,9.477637910117778,62.089,4.594499221532179,4.832932136005917,6.629415866539734,13.801460699841364,15.311061644344916,57.109,2.641358315929523,1.9845495891701335,0.0009579310032186409,0.16331305040011426,0.16331548963444986,2.136,6.60072110987693,4.177188912058375,-0.002726070991432068,0.247240543311756,0.24725501129254213,2.356,5.071686892996146,3.2415620822537137,-0.002729783761729906,0.19202835428286566,0.1920473207393066,2.697,8.122997988176111,4.328015763524543,0.10842015503875968,0.032934787408408474,0.11331207050882715,0.264,2.2857229493465447,6.517436406951469
c6,146,c6/c6/c_6_146.csv,c9515b3a412f0a62fab9bf3ce2783204c948d8dd7bf6d9c0b1d208fbbc4de0fe,220855,50000,4.4171,4.41708,116.0412323,116.0615196,119.6797886,117.26084683333333,119.6797886,1,9.518768911729415,11.281241450827519,14.760514693688496,55.971000000000004,2.701193069984788,2.0868294862733965,6.21984522424215,7.130569260539104,9.462096087752954,63.30499999999999,4.872916061344887,4.875448461314471,6.667740377170541,13.77995285667572,15.308331152930915,55.899,2.5714102737099083,1.9923445434669687,0.0007594711462271625,0.16379385765595258,0.16379524757128483,2.6950000000000003,9.450823653026317,4.064331368156974,-0.002824509293427815,0.2487987469554426,0.2488142159549207,2.51,5.494059070353393,3.321107695667178,-0.0030290552625025467,0.19229636145043572,0.1923197815416687,2.6479999999999997,6.962362317939132,4.321420869032539,0.107268456679722,0.032510041261886634,0.11208666198880944,0.27,2.364242054299531,6.079491268786703
c6,147,c6/c6/c_6_147.csv,9dd45dc496d0e74b7af2521d188e8f6431fdd5b9f36de54637e966a6ad66329b,220566,50000,4.41132,4.4113,116.0412323,116.1333159,119.8926977,117.35574863333333,119.8926977,1,9.61244199922019,11.425770981906625,14.931399527204103,56.058,2.648713533379381,2.079555661866813,6.302322506642003,7.114008277497759,9.504112441407765,62.833,4.750364674064463,4.841796580618444,6.760985383059945,13.892274539260688,15.450091916359304,57.443,2.5757775562397836,1.9878434286810278,0.0008130174188224837,0.16817565288450265,0.16817723683968697,2.331,7.218575015340701,4.299694791962681,-0.0028287496713002,0.2508055244268923,0.25082090765499165,2.545,5.474025322835465,3.2515767783864558,-0.0029310818530507874,0.19587210815432032,0.19589359369509368,2.694,7.111003344847457,4.478866338680026,0.11190204292592694,0.03316506211905212,0.11671325361561903,0.263,2.219113870760429,6.052068331029179
c6,148,c6/c6/c_6_148.csv,888f43329599358bea5e3b76d31abbd805265065d2caaae042f85a9f7f7a488b,217465,50000,4.3493,4.34928,116.0412323,116.2051123,120.1056069,117.4506505,120.1056069,1,9.74914063412503,11.559589802780847,15.12181355029449,56.263999999999996,2.6369191676234793,2.0679227842678,6.3882051318603,7.163875076670746,9.598439192065834,60.408,4.542509373403232,4.698573148862579,6.885405058285241,14.076326810102255,15.670062799256778,57.211,2.577334916737892,1.955966650727501,0.0018033154760536175,0.1645952106733448,0.16460471057736378,2.2489999999999997,6.8770814397074185,4.063151286491829,-0.0011108500218425955,0.24911457959709857,0.24911648356785107,2.407,5.00569043902853,3.197832253192838,-0.0007081507369001906,0.1932864249631181,0.1932872777923436,2.483,6.642961785511066,4.323101319968736,0.11304066401489894,0.03249064151819733,0.11761729742213374,0.27,2.2530699634162072,5.619044921207664
c6,149,c6/c6/c_6_149.csv,b386d6952562f5608b16e24d48fac3f00b116de2e7ba5c24993cba21e0d55b1f,219753,50000,4.39506,4.39504,116.0412323,116.2769086,120.318516,117.5455523,120.318516,1,9.74022145772754,11.66432249843176,15.19630594123485,56.327999999999996,2.659198897170682,2.074304694358359,6.396263691508193,7.123965295515723,9.574071223774395,61.41,4.677216092648446,4.70361547828647,6.910215501039804,14.093643957915054,15.696527463142937,57.693,2.59343986086009,1.9742466327606094,0.0005878418042074511,0.16499278074819862,0.16499345253299313,2.386,7.69121429073825,4.229299206542915,-0.003338575582585904,0.24981476292967167,0.24983650228822626,2.58,5.663704010583577,3.221520180066787,-0.0034516798405482517,0.1942913451800453,0.19432156114490032,2.62,6.962685931650706,4.4056727696558315,0.11256843820107121,0.03168824006301874,0.11694354735467975,0.292,2.4541755957646263,5.999232705928045
c6,150,c6/c6/c_6_150.csv,710d39b26a7108fd062f18e8c77b008fcb729999d675fe9bb3050fd29daec645,220308,50000,4.40616,4.40614,116.0412323,116.3487049,120.5314251,117.64045410000001,120.5314251,1,8.395295563483849,9.114489709705541,12.391712278202458,45.535,2.5893112492968884,2.0634608429924306,4.907556125969098,6.7913261053749,8.37890255619563,58.973,4.902312650673696,4.898817358068088,5.153204645314742,11.975724032523026,13.037362970753742,50.391000000000005,2.6428657449588493,1.9887121192869752,-0.0037314214644951615,0.14491458809166033,0.14496229173735414,2.09,7.601976947195536,4.192020670456151,-0.008301241897706847,0.22364648829631212,0.22379998951910068,2.215,5.464700881478909,3.0377077350228148,-0.009843292118307097,0.17233200922988073,0.17261250534445385,2.599,7.838366040166352,4.455046105867839,0.10311299635056374,0.03548506700935089,0.10904803657774174,0.295,2.6593784638502433,7.702738118897816
c6,151,c6/c6/c_6_151.csv,af7e18ac11a3b271b8dafaf58cc324d02c9ce1a9556949babd5a10065387ac72,219611,50000,4.39222,4.3922,116.0412323,116.4205013,120.7443343,117.73535596666666,120.7443343,1,9.836084786281198,11.842420579872176,15.394507154062941,56.646,2.6302888163141547,2.067321753802959,6.487207717281922,7.1699043888427285,9.669082625969141,60.321,4.446750706682525,4.609035576719052,7.039614249741589,14.187444745386914,15.837892556857108,57.524,2.557284680054508,1.9611630694223103,4.9701517683540537e-05,0.16833668278494524,0.1683363068606834,2.2220000000000004,6.6652287965933406,4.11811201416492,-0.0036962583841428716,0.25221550992842695,0.25224201892994724,2.5860000000000003,5.696909682597665,3.3265119289365153,-0.003979513776632318,0.19742315894442025,0.19746281356367337,2.9,7.945799878386034,4.419533441502591,0.10993736652535621,0.029890486289201865,0.11392831808135223,0.265,2.290914185300524,6.8874353628618765
c6,152,c6/c6/c_6_152.csv,90bc1c6031d800e1d3999b2f3f559a1f4006cd318d306a80b5aeb1d873a4a8f3,219656,50000,4.39312,4.3931,116.0412323,116.4922976,120.9572434,117.83025776666666,120.9572434,1,10.015345476563352,12.112655398133857,15.716962106960318,58.194,2.638550612884334,2.0660627431199963,6.592460665768292,7.286802967645737,9.826382517933714,63.381,4.631409363205801,4.611457581608067,7.176175947845722,14.491728956633503,16.17117043692701,58.483,2.5516396701735067,1.9603583604359986,0.00044066176202789815,0.169219532532328,0.16921972110004785,2.537,7.575949136815104,4.263725629262397,-0.003393938704155589,0.25391168007104703,0.25393378386273235,2.63,5.43054956699042,3.242077432886656,-0.003696621080234549,0.19891635780621877,0.1989502507547453,2.8529999999999998,7.554652453556412,4.284893852666032,0.10784343245802527,0.028857292834451424,0.11163756304639114,0.263,2.3110500888736505,6.3806309271583626
c6,153,c6/c6/c_6_153.csv,8bdc3802eb18a2936702708a4306ed658795724f7c259aab7db71434d2003386,219560,50000,4.3912,4.39118,116.0412323,116.5640939,121.1701525,117.92515956666666,121.1701525,1,9.902142193477864,12.03021159294968,15.581327023949356,58.004,2.6110741362058865,2.0658289242574224,6.624887156130442,7.163652354806638,9.757397765863452,63.815,4.626438429919363,4.5939737007144545,7.151963504281289,14.230990622262107,15.927044724689683,59.936,2.6659057429643322,1.9625542179686042,0.000987488613590818,0.17357616744550447,0.17357858109747712,2.274,6.734701900481147,4.16006589108122,-0.0024069502641646933,0.2576531214969994,0.2576637771814571,2.5570000000000004,5.285958371404396,3.261870630537084,-0.0022542858444161047,0.19903997183581337,0.199052283974158,3.167,8.585683951367628,4.358159115040989,0.11062733649116414,0.03139673505529243,0.11499633933990117,0.268,2.287029322060732,5.879529695742679
c6,154,c6/c6/c_6_154.csv,b804b30129bb070ce7f8c0dac318caadcc1c2e4743b23b8efe556e0728b96231,219528,50000,4.39056,4.39054,116.0412323,116.6358903,121.3830616,118.02006140000002,121.3830616,1,9.942632630006194,12.130406016528326,15.684451646587974,57.887,2.620748300686818,2.0659789945425535,6.670559791917205,7.16564189061989,9.789921232957074,65.845,4.945698626972018,4.563628290552672,7.224376225356219,14.2805144407103,16.00386751929606,59.11,2.6399868624917477,1.9592065001690055,0.0005972358879049596,0.17114518365134151,0.17114583591800217,2.302,6.900547674240991,4.149768014186447,-0.0030174465216282207,0.2570044953897387,0.25702162312788623,2.643,5.680455917413407,3.2824175265940276,-0.003195451149739441,0.19651368718712767,0.19653921809104877,2.676,6.853593970115362,4.298383836356364,0.10826341970044823,0.029308291457059547,0.11216033202757748,0.266,2.32702592156937,6.510867721893713
c6,155,c6/c6/c_6_155.csv,0e8798b2dd418c5e2395b374edd74f1a74ecba8ff1818808a3f7c17174eadc04,219567,50000,4.39134,4.39132,116.0412323,116.7076866,121.5959708,118.11496323333334,121.5959708,1,9.97476667258741,12.238066648628106,15.788146292466262,58.69499999999999,2.651609582562364,2.0703049957167683,6.75086671949792,7.14607712008266,9.830584270161935,64.234,4.662896806564368,4.613945491292662,7.2917280784453045,14.286145464295826,16.039399024519046,58.888000000000005,2.6084518463592836,1.9678664761933384,0.0009407287980434217,0.17116743068773646,0.17116962599200394,2.257,7.168327867102534,4.206137748087408,-0.0027378021287351923,0.25947480633765824,0.2594886588048339,2.917,6.49739378886717,3.3549363894777984,-0.0027101249276986063,0.19692589034329697,0.19694408964261398,2.858,7.611297209884142,4.333660230472623,0.10797129805480787,0.028820044424074986,0.11175147596953153,0.251,2.2013132074163444,6.192070776905887
c6,156,c6/c6/c_6_156.csv,8e95ac421d2f4b6e0f0bfeda86a386c833a75a44cb17c209a70030c16b475e73,219636,50000,4.39272,4.3927,116.0412323,116.7794829,121.8088799,118.20986503333332,121.8088799,1,10.054978468921307,12.418294124130147,15.978608163081788,59.887,2.653923268359387,2.06959399174674,6.852290380447649,7.184503452929056,9.92827972567006,62.198,4.6117757824263785,4.575079598226225,7.372722367917827,14.358607644817296,16.140808837369125,60.219,2.6566202742408067,1.9660374013646524,0.000782166857892149,0.17045928218016348,0.17046068864430305,2.231,6.834420353838781,4.083600070392938,-0.0029169443989145675,0.25950627995385234,0.2595220824630263,3.035,6.342427528241273,3.38466314515579,-0.002880169917499863,0.1958372086555492,0.19585794100725423,3.044,8.118128842889803,4.352529240583325,0.10922468083556429,0.029277643604075997,0.1130805350885214,0.271,2.3523058127711423,6.496430774913631
c6,157,c6/c6/c_6_157.csv,061aa210d04d3e283f5f13a3af556853ffb4692e9793f72aa133e228eccc6664,219637,50000,4.39274,4.39272,116.0412323,116.8512792,122.021789,118.30476683333335,122.021789,1,10.171155693257509,12.595615494237913,16.18954031123512,59.347,2.602482787652766,2.0767663990726546,6.914376352800302,7.243484182234238,10.013811689915329,62.839,4.37186172015685,4.509284227576413,7.490889039642683,14.504105842673141,16.32426252840258,59.337999999999994,2.5946041927656176,1.9634848544337193,0.0004175525981505846,0.17160831343326804,0.17160843075845103,2.5199999999999996,7.348123833000558,4.076629383988157,-0.0032278759953923977,0.261465966385866,0.26148529499849216,2.681,5.503177530531107,3.4044624735101188,-0.0033527046900112454,0.19767169353907207,0.19769967413292536,2.966,7.8755820252548085,4.2253549882296335,0.10635381561394483,0.028078248041012416,0.10999781142910539,0.256,2.2818635820020092,6.930993694283792
c6,158,c6/c6/c_6_158.csv,817267e2abc3735525afd65be49da3ca3f060a58fdc519a120e0afb1a65a0813,219689,50000,4.39378,4.39376,116.0412323,116.9230756,122.2346982,118.3996687,122.2346982,1,10.354794140808142,12.92333488566849,16.55999957858878,62.594,2.649818908011076,2.0775308132605175,7.0515728962305815,7.348277845023716,10.184381267868124,64.626,4.57337552227656,4.508796847532044,7.652274597271598,14.753396714343324,16.61983845728566,61.3,2.640278370501479,1.9579119320437572,0.0008290310393328751,0.17485739329911026,0.17485896062060466,2.3209999999999997,7.365936497784646,4.090588457683329,-0.0029963357291443817,0.26903096599544724,0.2690470390789478,2.942,6.199659381906636,3.4607877961646665,-0.0031116259803631494,0.20247416100904306,0.20249760858904,3.0620000000000003,8.40997586028862,4.119031476756029,0.10942223779979882,0.029268118249926603,0.11326890558205074,0.249,2.154165776972649,6.439013082863551
c6,159,c6/c6/c_6_159.csv,bd74a4f1620068de1413415b1abb58f5a2504d2a1b42397b55874b029042c98e,219698,50000,4.39396,4.39394,116.0412323,116.9948719,122.4476073,118.49457050000001,122.4476073,1,10.522184694444192,13.176242219977112,16.862056207565313,62.221999999999994,2.6145091356189654,2.0768175723596447,7.190282000746479,7.439195044155668,10.346087485452149,64.555,4.4823707575650085,4.5348680581792165,7.791859429762675,15.044334123088806,16.94237387098893,63.923,2.704284555923665,1.957001306484941,0.0008909412011033328,0.174483148688968,0.17448502623125045,2.4370000000000003,7.868870066708878,4.123677381062909,-0.0026141885679432674,0.26944866796517747,0.2694607358868633,2.957,5.926651965615212,3.384863153627894,-0.002489339912061102,0.20489127328455015,0.20490592865728396,2.877,7.2813900982604025,4.138786103868765,0.10575984760899051,0.028429743881097234,0.1095143462040767,0.243,2.1732312546202315,6.836108876012923
c6,160,c6/c6/c_6_160.csv,7d52e86b750abd8a0c5bd3d2f0eb69bae46bb2bfa4e1cd0ba0cde5fc04565207,219681,50000,4.39362,4.3936,116.0412323,117.0666682,122.6605164,118.58947230000001,122.6605164,1,10.70601428434867,13.483683869498924,17.21707422709692,64.017,2.6182729658592554,2.0743204695726565,7.346567063150659,7.524765153447071,10.516362511868317,64.929,4.509544050661938,4.420056586506329,7.952478084131081,15.327430451590883,17.267627587832905,61.33,2.531557955929146,1.9531913078176915,0.0006989316326855758,0.16802412433221509,0.16802519557772644,2.521,8.094024204666855,4.099597937591012,-0.0029662874804830645,0.2657578417903691,0.26577379072333734,3.206,6.253438292303596,3.359374034323777,-0.003149544111689222,0.20165162775134526,0.2016757632957912,3.2110000000000003,9.292142840443677,4.115555277192306,0.105244363417865,0.02944322171884089,0.10928529356791296,0.255,2.2875905058958637,7.346155387225982
c6,161,c6/c6/c_6_161.csv,8ceca84e373fdd15f3f7c94bb5a26e15ccea7801bddd0b1469cd237a0b0ed075,220449,50000,4.40898,4.40896,116.0412323,117.287211,122.9007941,118.74307913333332,122.9007941,1,9.795206133845015,12.387942275472277,15.792608425943083,56.642,2.5826006002275963,2.0228524899663674,4.975403821292,6.615771039811843,8.277854256626757,61.044000000000004,4.638641707089836,4.061326950844598,3.498708141112003,13.45827345301247,13.905583819947077,55.30199999999999,2.6541136623877803,1.9924859750920343,0.014500083919636742,0.17197167521898998,0.17258150351836218,2.193,6.362211347192116,4.224225731676634,0.018873698678605937,0.2476737095733281,0.2483912330478774,2.9429999999999996,6.6749537801940875,3.3423879989522907,0.024460383127163202,0.19111127524309,0.19266983207005534,2.982,8.14346482343695,4.431258221908275,0.1004716374308797,0.028093899468253348,0.10432551718109698,0.245,2.3100772132445027,7.152520209159543
c6,162,c6/c6/c_6_162.csv,2abc7889ae33523b72d2a56502e20ce61c657d4e59f6c4f97657805a977f2e3f,219677,50000,4.39354,4.39352,116.0412323,117.5077538,123.1410717,118.89668593333333,123.1410717,1,10.846432471310152,13.325206633298277,17.18154303000833,61.926,2.602385590275958,2.044138765076247,5.52598910218184,7.112914711601239,9.007212717766958,63.59,4.888970803713547,4.245917394555321,4.113785439531676,14.68344940182712,15.248801117491354,61.428999999999995,2.6580450284388055,1.9967142450500688,-0.0016542514692025113,0.17622962163729852,0.17623698452694306,2.5170000000000003,7.228902624609032,4.281835864902281,-0.004266045148103807,0.26038608429717613,0.2604204358296709,2.733,5.744556855662684,3.3728372289637267,-0.005687564014439381,0.20382288994689854,0.20390176492063852,2.879,7.253492879650395,4.498473204295704,0.10595425556612663,0.02811168600313304,0.10962010566090033,0.251,2.244113874155333,7.388158231578383
c6,163,c6/c6/c_6_163.csv,c8bd6499ea5c4a8cf814ffb5005740ccbbcbd3e1f89894ae7fbc30740ae397b6,220282,50000,4.40564,4.40562,116.0412323,117.7282966,123.3813494,119.05029276666669,123.3813494,1,10.961493512860786,13.501265252616442,17.390735348176836,63.879000000000005,2.6714799040898836,2.0565159496203216,5.615336868196221,7.157316687039342,9.097195048428823,63.43,4.602407640719014,4.240549148815114,4.202881787890068,14.767544393715786,15.35394388220675,62.206999999999994,2.6717565411672,2.0033364535487683,-0.0012637709844653673,0.17021188285016872,0.1702161880015916,2.375,7.196730313268123,4.384448431357852,-0.0035852452765092017,0.2574109186662229,0.2574353010647524,2.975,6.630792253198564,3.438020923623719,-0.004776164189538864,0.19787327172197272,0.19793045663110223,3.226,9.154730559618521,4.432118752070835,0.1030752853160948,0.02703822563620196,0.10656254862650819,0.251,2.308503345412722,7.6651440384603315
c6,164,c6/c6/c_6_164.csv,8699a398c9e475847ad8ac8978f20faa9d0a5bfd6e07913abdd7b6dab051ae57,219959,50000,4.39918,4.39916,116.0412323,117.9488394,123.6216271,119.2038996,123.6216271,1,11.070568001309335,13.625104945863324,17.555629201657577,63.384,2.6216092554321255,2.046140859074745,5.692797244031842,7.187979593535511,9.169228768262553,64.023,4.879254420486822,4.173515745206948,4.276307325456108,14.848129226212592,15.451625919326506,62.208,2.698809835141131,1.9945698702770016,0.00019785050850385777,0.18145141892623634,0.18145111432537525,2.277,6.585795873687196,4.274178009305217,-0.002310576061902446,0.2655444969411551,0.2655539456308064,3.0300000000000002,5.7766040581927,3.434714789902013,-0.00275615455607636,0.21089229216247393,0.21090982215668694,3.224,8.226264581983536,4.651378183825905,0.10328716260757687,0.026964422437411952,0.10674883948494127,0.251,2.3138424847685912,7.083975712996235
c6,165,c6/c6/c_6_165.csv,6e04fdfb7a2bdbf3b7044cafcefbbafd82f13b5d9a69918c8940dd1bd2d81d8e,220549,50000,4.41098,4.41096,116.0412323,118.1693822,123.8619047,119.35750639999999,123.8619047,1,11.076815841377655,13.67139985411351,17.5955157836192,63.306,2.583669643962502,2.0494963140676288,5.824867172374393,7.14734927268428,9.220273725699236,59.973,4.487068522129204,4.12053724528601,4.332854136722451,14.767635891598234,15.390117152829129,61.27,2.6396160338865378,2.0036191139743167,-0.0008832459000040807,0.18111290282565334,0.1811146459150348,2.283,6.371654783464441,4.243002711114952,-0.0038251953080721294,0.2636636432736783,0.2636907918316834,2.9530000000000003,5.680896134424705,3.405103602191543,-0.00489316659789888,0.2112898429219889,0.21134601577022188,3.083,8.100460251218118,4.464006077061564,0.1049012509691724,0.027154533549289574,0.10835883814366064,0.261,2.3625207171435223,8.47169187137123
c6,166,c6/c6/c_6_166.csv,bbd83cc6f75b9eb1b75746b6b8ec4b01b2cdd9990768f575f341df6075092b59,220272,50000,4.40544,4.40542,116.0412323,118.389925,124.1021824,119.51111323333333,124.1021824,1,11.19213053406697,13.823207867931377,17.786061794950783,64.569,2.603949122292373,2.0549252658352515,5.856317870632672,7.203810888472492,9.283916992529466,62.303000000000004,4.728392125362992,4.22189499912996,4.412369770102418,14.880186271377728,15.520565236083714,64.655,2.749062250697135,2.0016796927352845,-0.0002026857703203313,0.19060293587405142,0.19060261098748518,2.609,6.983115252746419,4.340095279163068,-0.00263173712500908,0.2716219767202353,0.27163410929963117,3.129,5.989674876233259,3.3557151398139182,-0.00354845826977555,0.2191745181827759,0.2192027438109292,3.6159999999999997,9.023609675735178,4.741942702280869,0.10274410728553789,0.026851362968485813,0.10619483980853878,0.223,2.0528304425435118,7.419469346112768
c6,167,c6/c6/c_6_167.csv,e16f5adcf92367787f8bd90c14c9c9a20346e1471503cf5c27296c01ae4e63c7,220248,50000,4.40496,4.40494,116.0412323,118.6104678,124.34246,119.66472003333332,124.34246,1,11.15722175002724,13.834791591547784,17.773131027870235,63.160000000000004,2.5644327906280924,2.050524764116894,5.8521795203588685,7.150459776368681,9.239959307744622,62.539,4.701968759059905,4.1599004443851015,4.391435227561658,14.796005544235102,15.433907134759817,61.416,2.6290815180955445,1.9991267523704788,-0.0003074443354763723,0.1889360654369985,0.18893588666314154,2.377,6.383117687695864,4.149500417700051,-0.002986265482546947,0.2689539265751486,0.2689698941721511,2.934,5.970928474887595,3.381984572027327,-0.0038654562129962593,0.21714859644500945,0.21718250527370622,3.086,7.242756491908096,4.439717228836688,0.10006254313319529,0.0260963141004766,0.10340951143808919,0.222,2.098453004779129,7.164558435981756
c6,168,c6/c6/c_6_168.csv,5c7e4ed8766402cb67f034d617698e400a02d816104366eb406df4d58f76fde0,219698,50000,4.39396,4.39394,116.0412323,118.8310106,124.5827377,119.81832686666667,124.5827377,1,11.220585917941904,13.90420205726607,17.866938831957317,64.439,2.582311409578246,2.0528147641390766,5.939074010687398,7.14393894330749,9.290222356329524,62.803,4.513347301255137,4.185642681735742,4.454110305965461,14.809950345952835,15.465210296703109,61.968,2.6439989638367205,1.9918293217973297,0.00016235013518557296,0.19092527680502117,0.19092491131298284,2.6189999999999998,7.039416652114,4.304535243227365,-0.002199419202723739,0.27140791626862487,0.2714162102185595,3.008,6.145543033913977,3.468404316447014,-0.0029439639869275097,0.21964173197753145,0.2196609609479293,3.252,7.96227054845035,4.683732768849748,0.10404316379757668,0.02590074330051991,0.10721858692887996,0.248,2.2663980841417573,8.667925234661363
c6,169,c6/c6/c_6_169.csv,5d48bb524361bfd8b048f1c4dba91c115a1fa70c5dad722a0f24ef0e59c33ae3,216943,50000,4.33886,4.33884,116.0412323,119.0515534,124.8230154,119.97193370000001,124.8230154,1,11.359901162978293,14.0474055688644,18.065880771688462,66.247,2.5939504745010122,2.045731872428529,5.995638573265789,7.171798074103345,9.347841057081478,61.382,4.558913629336493,4.17495599558929,4.540895797513633,14.932992820537379,15.608106269778954,62.263,2.641511999430018,1.9669582537143362,-0.0005417828646234263,0.19475253910657694,0.19475284384382177,2.576,6.952401686548998,4.209597941503155,-0.0033123815933217477,0.2752012973604664,0.27522059667894017,2.805,5.35933726544699,3.488034343499983,-0.0042963727799468065,0.22146649218659165,0.22150765200370376,3.2030000000000003,7.444438081861062,4.628252741127931,0.1026003973393933,0.023435735307425244,0.10524292228888955,0.231,2.1474128148934795,8.28050025240078
c6,170,c6/c6/c_6_170.csv,e1a4396d4ab9788229482e66379a9cc41e16e52504cb7e151729dbe52c500a79,220800,50000,4.416,4.41598,116.0412323,119.2720961,125.063293,120.12554046666666,125.063293,1,11.344241191123189,14.160829388786246,18.144420326572867,66.23400000000001,2.597327396069059,2.0624415166681755,5.966373410326088,7.169964305238623,9.327688190650312,63.28,4.6516349081534845,4.15738823565316,4.5325908242753625,14.92576553861515,15.598777116605122,62.036,2.7005322074355003,2.000107528611828,-0.0003053532608695652,0.1938774474580971,0.19387724888668492,2.582,6.994116162606263,4.360788415500715,-0.0027717481884057967,0.27281533538769626,0.2728287974654605,3.112,5.952450822958286,3.589449128734817,-0.003580258152173913,0.2219594508778158,0.22198782164215122,3.561,8.261714477997106,4.813862319113766,0.10021539855072464,0.026475051540000058,0.1036535155517259,0.23,2.180340905921516,8.306054408152583
c6,171,c6/c6/c_6_171.csv,1e1001308d4077eb80ed7e1539811d786275bd9927ade9332e0f0bae54ac31b7,219662,50000,4.39324,4.39322,116.2270765,119.4926389,125.3035707,120.34109536666665,125.3035707,1,11.463426396008412,14.314584607667804,18.338935203458526,66.584,2.591644469687462,2.05796543656897,5.9985963616829485,7.209101513939354,9.378382928453366,62.370000000000005,4.4897932107517455,4.142393371518894,4.601995820852036,14.970175573321859,15.661529363361241,62.25,2.6508266872788937,1.9926335547182057,-9.419016488969364e-06,0.19417554433196976,0.19417510257280665,2.516,7.0709374261058455,4.183116775409234,-0.0027254645773961816,0.27346259769801756,0.27347555659808515,3.194,6.333289971306076,3.5059209466181147,-0.003944432810408719,0.22285185326998144,0.22288625118663713,3.6079999999999997,8.331604081065608,4.63376568076203,0.1018562882974752,0.027197922109034555,0.10542498311699358,0.243,2.257529410613076,7.590956035669639
c6,172,c6/c6/c_6_172.csv,5ed6cf8364982218831bbd4028bf24f8754c673c281cc097fccd62e93228a094,219742,50000,4.39484,4.39482,116.6029478,119.7131817,125.5438483,120.61999259999999,125.5438483,1,10.415077258785303,12.892465131315053,16.573736303436863,61.326,2.6036374182598556,2.0352545224388634,5.357875372027196,6.9842753093713,8.802653469903445,59.884,4.632694009758322,4.320626583542105,3.8434125929499143,14.238139734075999,14.747729346894454,61.242999999999995,2.6538322666086622,1.995040567170381,-0.008008405311683701,0.16960032436466302,0.16978890917855313,2.387,7.668345396051711,4.326902030589019,-0.01556453932338834,0.2526107507949404,0.2530892251866167,2.512,5.4921342422818515,3.311805964708154,-0.020341036306213648,0.1946028714942306,0.19566262548600794,3.5439999999999996,9.071737617703246,4.484276406016274,0.1075894002967116,0.02860906175104063,0.11132813546339661,0.23800000000000002,2.092912083995224,6.867843585270732
c6,173,c6/c6/c_6_173.csv,46e62cbcece666fd9b89d8ad20bce953571c83617dff8cd82f597b64da308286,219761,50000,4.39522,4.3952,116.9916592,119.9337245,125.784126,120.90316990000001,125.784126,1,11.58704736054168,14.515640813530268,18.573167096017777,67.847,2.6172165333300823,2.0590576018751747,6.08802918170194,7.2326928577541585,9.453872606088293,63.201,4.675755834866299,4.121272719632122,4.677381578169011,15.098678366975976,15.806547678179577,62.319,2.6743347668735478,1.9915304411055519,-0.0003486878927562216,0.19348842153952966,0.19348829550222774,2.4139999999999997,6.517190079776589,4.238106757777509,-0.0027365001069343513,0.27398678407406835,0.2739998260717786,3.1189999999999998,6.419712104266818,3.482621494609821,-0.00366259709411588,0.22242937169463609,0.22245901842766733,3.378,8.158806115518972,4.527667796474958,0.10234842852007407,0.025292553581115013,0.10542727908958081,0.234,2.181598557661444,8.509132712915502
c6,174,c6/c6/c_6_174.csv,d639cfed44be77dcbd8a80698e895fd13f1557e7b4e3a142f5b9b6a4117ba0e9,219919,50000,4.39838,4.39836,117.3928337,120.1542673,126.0244037,121.19050156666667,126.0244037,1,11.584570523692815,14.546997792263616,18.596140910017688,68.603,2.633987354527602,2.061749662867728,6.0812862644882895,7.1854484936716325,9.413420096572736,64.35,4.819821014523595,4.084279642934821,4.681847180098127,15.008301850860992,15.721570952916517,62.581999999999994,2.678549117395165,1.9948510052473474,-0.00033842005465648716,0.1962556009331736,0.19625544651646876,2.583,6.669878585459565,4.297350761273452,-0.002970693755428135,0.2736582193959098,0.2736737209437906,2.963,5.893879742773298,3.6114616351328293,-0.004175651035153853,0.2247328128975503,0.22477109156298827,3.294,7.354148562902605,4.735580538948683,0.1028747311510147,0.02580884167258954,0.10606273421446713,0.227,2.093100858130799,7.551991758503145
c6,175,c6/c6/c_6_175.csv,46dc26d3753c1ed10690127107c0c4b1cc502c33bcab52c8473dc037a792b43b,219615,50000,4.3923,4.39228,117.8060712,120.3748101,126.2646813,121.4818542,126.2646813,1,11.75263418254673,14.783557407804413,18.885893801770568,69.28999999999999,2.607766437582254,2.0595449821559324,6.195866179450402,7.243796673714782,9.532109369592726,62.941,4.581042695470639,4.0788111471518285,4.7880123579901195,15.216644760234447,15.952124804278633,62.009,2.583417601456234,1.9841131004736954,6.335177469662824e-05,0.19621269410583586,0.19621225761293748,2.425,6.365555420415518,4.278504824719861,-0.0023257974182091384,0.2761321502754136,0.27614131627766814,2.855,5.623932053827154,3.5619975522609644,-0.003160294151128111,0.22472476881072842,0.22474647766479167,3.325,7.466190426809399,4.664936666825202,0.10363013000022767,0.025382855929346256,0.10669344068532026,0.225,2.061982429162296,7.879747377213277
c6,176,c6/c6/c_6_176.csv,a3e6bc3e529cfe9b79e19e67c4e3cc4ec410d6ed9664dd75aae2e4ecab548362,219666,50000,4.39332,4.3933,118.2309499,120.5953529,126.504959,121.77708726666667,126.504959,1,11.835134945781324,14.960356014448088,19.075682226034036,70.039,2.6239166393581907,2.0632612873928076,6.27025514644961,7.27842447225617,9.606837212955512,61.514,4.467339151133251,4.049155283124783,4.855135364598982,15.308503841443546,16.05993656350521,63.652,2.680832507012289,1.9872973717974718,-0.0005004597889523184,0.19559182680640375,0.19559202186545688,2.651,7.009488357061304,4.2300130756400325,-0.0034792275545601045,0.27712285102864403,0.27714405997285907,2.8689999999999998,5.444821729709009,3.564789553875593,-0.004348292407564211,0.22475705884594335,0.2247986058271505,3.051,7.0685491760647094,4.548529516036536,0.1049120482914971,0.02514506264763813,0.10788331276860055,0.23500000000000001,2.131933049676813,7.35380890862615
c6,177,c6/c6/c_6_177.csv,3ee1153ce1f7ae9e6e68e288f660279420e7e20a9be81273ee3895e7414c674f,219696,50000,4.39392,4.3939,118.6670268,120.8158957,126.7452367,122.07605306666666,126.7452367,1,12.042498393234288,15.22520356720703,19.41204615924278,70.211,2.573196024274675,2.0632523581341617,6.342085354307771,7.338317858282441,9.699108748485498,62.015,4.447625149757799,3.9991066106955993,4.982928282717937,15.591781542430734,16.36863217840607,63.539,2.6030886109232094,1.9788986328215488,-0.000332591399024106,0.20102261744254868,0.20102243507649997,2.564,6.387346763118098,4.194933722978862,-0.0028529650061903714,0.2825034667123047,0.2825172292927344,3.34,6.243866982612255,3.52021908182567,-0.0039567220158764835,0.23007845068210134,0.23011194702976454,3.208,7.44854850921016,4.500332416151637,0.10378571298521594,0.02564153570635835,0.10690631216402169,0.272,2.4975138941314667,10.00604444313641
c6,178,c6/c6/c_6_178.csv,7960f63c3b0bf4ee2a95846db58681919ebfb08ea64b8b548cf0397b9582325f,219670,50000,4.3934,4.39338,119.1138385,121.0364385,126.9855143,122.37859710000002,126.9855143,1,12.13075173214367,15.39608693632987,19.600855886085355,70.663,2.6170795958157997,2.0652328302531453,6.400881258251013,7.382471651966885,9.77097336353246,62.153000000000006,4.325874038072192,4.0134019689139375,5.042565739518368,15.674672504949978,16.46577386277379,64.674,2.611295427614771,1.983088001717637,0.0003380252196476531,0.20265779953907836,0.2026576201675439,2.848,7.633564426154036,4.137366578626119,-0.002042122274320572,0.2831451168432027,0.28315183646542114,3.1630000000000003,5.851983941493366,3.606003334820914,-0.002832512404971093,0.23288811790578975,0.2329048125020624,3.379,7.737066403400501,4.523588176995262,0.1043692129102745,0.025817721504201023,0.1075150422630847,0.279,2.54848060543504,8.980094708107888
c6,179,c6/c6/c_6_179.csv,6d3ddb5a2aafe81876f77557c13038a9864d774c68c0bfceaa8b11e95e83768b,219766,50000,4.39532,4.3953,119.5709023,121.2569813,127.225792,122.68455853333334,127.225792,1,12.277290176824442,15.591761899864492,19.845245955583856,71.743,2.5888819979852182,2.066315953452133,6.471295045639453,7.434651195873573,9.856543332166426,62.58500000000001,4.409456595007658,3.9521300489187987,5.128123444936888,15.844192871693428,16.653376700329822,65.479,2.6086601403269527,1.9809612385746964,-0.0003258829846291056,0.2031640985070389,0.2031638976430952,2.6340000000000003,6.684258452186441,4.183903062336997,-0.0030537207757341898,0.2857629684418516,0.2857786341980036,3.2119999999999997,5.892672854028792,3.5760186040534534,-0.0041404266356033234,0.23487401885620232,0.23490997604558203,3.441,7.394321983426331,4.547772054913798,0.10325040270105476,0.024439652490053955,0.10610343799278674,0.23900000000000002,2.2053950788654757,7.961193596814552
c6,180,c6/c6/c_6_180.csv,9350d12e85e707757c5850841d0f046b055139b85a92ad97e5f21d0d47f0b507,219683,50000,4.39366,4.39364,120.0377171,121.477524,127.4660696,122.99377023333334,127.4660696,1,12.37955865041901,15.794729657457356,20.06802984163206,71.526,2.570057968172002,2.0594987991063682,6.537334359053727,7.4360117150487515,9.901048381264356,68.16499999999999,4.676777470113411,3.941513685699945,5.2084532166803985,15.910551260034753,16.74134026851326,66.147,2.652953663664125,1.9792377781840051,-0.00051902514077102,0.19884757848830867,0.1988478032805679,2.463,6.587953089688559,4.17136049653623,-0.0030002958808829083,0.2828582307334554,0.28287349870213385,3.403,6.819302652424289,3.4966870112246657,-0.003937314220945635,0.2315889686981554,0.2316219089934172,3.378,7.861950572438092,4.506358565800875,0.10751820122631245,0.02281272987304072,0.10991170033367831,0.224,1.9925085257997386,7.747010533870799
c6,181,c6/c6/c_6_181.csv,24ab593f56cef5210cd5269e7ece4c4ea0631e694e8e529f1514860c5eefa802,219656,50000,4.39312,4.3931,120.5137642,121.6980668,127.7063473,123.30605943333335,127.7063473,1,12.570204223877337,16.062367951530273,20.396287012051864,72.737,2.5736547033772696,2.059379495085213,6.618157163929053,7.507978545288879,10.008470884985998,63.594,4.370597716941972,3.903198689092149,5.315642085806898,16.122891784880874,16.97652811562912,66.263,2.6198525220863043,1.98004074825093,0.0003045352733364897,0.20295633147338205,0.2029560979635408,2.529,6.528505491064497,4.1734366826409035,-0.0017674591178934332,0.28953852401215613,0.2895432595399636,3.183,5.639917166763153,3.689440534666211,-0.0025461448810867905,0.23415718700959512,0.2341704965752363,3.217,7.460376202596081,4.363417141144609,0.10577427887241868,0.025070721441478313,0.10870481260320174,0.23700000000000002,2.1342201365716424,8.598514888855922
c6,182,c6/c6/c_6_182.csv,4ae702897727575e8393f3fa9dd6cd2dff7681459f3d2f7ba255f2c217d3b924,219685,50000,4.3937,4.39368,120.9985086,121.9186096,127.946625,123.62124773333333,127.946625,1,12.604833092837474,16.179636460735775,20.510028319865842,73.38,2.570059835019516,2.055535239067715,6.661535666977718,7.51696364367852,10.043930637692972,64.05199999999999,4.440691757927631,3.9098674737696255,5.337106288549514,16.094540245061555,16.956348372176176,67.388,2.6475039917004586,1.9843267837460634,-0.0005182875480802057,0.20297052314304503,0.2029707229114488,2.769,7.074911984357921,4.184361332775619,-0.0034028404306165653,0.28801661542813006,0.2880360610814702,3.0069999999999997,5.6520700702802795,3.5748486562500257,-0.004443248287320481,0.2345279761090407,0.23456952841179182,3.452,7.8697348820146305,4.415048282325467,0.10770226915811275,0.026227226608148684,0.11084964170536787,0.23600000000000002,2.0839038940151475,6.989251614768602
c6,183,c6/c6/c_6_183.csv,3a9f3c57881472c09c6c7b496125058e381f2bec794672929d1ecdef85853117,219766,50000,4.39532,4.3953,121.4914,122.1391524,128.1869026,123.93915166666666,128.1869026,1,10.63243674635749,13.125532762580288,16.891641055383428,61.474999999999994,2.6292886436777207,2.0460255739518387,5.40059380431914,7.070537417965082,8.897116686742084,61.792,4.724789106412514,4.349045979671114,3.9785196891238863,14.49765671327826,15.033619414585493,61.378,2.67181168368745,1.9982947746622135,-0.004653922808805729,0.17591716297071922,0.17597831232258873,2.428,7.034957794859413,4.42176450596945,-0.008489243104028831,0.25945610186799584,0.25959435612261217,2.792,5.893810723979481,3.371234617944848,-0.011030232156020496,0.20392782350714678,0.20422544893009587,3.261,8.12827200868683,4.747464709111463,0.10859496919450687,0.028248432883212975,0.11220890189150254,0.241,2.1032199408581147,6.8764517699191785
c6,184,c6/c6/c_6_184.csv,fcf924d3feeb0a06aa699bc0f45c65ffc7a3011c0f3406a1c981798f2608552e,219638,50000,4.39276,4.39274,121.9918734,122.3596952,128.4271803,124.25958296666666,128.4271803,1,12.762567110427156,16.411165857663317,20.789618991877624,74.999,2.586723692291347,2.0510594770351265,6.7538904697729905,7.5634450289535,10.14004323113139,63.641000000000005,4.427200059875003,3.8460766884090107,5.429492810897933,16.283435425623306,17.16474451394842,68.13499999999999,2.6620262225790157,1.9787328498517773,0.00024239430335370012,0.20093995732206496,0.20093964608780035,2.4370000000000003,6.07147481222756,4.185523246691726,-0.002176449430426429,0.2880633290180847,0.2880708951828274,3.1029999999999998,5.498646432138508,3.523837035654225,-0.0028204636720421793,0.23514957581771817,0.23516595473398502,3.208,6.931275412904997,4.401605210181863,0.10871058742112022,0.026779312058703705,0.11196035060109923,0.272,2.384772810789846,8.704032307733804
c6,185,c6/c6/c_6_185.csv,5dab832a0cfb2888bb346959172479d13614f2b782f98cddecf01f314842b276,219653,50000,4.39306,4.39304,122.4993512,122.580238,128.6674579,124.58234903333333,128.6674579,1,12.894807842369556,16.64723831297274,21.057192383274888,76.304,2.5684810688702324,2.0509962664172563,6.81238435168197,7.629216303214399,10.228062229494075,64.468,4.37091591710147,3.8559257895050156,5.518229694108435,16.359469784674822,17.265048281444052,66.666,2.6240876516222915,1.9840959256018462,-3.296107952088148e-06,0.20383139851795962,0.20383093455907253,2.408,6.240465917264192,4.225638054657604,-0.0027327876241162196,0.2891712578601635,0.28918351233981154,3.126,5.591605091579039,3.5530636630775585,-0.0034601029806103265,0.238442428090946,0.23846698930336657,3.011,6.4075954683025325,4.3270878878965515,0.11106477944758324,0.02743775121317423,0.11440372370694517,0.262,2.2464303754511286,8.114704950178261
c6,186,c6/c6/c_6_186.csv,a23a84f21d42c9ea2c2bddd35fc2ddbabc539c9ebcc48d77c2294b5b1549e3f0,219826,50000,4.39652,4.3965,123.0132434,122.8007808,128.9077356,124.90725326666666,128.9077356,1,13.006696983068425,16.861086563805102,21.294814233587193,77.731,2.6225164205432248,2.0459702913385223,6.890160254019088,7.679731655488042,10.317573277233805,65.666,4.398611842199333,3.856029197561264,5.599700836115837,16.477603705946745,17.403069793129117,67.947,2.6341329745226223,1.98700491318115,-0.000633714847197329,0.20390737378074344,0.20390789473479887,2.9690000000000003,7.920242627684707,4.319184196148823,-0.0034997634492735154,0.29094514960650714,0.2909655363623845,3.3920000000000003,5.942284511134021,3.7527783406373354,-0.00466734144277747,0.24201038875733036,0.24205484070564906,3.773,8.1345202362402,4.514733760224756,0.10962599510521959,0.02496842931533775,0.11243343999586233,0.252,2.1968553128774664,8.116061743242032
c6,187,c6/c6/c_6_187.csv,e2e9900bd17cc065c1e3d9055605c98653126307beafc4cb8b4cc74d65bcc392,219764,50000,4.39528,4.39526,123.5329492,123.0213236,129.1480133,125.23409536666668,129.1480133,1,13.07661422707996,17.006214342555698,21.452455568073347,77.185,2.5837601585568977,2.0418891869912925,6.906589277588686,7.65974809023721,10.313702016205049,64.006,4.321629607871915,3.7989175637298374,5.633741936804937,16.49255495141273,17.42820069096813,68.804,2.671417481675426,1.9840356854078876,-0.0002491672885458945,0.20231239433517953,0.2023120874770921,2.505,6.223058719329151,4.252361479012141,-0.002799443948963433,0.29177406410264617,0.2917868297057536,3.646,6.501321536386651,3.6392763813686675,-0.0037639604302797548,0.23988951368655204,0.23991849515369296,3.172,6.752293102548098,4.3325546167956706,0.11309909721337436,0.026517845049738635,0.11616625455261878,0.24,2.0229627003559294,7.2561830301932755
c6,188,c6/c6/c_6_188.csv,af9b829dd9f75c2055241b5461d172a08c272eaea28df948e340be1210fe84a9,219726,50000,4.39452,4.3945,124.0578583,123.2418664,129.3882909,125.56267186666666,129.3882909,1,13.247710361996305,17.291369546734032,21.782835671468998,77.943,2.5469594885053146,2.0367225632947563,6.998613891847119,7.749660668280776,10.4421053218582,66.27600000000001,4.447762071771095,3.7855375053753706,5.740143992973066,16.68645827158423,17.64612919323581,68.29,2.6269783867257064,1.984715863613017,-2.0293456395692445e-05,0.2040893776898771,0.2040889142803762,2.763,7.2076428314923,4.292184164207285,-0.0024318969989896503,0.29459167236655587,0.2946010396874843,3.269,5.83500995727487,3.5846683141766498,-0.0033658920655725766,0.24261173523865304,0.24263453056759057,3.043,6.441787145233213,4.3523015175814725,0.11592431937959094,0.025533195606038898,0.11870294408480406,0.23500000000000001,1.9376099032192733,7.087347490763701
c6,189,c6/c6/c_6_189.csv,0d2f9d3ab9d6c4f112a6f07abcee50feab4906d51f5be5a721322db8c52585dc,219689,50000,4.39378,4.39376,124.5873519,123.4624092,129.6285686,125.89277656666667,129.6285686,1,13.362355479791889,17.47987758023838,22.00221064748588,80.02199999999999,2.6127374617499504,2.039143890934839,7.072192745198895,7.775019442613604,10.51030743567173,66.46000000000001,4.343831070540147,3.778190896962104,5.802342566082053,16.745181566532715,17.721935802714466,68.372,2.6205940771372442,1.9879690089746167,-0.0001838007364956827,0.20588816029460688,0.20588777374560296,2.901,7.601228433960969,4.144964935399259,-0.003015517390492924,0.29936184146739364,0.29937634766776444,3.511,6.7306586365204915,3.685641383812625,-0.0037419852609825704,0.24385511711232824,0.24388327108684116,3.577,7.679903552437872,4.237121999508163,0.1130277301093819,0.026993326502454274,0.11620629988369932,0.256,2.1599517431602577,8.014877694423642
c6,190,c6/c6/c_6_190.csv,268c3a7969beb63390b195b1f03f017ac2863c22f591f4004ebf7e544dd02bd5,219747,50000,4.39494,4.39492,125.1208041,123.6829519,129.8688462,126.22420073333335,129.8688462,1,13.630838582551753,17.919756688614445,22.514794667871257,82.757,2.608817929120093,2.041301534973378,7.217885395477526,7.950135317548748,10.737887759002913,71.21300000000001,4.5532232313573715,3.7738046436293384,5.983220043959643,17.08969790976614,18.106776843981454,69.655,2.618908953735851,1.9833974522913365,0.000148306916590443,0.21290482351278087,0.2129043907350449,2.64,6.275117180005105,4.110666551885391,-0.0024141854041238335,0.3102400255400267,0.3102487127123402,3.7910000000000004,6.6785128031172185,3.6582031653118134,-0.00315268922897696,0.24933781498289107,0.2493571785943416,3.258,7.0661691391145025,4.212169922627113,0.11614392460420393,0.028801444723387342,0.11966173434193625,0.28500000000000003,2.3399293144113504,8.630586238117532
c6,191,c6/c6/c_6_191.csv,570472b6d86b71173d0e1b0a022d33ad4c1a0afb2595f7324b09d379885bfcee,219710,50000,4.3942,4.39418,125.6575832,123.9034947,130.1091239,126.55673393333332,130.1091239,1,13.750472841472853,18.13323585145178,22.757158197488042,83.106,2.6087615810726796,2.041159151274677,7.339759218970462,8.002381300333697,10.85863160816704,67.692,4.321446909084435,3.766768950600049,6.05177790268991,17.201489125536998,18.234963591520646,73.104,2.688845511202428,1.990348237369834,-0.00045190023212416357,0.20157477722477965,0.20157482504165528,3.202,8.413749086224051,4.327807920877565,-0.0033653497792544714,0.30013069577694135,0.3001488799559634,3.356,5.807118121699224,3.5653124064504818,-0.004363683947021074,0.24167218822747125,0.2417110309243857,3.36,7.624807163130856,4.189551921870603,0.11316806699740568,0.025241022593238745,0.11594877191979333,0.265,2.242369588699508,9.185773284605194
c6,192,c6/c6/c_6_192.csv,4c4f18abddbee6b02618787a3fb680297519eef78b50e9a5871be9b44d14aed0,219744,50000,4.39488,4.39486,126.1970529,124.1240375,130.3494016,126.89016399999998,130.3494016,1,13.976293423256154,18.47352529192464,23.16476551844891,83.767,2.561994420048586,2.043063795850683,7.448479844728411,8.117186345337426,11.016726660818728,69.784,4.354741791917587,3.7517398711564396,6.183309637578272,17.44647624672619,18.509766782609628,72.847,2.663620810518334,1.981711987560013,7.367664191058686e-06,0.202725725540011,0.20272526439632405,3.04,8.36106937656427,4.308081663636558,-0.0027112048565603613,0.3016922795685582,0.3017037752197234,3.096,5.372819742873505,3.56159810473781,-0.0036425886486092904,0.24286142612657116,0.2428881889706699,3.719,8.637719309823439,4.212047787170501,0.10939394022134848,0.02720869585639368,0.11272685535566822,0.288,2.5104931660436844,9.254825917147988
c6,193,c6/c6/c_6_193.csv,8050036f0b0fd504ed58e8e4012aee8e587a224d416ebe19ed5cefaffc215dbf,219814,50000,4.39628,4.39626,126.7385738,124.8334912,131.0330779,127.53504763333335,131.0330779,1,11.967946764082361,18.600166056103426,22.117783640282177,83.316,2.556087938984773,2.0255978314102956,6.0089726587023575,7.8330671443292985,9.87240670603805,64.03399999999999,4.271602787009154,3.508686782210591,5.521460298252158,16.782723726100638,17.66762740541522,68.281,2.5465784945300416,1.98011856942569,0.013015513115634128,0.1971018436064451,0.19753066495689964,2.818,7.173569735661972,4.420483059990406,0.01643203799576005,0.2944719631742439,0.29492940592880224,3.4939999999999998,6.120108621639912,3.711613820794929,0.021262089766802845,0.23856559488953596,0.23951066909309976,3.4210000000000003,7.243936174407293,4.043094857064835,0.11301533114360322,0.02578770764521453,0.11592009279577743,0.265,2.2429243604735185,9.488492437933811
c6,194,c6/c6/c_6_194.csv,143ee18cc23c17521f20547b17b82512501a039ef1e6af25fe8958fbd00ba9bc,219778,50000,4.39556,4.39554,127.2815045,125.5429449,131.7167543,128.18040123333333,131.7167543,1,12.558939161335529,19.542418778914733,23.229966571180345,88.571,2.5844634694603195,2.03786537857117,6.424892254911773,8.169855846664287,10.393530744778449,66.877,4.2290729761955355,3.5273783353685526,6.042065998416584,17.61483343095324,18.62223151317981,72.693,2.571442631142722,1.9869456402258305,-0.0014653240997734075,0.2065586627827994,0.2065633902967453,3.03,7.363357068331219,4.375784177137439,-0.004505214352664962,0.30688831415336293,0.3069206832309262,3.303,5.428112509271676,3.6923524633846108,-0.005514937800871789,0.25160941390763353,0.2516692743558079,3.715,8.185345649654433,4.005388921406439,0.11225582633384598,0.029302059604141114,0.11601714242395861,0.279,2.361719951683765,9.141347635581978
c6,195,c6/c6/c_6_195.csv,b5e27e85cd2b2212150df2ba01db48a80add776ffc8e482c2f9c8bad46f3c6d7,219685,50000,4.3937,4.39368,127.8252031,126.2523985,132.4004307,128.82601076666666,132.4004307,1,12.604724787764297,19.720094972642332,23.404261631690485,89.521,2.557397492042852,2.0393457989904773,6.558593718278445,8.217737033164283,10.514087982679774,66.822,4.354062860745826,3.5281741273111287,6.1361518037189615,17.630636841240005,18.66789488544132,74.321,2.625684379561538,1.9916051040851686,-0.0002271160980494799,0.2100474213637506,0.21004706608434165,2.899,7.150778289837629,4.409301098877871,-0.0030199194300930877,0.3128444361707979,0.31285829963004697,3.305,5.462536880181482,3.733936220193045,-0.0038985410929285114,0.2560051138424732,0.25603421374141805,3.5389999999999997,7.042027601127329,4.093976168909055,0.1119377927487084,0.02850135573296525,0.11550927679792077,0.278,2.363446534927264,9.116345312857746
c6,196,c6/c6/c_6_196.csv,74f3c66b19457ef223f0d34e1bcf48bd2b6431352f630c94ebb4d2d70da0f4ee,219775,50000,4.3955,4.39548,128.3690289,126.9618522,133.084107,129.4716627,133.084107,1,12.726999376635195,19.98268814854316,23.69140185554755,88.587,2.5550619743434755,2.0400506392200075,6.632731220566489,8.2886965779568,10.615804340790762,68.35300000000001,4.4361217000813795,3.514436361245417,6.248720837219884,17.845967533725688,18.908295010509157,75.339,2.58727716977178,1.992301710156084,-0.0004531088613354567,0.2127029018804828,0.2127029005858713,2.7119999999999997,6.605457641292394,4.264074415051196,-0.0034578682743715166,0.31528418472361935,0.31530242893191474,3.4139999999999997,5.49313878065304,3.619489993823356,-0.004589721305881015,0.25925535433357516,0.25929538843631317,3.2969999999999997,6.853187828430885,4.092011971077209,0.11369031054487544,0.027207310318131093,0.11690047509901579,0.25,2.0957998655906462,8.273237143021655
c6,197,c6/c6/c_6_197.csv,e07ff7961e4f8c5b5a4f0c00dcd5b7ba2c9e4f6556964c88195adeca4ef92ab5,219708,50000,4.39416,4.39414,128.912343,127.6713059,133.7677834,130.1171441,133.7677834,1,12.781711717370328,20.14937601914774,23.861426204059747,91.265,2.5608695589873633,2.0341021705743243,6.719317134560416,8.342299534267628,10.711809721873701,68.93799999999999,4.345390854446398,3.4982281219297815,6.329325154295701,18.043023975388532,19.120920201250662,74.161,2.5977306257860495,1.988153376529143,0.00016134596828517857,0.21824398710610987,0.21824355007826404,3.029,6.987606274976381,4.3202980045825266,-0.002929825040508311,0.31915852336340406,0.31917124445207695,3.434,5.511148108031113,3.7188313464254437,-0.0038432464907968756,0.2657939353001044,0.26582111473517644,3.508,7.0272822452836,4.245484990808468,0.11499239445081655,0.02729816034691689,0.11818814216380237,0.245,2.030660568869701,7.74628007855268
c6,198,c6/c6/c_6_198.csv,83402f271063af684688f811c2da78401c3a91fda577ae3711d4facd5f6fd3c9,219759,50000,4.39518,4.39516,129.4545105,128.3807596,134.4514598,130.7622433,134.4514598,1,12.927450862080734,20.46983297037299,24.210145413202454,91.654,2.5494683714844917,2.029093114335654,6.870255666434595,8.420557946095183,10.867653214618091,68.218,4.225475279081561,3.4886749056460564,6.4770383875063136,18.28646977105435,19.399625803526625,74.574,2.576750732527674,1.9851419918837068,0.0005129710273526908,0.21943261024973654,0.21943271058249822,2.916,7.049997221897269,4.4662662135042615,-0.0023320865129528253,0.32189051715731654,0.3218982326393524,3.503,5.716092272123454,3.6593018195140123,-0.0029350925331840787,0.26901202686906994,0.26902742623122655,3.9479999999999995,7.6349093056207815,4.208535889489378,0.11446843132704462,0.029586554446211406,0.11823020760863633,0.256,2.122976903084329,7.637781984957971
c6,199,c6/c6/c_6_199.csv,4438a01837ed0d10c13f9d9e2830fbd04a843bdef5562cba1b82489dbd121856,219788,50000,4.39576,4.39574,129.9949016,129.0902132,135.1351362,131.40675033333332,135.1351362,1,12.95956173221468,20.574286218047185,24.315623942656405,90.97800000000001,2.5447424316943166,2.030691735859099,6.891361803192167,8.411430507448317,10.873946329331472,67.73,4.329430969602215,3.4525997067600276,6.512845000636978,18.330403827974443,19.45300300046769,77.12899999999999,2.650439112087754,1.9811696459274946,-6.261488343312646e-05,0.21745645157519597,0.21745596589347133,2.827,6.838166034628182,4.38501959042397,-0.0033960953282253805,0.32034775233320145,0.32036502457624244,3.516,5.524947682229789,3.7430076937226513,-0.004198987205852912,0.26774785094191655,0.2677801654427901,3.542,6.62110278805841,4.223247088117662,0.11298575445429232,0.030196477790231352,0.11695128828650993,0.281,2.359956902089432,8.2823017518502
c6,200,c6/c6/c_6_200.csv,13b5810200e248467c81023f11ca6b53ec9321f2c5928e121c6ec239ac9e7768,219619,50000,4.39238,4.39236,130.532893,129.7996669,135.8188125,132.05045746666667,135.8188125,1,13.066878667146284,20.85054052934137,24.60663282380592,91.934,2.5500441466048067,2.024763270150425,6.964898492389093,8.460102009508677,10.958230291560813,67.012,4.1258486814991295,3.4300121054576342,6.624508307569017,18.434777645804584,19.588863922022917,74.471,2.5676323139624877,1.9781996949418812,0.0007114912644170131,0.21880725260102143,0.2188079112192267,2.7030000000000003,6.201786729001781,4.38866217172214,-0.0021597357241404432,0.32287985488818677,0.32288634294273144,3.447,5.348631299361919,3.683626849984005,-0.002744912780770334,0.2693952000745396,0.26940857060661694,3.8470000000000004,7.6872090421504,4.141619416041101,0.1149761404978622,0.029734328243606556,0.11875874340079912,0.266,2.197732920759784,8.085213748915223
c6,201,c6/c6/c_6_201.csv,92140114e4e3ee424d7c6eea827aef61d5fc5c52b9e92e6d8a4ff5d1a6fcbe91,219776,50000,4.39552,4.3955,131.0678691,130.5091206,136.5024889,132.69315953333333,136.5024889,1,13.106281222699476,21.041498604900795,24.789458576209945,94.845,2.5550779903190564,2.028074855544271,6.998342748980781,8.515261940704717,11.022075903640868,68.612,4.242122845892849,3.426705174370858,6.68490271458212,18.547768118280562,19.715629869553577,75.97,2.575621490968364,1.9847928958189403,0.0003729115099009899,0.22240424770516182,0.22240405436135197,2.836,6.811926178011562,4.374925844181273,-0.0027077433386721024,0.32774783449628697,0.32775827392574486,3.638,5.7115262952114225,3.682288697508501,-0.0034362805765870705,0.2705912240736264,0.27061242657025186,3.13,6.019679216678937,4.077275050017589,0.11467086488060572,0.029315074988418986,0.11835867929230076,0.274,2.2727526330001764,7.898883573228046
c6,202,c6/c6/c_6_202.csv,027f0d63f6ce90178ff9a15bc1509dfcfc12742601c540162612c31780cdb0ef,219719,50000,4.39438,4.39436,131.5992242,131.2185743,137.1861653,133.3346546,137.1861653,1,13.186265088590426,21.20008378354542,24.96635924354963,92.899,2.5108586874233962,2.0248905452429065,7.055300843349915,8.545034895427346,11.081270641559989,69.548,4.2203643889538895,3.4065134618449777,6.76376468580323,18.57912233974158,19.77196825346845,74.955,2.5534129608539913,1.979590823614252,-7.176894123858204e-05,0.22345421592374193,0.2234537189485662,2.6900000000000004,6.050469897577309,4.449658755114164,-0.003360264701732668,0.32888231231480125,0.32889872978016094,3.824,5.834622715881809,3.768397437541558,-0.004009721507926034,0.2744592704883644,0.27448793450017833,3.8520000000000003,7.0349175948888405,4.275635065811376,0.11522331705496566,0.030472669727998083,0.1191846977059899,0.273,2.248610812951125,7.571313776795145
c6,203,c6/c6/c_6_203.csv,6f50a6d6d7a49ff8f322aa8fd7576539c1a4aa7fbc7d135d2efd24997c9e6f4d,219753,50000,4.39506,4.39504,132.1263628,131.9280279,137.8698416,133.97474409999998,137.8698416,1,13.22545291304328,21.373645613268458,25.134503231819462,94.944,2.5256914534771413,2.0283192466719324,7.068999039831082,8.599848162355663,11.132286346160257,68.14,4.129969223784656,3.386641329048854,6.823471574904552,18.55930010331371,19.77386702766032,75.093,2.5775939490592776,1.9820345008366216,0.0005400472348500361,0.2328343120449403,0.23283440858716883,2.899,6.231896775071253,4.563514039458012,-0.002564501963568188,0.3371138104883192,0.33712279771649184,3.824,5.730849450367764,3.7663112858255072,-0.0033433991799884416,0.28169308653074154,0.2817122862523822,3.8659999999999997,7.646098892791139,4.411805391169409,0.11528674466332656,0.029720851109510865,0.1190561147782676,0.275,2.267838157686006,7.67701658124362
c6,204,c6/c6/c_6_204.csv,d9078f0a63b6d55898c05d4ae4e622b72125c59f4692796cbf6a174888832071,219765,50000,4.3953,4.39528,132.6487023,132.6374816,138.553518,134.61323396666666,138.553518,1,12.230196400700747,18.903623179571515,22.514951638269917,84.651,2.569847847314588,2.033375504082045,6.157017040930084,8.024350020365294,10.11428490284759,63.371,4.257048364128805,3.5925593121033743,5.754249734944144,17.250708256276397,18.185075508255093,71.003,2.5787630069895546,1.9816888164982613,-0.005446877346256228,0.20167532016127315,0.2017484031171191,2.683,6.9046395335844855,4.432642094822045,-0.012541014265237868,0.3010356025606671,0.3012960316486662,3.404,5.931043931185181,3.7509086941268337,-0.015590944872932451,0.2474711421339771,0.24796121688861317,3.505,7.553600613443399,4.249843081334595,0.11191053625463564,0.026970476620747384,0.11511460126335457,0.266,2.2673057729913397,9.807747952690624
c6,205,c6/c6/c_6_205.csv,c668de805860230d5d29beda34df3bdedeb01b69cc9b149daa5c013c98162bd3,219757,50000,4.39514,4.39512,133.1656732,133.3469353,139.2371944,135.24993429999998,139.2371944,1,13.349929162666037,21.65414558653193,25.43856316699701,96.092,2.56508198091374,2.0294746567718476,7.139556077849624,8.656519022404964,11.220884171146206,67.62,4.10529146343505,3.403962486259209,6.92502082755043,18.684325473156523,19.92632287346902,75.39500000000001,2.539806281438085,1.982445354782603,4.721123786728087e-05,0.22961433375332232,0.22961381617851068,3.096,6.902894722884444,4.4772282812593405,-0.0028712350459826077,0.334628820544207,0.3346403770958109,3.8280000000000003,5.836115823646818,3.807948521564545,-0.00393410903861993,0.28096766216167157,0.2809945643009965,3.909,7.163839645822149,4.209704887607181,0.11376815300536501,0.030878065795727508,0.1178840245616811,0.291,2.426113301301099,7.840204496983204
c6,206,c6/c6/c_6_206.csv,12bcf018e1e7d02d2569d4a461bda787fa9fb70d23a9e48a2ae418d9255dbfa3,219740,50000,4.3948,4.39478,133.6767215,134.056389,139.9208707,135.8846604,139.9208707,1,13.367429807954856,21.852899357763327,25.617088374062376,96.534,2.5541154031481454,2.0238455176892476,7.243348006735232,8.671896182177578,11.299005775306014,68.815,4.157710946804758,3.391962136276611,7.009179280058252,18.732779328270304,20.001100434150548,76.162,2.5854077464511356,1.9833512350129505,0.00027772367343223794,0.23206108642437678,0.2320607245741292,3.365,7.735044365194193,4.417271407708868,-0.0029459179029762447,0.3369565214216754,0.33696863216137507,3.792,5.6889568257556515,3.8199673303254196,-0.0037316100846454896,0.28281519660760934,0.2828391704665959,3.867,7.258542006799107,4.159672955776652,0.11393319832529353,0.03236423188231589,0.11844075489130725,0.318,2.642671437608104,8.866416085167327
c6,207,c6/c6/c_6_207.csv,15d7da0ce3187d6ee4d30afdb7e37c45f23edc945594c3fe744a41ff7020fc2c,219760,50000,4.3952,4.39518,134.1813097,134.7658426,140.6045471,136.51723313333335,140.6045471,1,13.477741772843101,22.091654060886295,25.878340009545358,97.366,2.514148897340461,2.025167164855089,7.316497265198398,8.728966239321108,11.389716287967424,68.546,4.1567321611001145,3.3867234994099946,7.097727052238806,18.82056378121646,20.114416186672088,78.104,2.6113111865908056,1.9806639009118718,0.000696268656716418,0.23086983204299205,0.23087035668592634,2.987,6.8393362520250065,4.343647645512284,-0.0023023434655988348,0.3336195241127547,0.3336267093384745,3.691,5.949763446505588,3.8437432557346183,-0.0030656625409537677,0.28198908693560587,0.2820051091702188,3.7279999999999998,7.269371842347069,4.14468314857722,0.11191310975609757,0.031020976214302238,0.11613285806220562,0.291,2.462696645653949,8.39933967108287
c6,208,c6/c6/c_6_208.csv,ae186fc70db4874bc44aaf2046ed84cd608ebab230ec2bbf481d2de6107b5c79,219749,50000,4.39498,4.39496,134.678918,135.4752963,141.2882235,137.14747926666666,141.2882235,1,13.533686533272052,22.407835554535726,26.177652310509664,98.644,2.527881385812158,2.0227162773162592,7.3666976914570705,8.790844898146984,11.469386959702788,68.251,4.1237600724586265,3.3928469399934977,7.178693864363432,18.89926698713428,20.216684021839775,77.735,2.6054717946373938,1.9875746929080051,-8.623019899976784e-05,0.23141107098265673,0.23141056051299772,3.03,6.56409109693454,4.38747904382131,-0.0036035977410591173,0.33698114068937735,0.3369996414574837,3.655,5.59051039891889,3.724906633024092,-0.004180669764139996,0.28588352046882254,0.28591343681922493,3.928,7.666656119369236,4.114302776174556,0.11170055836431565,0.03171755887616343,0.11611637999006155,0.26,2.19607259563057,6.928190557590727
c6,209,c6/c6/c_6_209.csv,e25e1483327efaa0aeb7a3e0f90050f1284f2bd1f55cb92b2818d37a05b15b3b,219807,50000,4.39614,4.39612,135.1690461,136.18475,141.9718998,137.77523196666667,141.9718998,1,13.64022693089847,22.677297003991423,26.46343232720652,101.711,2.5974710744279323,2.023524411001089,7.439128289817886,8.856313846611352,11.56609561734152,69.437,4.159571353349933,3.402183318981914,7.259288903447115,19.02707728847117,20.364805387993716,80.051,2.600564993919516,1.986745574363828,0.00018335175858821611,0.2333563405824321,0.23335588179217162,3.1189999999999998,6.723635967304918,4.248841348179627,-0.0029522672162397012,0.3379615977865334,0.3379737235812427,3.589,5.580315475462221,3.65964591990924,-0.003917018111343133,0.288106734384921,0.288132705189572,3.7190000000000003,6.965540405000288,4.02582931326982,0.11386418539900914,0.03206158022550784,0.11829198183544407,0.289,2.4008389714450153,7.837260508742665
c6,210,c6/c6/c_6_210.csv,ad13f0f830bae1c57259295767dfc066fe0f8198158de21ac230c31ecbc55709,219727,50000,4.39454,4.39452,135.6512144,136.8942036,142.6555762,138.4003314,142.6555762,1,13.671972047131211,22.87384045671027,26.64832106724062,103.85499999999999,2.6253436313481164,2.0257432062234515,7.479160576533607,8.869452861278575,11.60192565764792,70.999,4.20076816884901,3.3743282313232053,7.333881320911859,19.080457096644107,20.441330713884415,79.728,2.635787305344247,1.9844414723900978,0.0005800925694156839,0.2345695284489553,0.234569711961043,2.739,5.870323105604913,4.227034110635692,-0.002554692868878199,0.341128958161445,0.3411377477573057,3.6950000000000003,5.7953129285665845,3.7447306215234293,-0.0031582918803788338,0.29006594504626654,0.2900824785494845,3.5439999999999996,6.153422326386738,4.028144689051822,0.11366772859047818,0.03388620217083499,0.11861122204313546,0.358,2.9761096287467987,10.236624543657818
c6,211,c6/c6/c_6_211.csv,241a046a55ab1ae2109b73deaeb152d5e10b1c2f511e1393988c6233a3f3c64c,219880,50000,4.3976,4.39758,136.1249653,137.6036573,143.3392526,139.02262506666668,143.3392526,1,13.810663375477533,23.226985617583765,27.02267252089636,103.411,2.5743567719367992,2.0224160619720597,7.5551195424777156,8.96695277817084,11.725429959907338,69.758,4.021430357882811,3.355782586894755,7.448667655084591,19.243308486901448,20.634579889960335,78.107,2.5580360870677006,1.9835451774984418,0.00030235128251773687,0.2389560848742514,0.2389557327782254,3.2569999999999997,7.386305318893918,4.300185292539019,-0.0031948926687283977,0.3429419345954505,0.34295603648914563,3.5570000000000004,5.464257224290937,3.7410750567409243,-0.003877283063489176,0.29804481973958447,0.2980693608897413,3.913,6.904433229422979,4.1503270508336385,0.11309792159359651,0.03206071337468119,0.11755434715956108,0.29,2.424410554661653,7.800943433486069
c6,212,c6/c6/c_6_212.csv,8666da8af8af9d98c123412aff9247986cab893bb2848d747dc86d4b82fb12a5,219776,50000,4.39552,4.3955,136.5898649,138.313111,144.022929,139.6419683,144.022929,1,13.83460490681421,23.369761147431042,27.157679282383718,102.47,2.5418593128750184,2.0251638370391913,7.581453161400699,8.962525974714108,11.739034815164887,70.542,4.1494041688227,3.3780699899726265,7.49484135210396,19.2165994602241,20.62640689655182,79.947,2.6263420610138404,1.9845653598114568,6.696363570180534e-05,0.2399381459509144,0.23993760942489445,3.083,6.672567938963095,4.303903987465737,-0.0028817932804309845,0.3478425620809357,0.3478537080328914,3.6870000000000003,5.4936887429105825,3.76450440225893,-0.004145793899242865,0.29735579794973427,0.2973840208560516,3.751,7.064939111227455,4.101707641287809,0.1124112368957484,0.03157237210776632,0.11676085099616842,0.275,2.312418911787995,7.610804276415798
c6,213,c6/c6/c_6_213.csv,71303d801c3bedc434c7ab8c8d8e4b59d8ff986b41be3988c20b0a327368915d,219737,50000,4.39474,4.39472,137.0455035,139.0225647,144.7066053,140.25822449999998,144.7066053,1,13.961634135352716,23.720740400746998,27.524501670711178,103.667,2.52433271385744,2.023284404584408,7.696183555796248,9.029410194158062,11.864279107610352,71.082,4.129201576906205,3.3292114526971046,7.61562673104666,19.406797916468594,20.847538509423952,79.126,2.5845737124142065,1.9826142833290161,0.0006878086075626772,0.23896959190978925,0.2389700379810944,3.1310000000000002,6.879523533113643,4.306266111078872,-0.002326349226575406,0.34827569977884365,0.3482826767899654,3.937,5.87453851812979,3.7691298468332914,-0.0030828854494236294,0.29798945539845473,0.29800472412746776,3.7560000000000002,6.4864743525783295,4.037403123265476,0.11091542616855604,0.031412601603231845,0.11527783312950149,0.292,2.4896373587937606,7.924908022199697
c6,214,c6/c6/c_6_214.csv,e8eb636c8679f067f17fc41900a56b867e82eee859882a5bc8df9cf29d48e816,219719,50000,4.39438,4.39436,137.491498,139.7320183,145.3902817,140.87126600000002,145.3902817,1,14.000322266167242,23.89103893434535,27.690940163497675,106.15899999999999,2.5386281428127826,2.0210686472118633,7.719202240133988,9.071231916824924,11.9110434975955,73.463,4.1657979009157895,3.3109576496285373,7.665261693344681,19.5042782105121,20.95641605717655,79.655,2.545330263269578,1.9798759171640818,2.6411006785940243e-05,0.24686181958817455,0.246861259233236,3.0890000000000004,6.538085420989784,4.36011870294162,-0.003199136169379981,0.35470434742502754,0.35471796675091033,3.758,5.32253840225068,3.7104220246209993,-0.00409341932195213,0.3048061952422509,0.30483298688954835,4.04,7.076005854909517,4.199889412116284,0.11120964959789549,0.0320412299231893,0.11573340877275654,0.28300000000000003,2.4020721669561746,7.689485960816113
c6,215,c6/c6/c_6_215.csv,f49e05121a4f9b508d8e8db6e37b002aab8704a8d65a1ecf07313c53eb5b469b,219730,50000,4.3946,4.39458,137.9274922,140.441472,146.0739581,141.4809741,146.0739581,1,12.370251804487326,19.199559682611163,22.839539051700793,86.158,2.5649379292371304,2.035037528100539,6.2755658307923365,8.076252258527497,10.227818936338757,66.573,4.446402530496825,3.576760052391676,5.8898179447503765,17.41901681441551,18.387787287134184,70.885,2.570945555427287,1.9891108038156053,-0.004239207208847222,0.20324108752322506,0.20328483107662443,2.508,6.301503133389971,4.2765843931333976,-0.008254111864561053,0.30358424504830606,0.3036957437385957,3.715,6.611880612091732,3.7057686122747153,-0.010777335821235154,0.2472281286726334,0.247462361596391,3.106,6.801034262919379,4.043437698786852,0.11135681063122924,0.027077444763705657,0.11460158791274691,0.261,2.233825941355265,8.653113759634099
c6,216,c6/c6/c_6_216.csv,394681358d9531141997959ff78cb022be6be932fbae5fc3484252c043b4c325,219846,50000,4.39692,4.3969,138.3531587,141.1509257,146.7576344,142.0872396,146.7576344,1,14.20203991885229,24.361033506169644,28.198496270378435,104.955,2.493147128339993,2.0240690953853484,7.8134160412288605,9.193540380170514,12.065250536098931,69.67099999999999,4.028511455653162,3.2913329125081656,7.818188168081293,19.839513420441776,21.3243656088204,79.684,2.540192800745945,1.9825566814399547,-0.00010196228268879117,0.24700346658269956,0.2470029258622181,3.463,7.497886891562869,4.565474057928609,-0.0035810339965248405,0.35825963943837497,0.3582767215957175,4.006,5.643682321849651,3.718419211227238,-0.004506545490934563,0.30822305759519064,0.30825530013012514,4.657,8.535133050070394,4.188356893403438,0.10983109995178443,0.03355125318245323,0.11484142103958168,0.29,2.481682980061443,8.177693100760452
c6,217,c6/c6/c_6_217.csv,6ac89cfd8909822d4e51ffc5eba6e96e0436a049c127dde762dd6e40ac314632,219807,50000,4.39614,4.39612,138.7681996,141.8603794,147.4413108,142.68996326666667,147.4413108,1,14.21356891727743,24.516998281498154,28.339125101276636,105.92699999999999,2.497712958570176,2.023572205406898,7.859458493132612,9.21509639533676,12.111511179484996,71.763,4.022454281553293,3.269521693985196,7.871149158125082,19.921030302096383,21.419631927990693,81.591,2.5737603795123416,1.9797787537614815,0.00012619707288666877,0.24925882034695676,0.2492582852977682,3.104,6.527365772641652,4.369391179997587,-0.002978663099901277,0.3587838893115849,0.358795437585289,4.143000000000001,5.841768819877375,3.731213942282378,-0.003751027037355498,0.3118070327512182,0.3118288850689642,3.7910000000000004,6.760117811195694,4.040769801411866,0.11371128762960234,0.03490292072410054,0.11894732139589015,0.355,2.9424790393984703,9.76030012905552
c6,218,c6/c6/c_6_218.csv,9f1b90867155ffda2328e7de4deffc254da5ad87ae06f6fc34b8c80c1ab458bf,218906,50000,4.37812,4.3781,139.1723481,142.569833,148.1249872,143.2890561,148.1249872,1,14.338632632271388,24.760406088773546,28.612432521554553,108.104,2.5222252580459408,2.0218029116534773,7.938625272948205,9.270917043664152,12.205379200211556,69.205,3.897789590935069,3.2378792121631195,7.977393456552128,20.080826321904034,21.607326305302287,82.908,2.6115679100080382,1.964731651243285,0.0006556421477711895,0.2499436796715857,0.24994396870568475,3.004,6.213392577712872,4.265730129774507,-0.002608717897179612,0.35941768874508534,0.3594263349710338,3.803,5.5143427377399306,3.6631589771027895,-0.003218518450841914,0.31199510864486735,0.3120109966159274,3.86,6.2625997839598355,4.063669594988125,0.11113871707490887,0.03290392734595926,0.11590719529878403,0.29,2.4588637423701845,8.268802166289444
c6,219,c6/c6/c_6_219.csv,175c517d42bbda7ba4382b82e17cf920d9a199720b232fa48f34db445f115d55,219735,50000,4.3947,4.39468,139.5653693,143.2792867,148.8086635,143.88443983333332,148.8086635,1,14.370754954831956,25.029446303338528,28.8615475881657,108.32,2.504266265667481,2.024299889805168,7.9641489885543955,9.315504845179277,12.255851855682087,71.767,4.011716246162447,3.235980575440262,8.040393783420939,20.222717394327326,21.762453213277986,81.187,2.522096174640442,1.9764171951903822,-0.00022280474207568224,0.25028217970383315,0.2502817093662248,3.0650000000000004,6.352841380324089,4.32026472726235,-0.0033129860968894352,0.36000237252426237,0.3600167972343101,3.816,5.485855146682527,3.7278487193283834,-0.00456655061778961,0.3169683257702079,0.31700049794669877,3.9320000000000004,6.5962041496590516,4.092841290040569,0.11161542767424397,0.034792734890209454,0.11691249970375181,0.305,2.5660216038505657,7.651288109627435
c6,220,c6/c6/c_6_220.csv,4d4f8e8506aaa508b231a432dd49c851b55f42ec1c5017eb3c3e03614a23bcce,219725,50000,4.3945,4.39448,139.9470615,143.9887404,149.4923399,144.47604726666665,149.4923399,1,14.493862901353964,25.318986296086095,29.17396461486267,109.31200000000001,2.5088808108964162,2.023636095658709,8.045101640687223,9.401912888937476,12.374135286048604,70.753,3.9513872177498635,3.216880082367276,8.146891714643305,20.43754444272763,22.0014355549088,82.009,2.5318802430403915,1.9775377165206456,0.0005972829673455455,0.25155841348705454,0.2515585501215671,3.1420000000000003,6.31264570110056,4.222498180387823,-0.002754220047787006,0.35970396298150015,0.3597136887222056,3.5709999999999997,5.095719338653143,3.7069593027379844,-0.0033573921947889405,0.31610299416999965,0.31612010415396374,4.102,6.671514947283544,4.039739646712602,0.11182986005233815,0.033227705011519885,0.11666187446989655,0.291,2.4515292703770113,8.711590751787979
c6,221,c6/c6/c_6_221.csv,00792741636272fbe8879ee7811475206a213a1838868c4b4f7e465a71f0f448,219771,50000,4.39542,4.3954,140.3172571,144.6981941,150.1760163,145.06382250000001,150.1760163,1,14.590344458550037,25.573069463520923,29.442436337076686,111.64000000000001,2.5357616178652433,2.0212972572641617,8.086094530215542,9.469426867592283,12.452090665283416,73.575,4.156892315626411,3.227158754575967,8.227283986513234,20.568125256831195,22.152517992934783,85.034,2.6295882038592007,1.9804354190156035,0.00024311214855463184,0.25449672231810827,0.2544962594317791,3.032,6.0393814959469445,4.194283851498258,-0.0031276601553435163,0.364092794277284,0.3641053994562196,3.933,5.553337036527872,3.7461171314319395,-0.0039055016357936218,0.3203954876484987,0.32041856119235707,3.879,6.319858601400842,3.9867918451686957,0.11026879342588422,0.031240704533035134,0.1146088302986208,0.268,2.2947620991745254,7.85008072914944
c6,222,c6/c6/c_6_222.csv,613b0d86c81e3e2b77766491d84a094dddfacbcc8c15359e80214645d6ed4f55,216109,50000,4.32218,4.32216,140.6758236,145.4076477,150.8596926,145.64772130000003,150.8596926,1,14.923909837165503,26.132486506920493,30.093633477050766,113.005,2.507274505670445,2.0107141947669294,8.309520283745702,9.613667691201234,12.707096684774363,73.393,3.928041254286428,3.2219467545112614,8.467735985081603,21.003116716406378,22.64578157788701,83.869,2.4933120460339766,1.9535074654386826,0.00019641014488059293,0.2617629091810108,0.2617623772402327,3.581,7.308154900520108,4.397857631402473,-0.003159530607239865,0.378037517040548,0.3780498454254874,4.555,6.602303982404233,3.6644139436010956,-0.004180769889268841,0.3282590597951947,0.32828492284134275,3.671,6.22020646676753,3.9644429969988373,0.11234865276318895,0.030252467468018393,0.11635045049613081,0.309,2.6127960717273666,9.402609129832692
c6,223,c6/c6/c_6_223.csv,995c6884edee81ee32a5ed55b02990c17305e2d0bae056cb381f8e5b811e23f3,220014,50000,4.40028,4.40026,141.0226648,146.1171014,151.543369,146.22771173333334,151.543369,1,14.894016698937342,26.325061440767158,30.246279828246028,113.11,2.5037459294177107,2.024388865947188,8.369353727490068,9.701163686470071,12.812424865353087,72.869,3.900666776602613,3.1974436687419114,8.48516782568382,20.982282302783563,22.63299013888026,87.453,2.610746509295451,1.985314847562816,0.0003236339505667822,0.25666467552877903,0.2566642962752765,3.105,6.366292560798987,4.392057397930169,-0.003088139845646186,0.3739443053348909,0.3739562067005889,4.1259999999999994,5.8776935925009175,3.6618564224610037,-0.0038004399720017817,0.3285682687863922,0.32858950061493003,3.867,6.263133776790222,4.004640343659697,0.11071742707282263,0.033855912035417275,0.11577809044721586,0.314,2.6775359552274827,9.834587581589922
c6,224,c6/c6/c_6_224.csv,ec4fd8890055164c46fccd326f83cf583396e626617dda5635e276a3bb7d5ae9,219834,50000,4.39668,4.39666,141.3577211,146.8265551,152.2270454,146.80377386666666,152.2270454,1,15.14915296996825,26.844775762791343,30.82426873979605,116.055,2.5089646295535024,2.0192156331397553,8.468691617311244,9.824295068521087,12.97054633616486,76.717,4.127197005629632,3.2207908655959057,8.663359343868557,21.08483619068665,22.795220771227413,87.28200000000001,2.608002817636186,1.9891968834186147,0.0007391941191990322,0.25421336127601724,0.25421385778505584,3.202,6.474863386054013,4.356073288047672,-0.0024043369087584266,0.37250084846771836,0.3725077606651697,4.127,5.693841106055427,3.668449886584321,-0.003138959396635643,0.332173594523121,0.33218766991494997,3.9370000000000003,6.390965686786484,3.9836564507724668,0.10889042186376993,0.03273773727388479,0.11370522652970363,0.28600000000000003,2.4713024069002962,9.337577317712322
c6,225,c6/c6/c_6_225.csv,236346a9477a3dbbba1847a687b594abfcb7d5cc7b916fd6670aa6a69fe7d3c8,220031,50000,4.40062,4.4006,141.680971,147.9628628,153.5255936,147.72314246666667,153.5255936,1,14.105645186360103,26.709562163986917,30.20540837071611,115.538,2.5315665016512114,2.0271862151945443,6.79032739477619,9.637944061775341,11.789745107445235,71.587,3.977439679369067,3.105587199574423,7.6848505392421975,20.44752160053619,21.84390457823221,81.187,2.4932813547571175,1.995926201012115,0.01065231262867505,0.2660659462562208,0.26627849667072373,3.624,7.454601196936392,4.580756843479539,0.013067249614827001,0.3795393330242483,0.37976335216030516,4.446,5.956340934775528,3.9012019875363046,0.01714939258559021,0.3432462409306111,0.3436736069561055,4.541,7.303441257042996,4.1337148559610535,0.11366539260376948,0.034534337605743544,0.11879577656380774,0.335,2.7778765335377895,9.306847247425793
c6,226,c6/c6/c_6_226.csv,c160baad433de04123d658d8790c62d644c0dda5cb2f5ebbf66b7ca7ba3c642f,219856,50000,4.39712,4.3971,141.9924313,149.0991705,154.8241418,148.6385812,154.8241418,1,14.821514345753585,28.109223935259298,31.77738447227134,120.077,2.4818279197527335,2.0139223461599896,7.267829911396551,10.097850617484943,12.441361457894159,75.87,4.191743819717553,3.098867259775541,8.258099383232661,21.879393629876336,23.38593367099953,88.711,2.5201046419234574,1.9839235121177246,-0.001224460556000291,0.2753893915321329,0.27539148738139696,3.6319999999999997,6.7721773745936895,4.316765568841196,-0.004546835201222618,0.3926594929218297,0.3926849243452773,4.332000000000001,5.663573674767552,3.604561969679124,-0.005782666836474785,0.3543302330577386,0.3543766107395971,4.413,6.594679019934738,4.083991815415058,0.1165400398442617,0.0339056258600566,0.12137201952273012,0.302,2.447021983879727,8.208028813436778
c6,227,c6/c6/c_6_227.csv,e06f884d7413161bf1347e5eaf5318a24897cf508636dab6867d90440d36e824,219701,50000,4.39402,4.394,142.2921584,150.2354782,156.12269,149.55010886666665,156.12269,1,14.942111182925887,28.49101584911952,32.171431052691794,121.19399999999999,2.483974053535727,2.0110883455812343,7.377251223253422,10.174197221515959,12.567324836792125,73.801,3.8923956080764697,3.0906634278395586,8.410751375733383,22.19817805183187,23.738104487571164,88.875,2.475345073603735,1.9735731389511013,0.00028523311227531976,0.2770028019654051,0.2770023184103586,3.936,7.314018206153168,4.42815550643982,-0.0029061269634639807,0.39726025877206395,0.3972699843345346,4.187,5.276008967833302,3.559742368478786,-0.003655577352856837,0.35781813316305344,0.35783599162486907,4.45,6.801998840160384,4.038988325544971,0.11503342724885186,0.0324505572237859,0.11952289845756552,0.315,2.5936452679823523,9.362874759855128
c6,228,c6/c6/c_6_228.csv,7b0de58d738169d92c97a36b50fa45c81d9629b52086c44037cc3a6d8076043a,219900,50000,4.398,4.39798,142.5802481,151.3717859,157.4212382,150.45775740000002,157.4212382,2,14.976223328785812,28.613655066736328,32.29589444849431,124.554,2.5249649032031014,2.0111960486639093,7.5377000727603445,10.168894024421256,12.657916804274635,75.42399999999999,4.017406717575127,3.121816626754339,8.506913656207367,22.21085261592201,23.78418193859197,89.08099999999999,2.5304212755935094,1.9798979183778158,0.00029027285129604353,0.28255223463095697,0.2825517412765463,3.473,6.2147909337473255,4.381521157854833,-0.0033852660300136422,0.4014185067688491,0.401431868228555,4.422,5.657248912552721,3.808328202088936,-0.00397068667576171,0.36225532899216023,0.3622762660864379,4.238,6.274217255672139,4.0846361219229586,0.11941835834470214,0.03126224686738138,0.12344256941801007,0.288,2.292564075215294,7.820269189229581
c6,229,c6/c6/c_6_229.csv,63fb910ebbe0e1e28fb965981c1aa9e8f5a25c619728e4484f465b1c4f32a281,219769,50000,4.39538,4.39536,142.856837,152.5080936,158.7197863,151.3615723,158.7197863,2,15.136596239688036,29.11342189563921,32.81316844590543,123.438,2.470806808359797,2.005434772998948,7.638622594633456,10.272726119602204,12.801444328300816,75.959,3.992752590190299,3.112630564860099,8.68023137021145,22.428936222453768,24.049975211718564,89.189,2.504701126288417,1.9711295968511862,7.186636877812592e-05,0.28560620258757174,0.2856055618413471,4.006,7.832480521659609,4.396746300796517,-0.003388075661262508,0.4056466437424523,0.40565986971737955,4.156000000000001,5.304936871126256,3.548193002964832,-0.004204974313938726,0.3675423911882596,0.367565608361654,4.371,6.445107883077846,4.05569267927644,0.1160266416100542,0.03434230099887185,0.12100235466589096,0.31,2.520612105790497,9.551979601074608
c6,230,c6/c6/c_6_230.csv,f08b0aa9d22d10546db54c5c56a78e8b92b18f52b6d938a11b888482b10873eb,219785,50000,4.3957,4.39568,143.1221024,153.6444013,160.0183345,152.26161273333332,160.0183345,2,15.216658807470935,29.28677720717311,33.00391070654741,124.259,2.4803121280945772,2.0019466405202326,7.713688245330664,10.284214966826678,12.855566211156095,78.285,4.029383004153315,3.0770755928446007,8.743844293286621,22.401587200621677,24.047528747262426,90.90299999999999,2.50424900757653,1.9735242755526106,0.00011858862069750003,0.28600746700107127,0.28600684093302897,3.508,6.258591557322729,4.290849639868757,-0.003435562026525923,0.4063848720963532,0.4063984694177971,4.574,5.8440180727117506,3.6309353175426176,-0.004189212184634985,0.3698066690329478,0.369829554969963,4.302,6.527331219366882,3.98138222140292,0.12226535477853356,0.035470012529815305,0.12730645326791687,0.343,2.6550107345200944,9.957158121137601
c6,231,c6/c6/c_6_231.csv,a8bb44d116a3ffac4e1139bc466d09d2ac3d6d0a5350a347a505f6138b362464,220114,50000,4.40228,4.40226,143.3762632,154.780709,161.3168827,153.15795163333334,161.3168827,2,15.327951897653035,29.775066837252158,33.48875463245868,124.574,2.4276806018101578,2.0036978656478426,7.727350513824654,10.355687939293238,12.920980282323958,79.124,4.011228162843236,3.0791718685347886,8.854115976266844,22.57070414431986,24.24520036769329,88.99199999999999,2.4736442302170167,1.9772336012135174,0.00048628437991222746,0.2902874058050216,0.2902871537100381,4.757,8.591492830892564,4.598281283106219,-0.0029831223820383983,0.4128823823600686,0.4128922210597946,4.346,5.667338546591614,3.6194588794283584,-0.0035688961174664036,0.3754570049463401,0.3754731137527255,4.677,6.658266353650077,4.122310902199612,0.1153089353698538,0.03394947790529466,0.12020279693061803,0.325,2.6621676713954208,9.104356489384466
c6,232,c6/c6/c_6_232.csv,495e49fefc7113e93a7c2a5085948f48781ad9da0d429fbd0b1d62f97e3a6eca,219798,50000,4.39596,4.39594,143.6195797,155.9170167,162.6154309,154.05067576666667,162.6154309,2,15.35183917961037,29.84789184306907,33.56443892604688,125.612,2.4591205049445226,1.9995018160241758,7.802001219301358,10.387821335787411,12.991441959761461,75.49600000000001,3.8819401384544996,3.066592672337866,8.895985272841427,22.50447206931935,24.198915532034615,90.756,2.5166830273604215,1.9796238153248669,0.0006872810489631386,0.2903264022259984,0.2903265552768059,3.664,6.399690163473087,4.364537436219861,-0.0029655410877260026,0.4112340170567311,0.41124377419574043,4.757,6.00860160091779,3.754033874829218,-0.003422242240602735,0.37812748252125006,0.37814210856720176,4.5280000000000005,6.521357828525868,4.077423102802344,0.1225220156689324,0.031363020037242686,0.12647244314173375,0.321,2.4985680054102266,8.972902837006433
c6,233,c6/c6/c_6_233.csv,29de69fe43ec0c08c8ea07f1cf764860377815986c9c9ab2251a294222f00b63,219697,50000,4.39394,4.39392,143.8523541,157.0533244,163.9139791,154.93988586666669,163.9139791,2,15.55936650932876,30.47276449370408,34.215187203612956,126.125,2.433334633083886,2.000287748146679,7.872153160944393,10.547241246629662,13.161101281833776,76.892,3.8432953988294405,3.0658919972493055,9.084229402313186,22.841392138908272,24.581497999719016,90.917,2.4649433488834815,1.97863404996855,0.00037901746496310843,0.292659021735563,0.29265860111315606,4.01,6.902240331624389,4.334721287682955,-0.003280886857808709,0.415353762405928,0.4153657748367008,4.301,5.537288191123197,3.664616760808955,-0.0038569939507594555,0.38455011739838424,0.38456858437744174,4.71,6.903840063530001,4.029028044595054,0.11525506948205938,0.03073844316386229,0.11928360586747776,0.305,2.5150145136733655,8.756835128697507
c6,234,c6/c6/c_6_234.csv,66877e2c1a76d5d118f0ba9c74ec52d4418453269aa9cbb997fa30a0a8b37fde,219721,50000,4.39442,4.3944,144.0749307,158.1896321,165.2125273,155.8256967,165.2125273,2,15.731360853081863,30.8255501679848,34.607599350538294,129.671,2.4556745222109178,2.005354854254684,7.940411972455977,10.644012493150761,13.279481488954152,81.309,4.106485636909816,3.0805276753521538,9.215743561152552,22.97527551480808,24.7546119327487,92.386,2.4893139172373053,1.9833182028360852,-0.0002420524210248454,0.2936214327969962,0.29362086439791035,3.579,6.307453674307691,4.351694770120732,-0.003924508808898558,0.4174375755786127,0.41745507327658526,4.6,5.950340908551429,3.7781371274827493,-0.004876966698676958,0.3860265846932516,0.38605651229604765,4.5280000000000005,6.33845025808946,3.9751968563506463,0.11829088707952357,0.03159831606885144,0.1224384865973907,0.294,2.3603689332612094,8.723725455020947
c6,235,c6/c6/c_6_235.csv,0f07fcd5511825eca60cee80ad2537f3c222891848d4ef5c16749bf9f62e314e,219840,50000,4.3968,4.39678,144.2876959,159.3259398,166.5110755,156.70823706666667,166.5110755,2,15.830637691048036,31.164923561547102,34.95507305535641,132.926,2.4881366965609164,2.0074662704461614,7.998989737991267,10.733110079466778,13.385924129119989,77.37299999999999,3.8610707412845455,3.0866301201532402,9.321084138464338,23.18430884138035,24.987843863636574,92.361,2.4960937142226394,1.9866458408665504,0.0014192549126637556,0.2953660406209729,0.29536877864385375,3.6390000000000002,6.737340382205658,4.342301632489573,-0.0015224799854439595,0.4219040942092835,0.42190588163967835,4.809,5.806982330936978,3.832975194577228,-0.001605226528384279,0.38879942937549455,0.3888018588191361,4.5920000000000005,6.617766714939794,3.8930051191299904,0.11469587427219798,0.03126116326944281,0.11887976892094482,0.296,2.4478513261033954,9.780905074527544
c6,236,c6/c6/c_6_236.csv,9347f8cb08c3b088bb93ae08188d0a361a9887495f655e973b3dd8895ff98608,220239,50000,4.40478,4.40476,144.4910781,160.4622475,167.8096237,157.58764976666666,167.8096237,2,14.447235743896401,27.257664692383262,30.84962773849745,117.153,2.5100140804412647,2.0282364585402766,7.039738266156312,9.872088844942859,12.124999402376119,71.99,4.06185587030615,3.1247049973208556,7.987200872688306,21.033264380120944,22.49870173023278,85.785,2.5337017523726337,1.9882727061864247,-0.00467809516025772,0.2660380280995766,0.2660785515752956,3.323,6.761161278686961,4.438658199691618,-0.012115265688638252,0.38218131372546993,0.38237242712229824,4.154,5.468490538757423,3.562046096142871,-0.014922747560604618,0.3426111802126494,0.34293523619484073,3.9720000000000004,5.910737031549443,4.026490813205276,0.11019003446256112,0.032800217998448296,0.11496822652657622,0.309,2.644208832165702,8.996562292892081
c6,237,c6/c6/c_6_237.csv,361b5bdffdce75bc441e37bfe2b68b3740f25cdf0b1102e7100c22cac27a8c7b,219658,50000,4.39316,4.39314,144.6855475,161.5985552,169.1081719,158.46409153333335,169.1081719,2,15.843507083739267,31.225853338926377,35.015228037138456,132.225,2.457102375821943,2.005619112107776,8.031153930200585,10.719955099058373,13.394638763741701,79.338,3.957926819460611,3.0897080649616013,9.340721111910332,23.0986396275763,24.91573387530096,93.612,2.545620382583809,1.9966870355790693,0.0003179943366506113,0.30442220845606566,0.30442168159551536,3.902,6.7209404707202065,4.375012878891267,-0.0034706862486228594,0.4267486281496671,0.4267617698542421,4.5809999999999995,5.738564634869803,3.714932431512467,-0.003923490152874014,0.3979987640726199,0.3980171966681414,4.922,7.135370088966115,4.155187415409066,0.11858684409400067,0.03155479827927469,0.12271324441004997,0.303,2.4284257288824023,9.340466980227275
c6,238,c6/c6/c_6_238.csv,e49cfad4eef61bcb42ea49d0c112fc663b318ac6516a9169f210325dd479a0dc,213005,50000,4.2601,4.26008,144.8716163,162.7348629,170.4067201,159.3377331,170.4067201,2,16.024836346564634,31.56723200151259,35.40170670919511,133.17499999999998,2.4525088779815496,1.9957257281164582,8.090119011290815,10.708815376506555,13.42118526806825,77.11,3.8794636211362095,3.0725067029811206,9.491300166662754,23.41461484588533,25.26512207330271,93.11,2.476972001893806,1.9630366376500306,-0.0005995727799816906,0.3038300535329538,0.30382993192666996,3.5300000000000002,5.9013277218280935,4.270850861982496,-0.00471678599093918,0.43155253969657226,0.43157730275614165,4.7219999999999995,5.598070112980747,3.6817700869441374,-0.005466308302622004,0.39608746820751684,0.3961242563441016,4.156,5.695182670258593,3.9534826254591646,0.11794416093518933,0.029697049551616228,0.12162539089527866,0.306,2.4748121899905393,12.276634431784904
c6,239,c6/c6/c_6_239.csv,8dcd58b8a3dcac95b635feca36fd3d547d0adb5498689a6268db20d7f6950223,219823,50000,4.39646,4.39644,145.0498375,163.8711706,171.7052683,160.2087588,171.7052683,2,16.122147636962463,32.09701185881623,35.918478922590424,135.269,2.456869072607033,2.009228726505273,8.20381580180418,10.94881150598853,13.681320176495893,79.024,3.8440734754787416,3.0763968522063605,9.604631080460189,23.61719660143431,25.495457951053815,94.33200000000001,2.522880746974045,1.9949438116171017,0.0003024433294059312,0.30025457474734957,0.3002540441246783,3.915,6.59441575806992,4.36698393083199,-0.0033029892231477144,0.43020855216665965,0.4302202530655249,4.987,6.259584435672398,3.6986127168292744,-0.0038721107436437497,0.3957054727136164,0.3957235171984769,5.0120000000000005,7.11860649562336,4.00914723245774,0.11498305454843216,0.032699222985828315,0.11954219821081238,0.306,2.517939309340683,9.553813828890746
c6,240,c6/c6/c_6_240.csv,b2d8e950a932f91570256a6908f4a197e0214ad314d3957d6d23be459c350e03,219999,50000,4.39998,4.39996,145.2208054,165.0074783,173.0038165,161.07736673333332,173.0038165,2,16.328097518625086,32.64926038749657,36.50446722072476,136.602,2.438222134891711,2.007096328251351,8.291468738494267,11.061067355330922,13.823715446810265,80.963,3.965865776892135,3.0423037728299045,9.780078118536904,24.01053075117887,25.925911641948844,96.044,2.5324085380962416,1.996705762834715,0.0005800208182764466,0.3003965839840185,0.3003964612280511,3.982,6.737762461400789,4.502215523802892,-0.0027342397010895504,0.4302990928909548,0.4303068019234214,5.1129999999999995,6.193255575063558,3.6333225277768566,-0.0033094195882708557,0.39715659797843206,0.3971694834736436,5.004,6.551359327113736,4.144540510388738,0.11138543811562779,0.033422002718002636,0.11629162055994897,0.292,2.467933619104137,8.825782507622044
c6,241,c6/c6/c_6_241.csv,f45682b9e3b7843cec73dbdf49c527037a327685cb6ce9d54fff014f440e3fc7,219679,50000,4.39358,4.39356,145.3851541,166.143786,174.3023646,161.94376823333334,174.3023646,2,16.264939620992447,32.41199866000489,36.264047428023396,137.28,2.4573373994414385,2.004829537000685,8.285899093677592,10.990348872072099,13.763841843137042,77.092,3.793054337225734,3.0695183038683456,9.717768270977201,23.70049816050898,25.615348450687666,95.143,2.5219254824646256,1.9950570498489921,-2.291980571652299e-05,0.3064452684621455,0.3064445718342563,4.5329999999999995,8.16134541078669,4.345402283073942,-0.00406593711733939,0.4339302213627246,0.43394828230740995,4.986,6.666693055258119,3.725658124331961,-0.004690498409042285,0.4082158790692457,0.40824189659724847,4.728,6.456956088954655,4.103417692169292,0.11748725640593775,0.02991472584463349,0.12123589471161086,0.309,2.507508198979668,8.718691949127722
c6,242,c6/c6/c_6_242.csv,3777dbe197e6b8b60a6b8e64c6bdd5567815976eea69c501c60f7fda07ac2c88,219771,50000,4.39542,4.3954,145.5435575,167.2800937,175.6009128,162.808188,175.6009128,2,16.310406923570444,32.680711499044406,36.52469600641254,137.59300000000002,2.4369812683553276,2.001713854121492,8.319192350219092,11.050128368035594,13.831621116391895,81.534,4.038066075552666,3.084780446400025,9.805478052154289,23.865594392748005,25.80138375966907,95.19,2.4848279688089994,1.9904957593277264,0.0006909737863503374,0.3101782079799743,0.31017827192472347,3.816,6.396321662664666,4.2089070619517335,-0.0027425001478812035,0.4361500018465882,0.4361576318826482,4.772,5.896950579308028,3.761044608547435,-0.0031673742213485854,0.41371853975552825,0.4137297228535145,4.904,6.38097737284087,4.0692792963835975,0.11787138430457157,0.03206309193517561,0.12215441221885033,0.317,2.554144335294452,10.572126753541045
c6,243,c6/c6/c_6_243.csv,9f22f77cb3878b4a8edc799c197fe527d67ba7365cb9c49afb07694b31c5ef37,220221,50000,4.40442,4.4044,145.6967283,168.4164014,176.899461,163.67086356666667,176.899461,2,16.332999868314104,32.84250743062371,36.67958943450916,139.58,2.465158454443589,2.001206375481068,8.36434231521971,11.015720315964582,13.831405041647042,80.539,3.893386090411783,3.065745145439585,9.840577424496301,23.855396125823752,25.805315426020695,97.54299999999999,2.5272312670218198,1.9962013399633647,-2.688208663115747e-06,0.30937293138379507,0.3093722289799858,4.095000000000001,6.784707234131836,4.287701515811987,-0.003853633395543567,0.43501291154223426,0.43502899259395345,5.01,5.772029089435224,3.756304745717631,-0.0045133479550088325,0.4119057716703262,0.4119295626782325,5.295,7.025472950239721,4.0442702084374575,0.12094030087957099,0.03254666714653028,0.12524311202252153,0.301,2.371387896737928,7.759837689159147
c6,244,c6/c6/c_6_244.csv,9c476c4181cef0fd01a964186e8597dc69a98fe7cae20b710aa2472bfac54a78,220461,50000,4.40922,4.4092,145.8454166,169.5527091,178.1980092,164.53204496666666,178.1980092,2,16.43251422247019,33.212162712170375,37.05496285684657,140.863,2.4673348170178295,2.00152469973261,8.401674141911721,11.129207658424518,13.944419302065596,78.645,3.8300626826452815,3.065106696757472,9.944857797977873,24.021154619419686,25.99833549589527,95.896,2.504429562818743,1.9981189487775444,0.00047823878146248085,0.31405102566995635,0.31405067754237975,4.4030000000000005,7.2185801913899015,4.364021196975183,-0.003160949102108763,0.4389143108274428,0.4389246974332025,4.385,5.226409025090485,3.5858623895565387,-0.003595411433314736,0.41869864109671756,0.4187131283454628,5.245,7.267505587953161,4.208532928238548,0.11503491774055274,0.031088184587016603,0.1191616680674167,0.317,2.618291645795722,9.241394714123846
c6,245,c6/c6/c_6_245.csv,cc61dfd4a4964e9c5a7ff4399c665f8817c28724cfe929f03700f35be8d01cdd,219985,50000,4.3997,4.39968,145.9904093,170.6890168,179.4965574,165.3919945,179.4965574,2,16.664624551673977,33.86292221225597,37.74125063620416,141.141,2.4178319070450844,1.993820284292041,8.512235611518967,11.259795778067776,14.115260526966606,79.711,3.8216085276601297,3.0360939884477394,10.125930213423644,24.34592070401542,26.367700378119512,96.56200000000001,2.492026193324267,1.9936293185182097,-0.00013293633656840227,0.3103479435023209,0.3103472665886349,4.073,6.727947125010909,4.253529158907967,-0.0040024865331727165,0.4367336964058256,0.4367510439968606,4.9030000000000005,6.413264578298602,3.7058780253559287,-0.004824178921290089,0.41757370748610056,0.41760062410273574,4.724,5.809378291070679,3.954333257675009,0.11519173125440371,0.03152276205823314,0.11942702776219007,0.297,2.4533809933161725,9.282838945650166
c6,246,c6/c6/c_6_246.csv,571a220049a2a3d376d2d2ae810ec82d42b490792cbae010ad6748ff9c023f6c,220313,50000,4.40626,4.40624,146.1325289,171.8253245,180.7951056,166.25098633333332,180.7951056,2,14.642758706930595,27.706879953603636,31.338125260705947,118.97200000000001,2.487545102059622,2.022738710253485,7.127220903895821,10.024468616316396,12.299869622430387,73.58699999999999,4.008904282211148,3.127009550066412,8.1420219233545,21.472073565062352,22.963892777132152,87.946,2.5142078723470838,1.9877606405735295,-0.003050773218103335,0.270800158147925,0.2708167277203591,3.474,6.5874808215027585,4.392297438218661,-0.007345730846568291,0.3874704304885858,0.3875391758389812,4.349,5.90908001763278,3.6851887803118513,-0.009334841793266851,0.3523467568304221,0.3524695913291987,4.586,7.88436809405347,4.034254335654905,0.11579970314960987,0.03229452340238262,0.12021856244956745,0.289,2.3623639662064666,8.457376417416324
c6,247,c6/c6/c_6_247.csv,82ed60c56db9a5f2769e3605d188807bb9f82404a20ea0b27f1c00d936011cbf,220120,50000,4.4024,4.40238,146.2726316,172.9616322,182.0936538,167.10930586666666,182.0936538,2,16.535790546065783,33.64469946150679,37.48857196992667,141.425,2.434555257885395,1.9960554828646975,8.502151817190624,11.124328503088474,14.001310937577419,82.076,3.995768699761486,3.036595079365588,10.050851317463202,23.910597905376697,25.937110615926855,97.66199999999999,2.541377911212818,1.998409210438699,0.0008934535707795746,0.3118408971042976,0.3118414686751889,3.697,6.092839442014755,4.233510834052515,-0.002556550972196984,0.4352692535692668,0.4352757727537297,4.9239999999999995,6.37526867724393,3.6714261779071986,-0.0032247319643830636,0.4199572169407475,0.4199686437569493,4.736000000000001,6.14093465866599,4.037863865054568,0.1180530574232237,0.0314689381012591,0.12217534093796957,0.289,2.3327129501909813,8.424797028989046
c6,248,c6/c6/c_6_248.csv,a86d887298ce757dcdff8c50372ad57aeebccf11dad520cbaa868ed724963f63,220150,50000,4.403,4.40298,146.4116064,174.0979399,183.392202,167.96724943333334,183.392202,2,16.72210868044515,34.30196237019361,38.16082017615893,142.95499999999998,2.4262581247623336,1.9960308768764652,8.610745718828072,11.287369260418922,14.196797805760692,83.991,4.014426406557267,3.040375924777045,10.235241798773563,24.22979624242415,26.302861705293143,97.842,2.5183951747223676,1.997921884230876,0.00020887576652282532,0.31293285363415274,0.3129322126170313,4.035,6.5509395241096655,4.36598748781024,-0.0036067363161480814,0.4422091939892352,0.44222289803008885,4.776,6.051247033838409,3.7032655043326037,-0.00423751987281399,0.4219268958684061,0.4219472163563469,5.115,6.5742820250229475,4.007706924310156,0.11305999091528503,0.030928596253608175,0.11721405746267595,0.292,2.448511775913809,9.588091367208103
c6,249,c6/c6/c_6_249.csv,58e5988fa112692960c1f3ad39e766346c4881a80a10ca0f1599ffeeb3d60923,219716,50000,4.39432,4.3943,146.550373,175.2342476,184.6907502,168.8251236,184.6907502,2,16.797153866809882,34.517651414592436,38.38759193332515,143.348,2.4129932442984696,1.9938175162033895,8.659405851189717,11.33097352240803,14.260984759528746,81.464,3.9648033395604325,3.0069046929522663,10.283868917147588,24.15480445959343,26.25280714308474,96.90100000000001,2.5247204856513448,1.998188337485404,0.0005988821933769048,0.317148077660945,0.3171479213836027,4.107,6.659353120733383,4.276857769163606,-0.00299685503104007,0.44620810759454194,0.44621715592945527,4.779,5.994838980200268,3.662710800524103,-0.003513271677984307,0.4259826668451362,0.42599618500691405,5.263999999999999,6.741844413356393,4.0376026415638755,0.1170956962624479,0.03248403492206587,0.12151794026144917,0.281,2.2712695706179553,7.758124256622122
c6,250,c6/c6/c_6_250.csv,1759d29baf9f758ae4afe560d24086fcf038933abc06c9d53053ac6b639f3565,219679,50000,4.39358,4.39356,146.6898802,176.3705554,185.9892984,169.68324466666667,185.9892984,2,17.06572808051748,35.21584383635557,39.13296675076602,144.4,2.3899797987631293,1.994228757759909,8.74256994523828,11.469092337689636,14.421234673726989,82.134,3.8421814257655535,2.9974017636860455,10.490879292057958,24.395869848807973,26.555871380577194,98.935,2.5186897105142636,2.0026019587734853,-0.0001827939857701466,0.3196491020017312,0.31964842673037097,4.002,6.297543900311452,4.346094475201438,-0.00394537484238366,0.448109832693405,0.4481261809659882,4.918,5.7416864028198455,3.7438272547012654,-0.004595273103027599,0.4337601644561103,0.43378351782494223,5.068,6.376452507622126,4.028392515017928,0.11266838887649708,0.03351112565304863,0.11754640055133948,0.28600000000000003,2.3905453393893645,8.27396920146144
c6,251,c6/c6/c_6_251.csv,00e14e9f798e59c3bdbd88074a5b52d86a5b939eee42b18e724756ad47cdecb4,219644,50000,4.39288,4.39286,146.8311038,177.5068631,187.2878466,170.54193783333332,187.2878466,2,17.13632020906558,35.559560841777255,39.47315645606203,148.965,2.432893860588434,1.9918919084315796,8.794601650853199,11.490153090551702,14.469555458323287,84.191,3.9330164747573066,2.9933774898766408,10.557527981643021,24.315533446392998,26.508562239999442,99.668,2.5675854987449305,2.008347676601926,0.0004160823878639981,0.3232531564604328,0.32325268838786303,4.144,6.583085234690035,4.331937828619391,-0.003184826355375061,0.4500569662083727,0.45006721028279734,5.0120000000000005,5.979106983397267,3.757785558655338,-0.00374310702773579,0.436140205038477,0.43615527426742595,5.4719999999999995,6.882869879407538,4.053333758110745,0.11629894283476899,0.03208430520144609,0.12064345012497606,0.28500000000000003,2.320888533193841,7.28008508023561
c6,252,c6/c6/c_6_252.csv,4f6c13eb240a00b02b3fee9c48088f9717ab5ae364b9042cc65f694f3a16cd8e,219733,50000,4.39466,4.39464,146.9750444,178.6431708,188.5863948,171.40153666666666,188.5863948,2,17.28212551141613,36.00937281666814,39.94171868739932,147.361,2.366247700548157,1.9905404493364027,8.859052641159954,11.590408166739838,14.588343422171542,82.021,3.8648665148854358,2.985564143511364,10.662373658030429,24.333108830241798,26.566589971862534,100.52000000000001,2.531826631541315,2.015647165857364,0.0007699344204102252,0.3246632062574724,0.3246633804344607,4.019,6.261870363326666,4.299641289354214,-0.0025607032170861903,0.4539977904124824,0.4540039789254906,5.423,6.607871603020353,3.796670945535198,-0.0030329672830207576,0.4374266473178573,0.43743616663550394,4.992,6.307205966119741,3.9419551735081186,0.11304286110870922,0.03146227804978384,0.11733950265288316,0.28200000000000003,2.3606713317971764,7.146893382440114
c6,253,c6/c6/c_6_253.csv,e53aae611188c03f0f0b393e057416bde02d7c902acc7877b0f4876aec34e988,219794,50000,4.39588,4.39586,147.1227254,179.7794785,189.8849429,172.2623822666667,189.8849429,2,17.380164572281316,36.39647649412802,40.33320709693391,148.603,2.3772471097962566,1.9921407485370073,8.887608246812926,11.644462494288225,14.648633732124194,84.166,3.852850786775443,2.996639998363657,10.746491205401423,24.25489734010378,26.528935930590233,101.619,2.5884189316775297,2.02169646852301,9.018899515000413e-05,0.3217347461474734,0.3217340268869453,3.779,6.0950966827300475,4.197873812678601,-0.003990240861897959,0.44869988972896363,0.4487166110850077,4.992,6.182075571689669,3.8138484984632472,-0.0046259088055178935,0.43875408815564165,0.43877747556369506,4.884,5.8184390543752835,3.9929314004827625,0.11323122560215475,0.0316648034622438,0.11757536165308032,0.266,2.219852835920766,7.292017996352733
c6,254,c6/c6/c_6_254.csv,91491309b198ca2e03cc640cc19963f8b2f033509848be73d2bf180e81389cac,219824,50000,4.39648,4.39646,147.2751901,180.9157862,191.1834911,173.12482246666664,191.1834911,2,17.44675202434675,36.60799345165467,40.55278343479349,152.34,2.3892564651152757,1.992467724951967,8.957233582320402,11.677588577968795,14.71725137729483,83.513,3.89264262268314,2.9967250842545665,10.807598965536064,24.21541537476534,26.517689749406788,100.49600000000001,2.5600646452060802,2.0216733824516218,0.0012751792342965281,0.31849775305360456,0.318499581347406,4.098,6.703305514462297,4.208995237803741,-0.0016828417279277973,0.44334655282504487,0.44334873824754684,4.989,6.951638144234762,3.634878828784042,-0.0021403622898318654,0.439587103332166,0.4395913141933834,5.173,6.403675207198556,4.079986281806743,0.11577588889293253,0.03329656105361851,0.12046871952313264,0.318,2.5981848336978226,7.281617649919519
c6,255,c6/c6/c_6_255.csv,f5c2e2e174ee34cdae3d0008cc8920f230378526b2a763d20e3cd2c3bd568bd4,219889,50000,4.39778,4.39776,147.4334992,182.0520939,192.4820393,173.9892108,192.4820393,2,17.59234687501421,37.15859430876247,41.112595639521935,151.513,2.3659415925199676,1.9910839375369143,9.023785705515055,11.779796945918383,14.838857553195156,85.443,3.940060735161575,2.9847472852330474,10.939406414145319,24.410728498452627,26.749795673791812,100.513,2.5619261109774922,2.0253247020777843,-0.00036539799626175,0.3208737088390915,0.3208731872623353,4.3309999999999995,6.790844752692039,4.299831982511173,-0.004654844034944904,0.444117831962182,0.4441412154245514,5.09,6.569982471027159,3.7737680646293636,-0.005565635388764331,0.4427631126873519,0.4427970852624236,5.452999999999999,6.8586720669132735,4.087612314948939,0.11123637835453344,0.033683011892614634,0.11622423155247624,0.291,2.460760515941708,7.560599696655644
c6,256,c6/c6/c_6_256.csv,c4c628fdaf4564eedd641f3e3fa542778699d22139c7e8a240576b7917bad985,219866,50000,4.39732,4.3973,147.5987281,183.1884016,193.7805875,174.85590573333332,193.7805875,2,17.850565526275098,37.81226022542011,41.81391168093288,153.666,2.343669751535995,1.9903960080862002,9.11955312326599,11.963513348879244,15.042980085383347,85.519,3.757300726264948,2.974027402486751,11.128574199739841,24.856849317461116,27.234267229548085,101.244,2.5169761103624695,2.02375618690763,0.0008221371198821102,0.3235712951661272,0.32357160378059074,4.993,8.492710633110375,4.5101338336764885,-0.0022778965369816165,0.443585333788772,0.44359017371923537,5.130000000000001,6.095716632603908,3.7183051579543744,-0.002763646948595963,0.45003766535404044,0.450045127528405,5.4399999999999995,6.948192100585817,4.223411496994642,0.11102945430398516,0.03257588592811669,0.11570965059371333,0.267,2.2642882305465615,6.3543365544407955
c6,257,c6/c6/c_6_257.csv,188bc26c5279aa9b51b4d11bf21119bf4ce4bb6d137b065eee9ab6514ea18370,219786,50000,4.39572,4.3957,147.7719636,183.779055,194.9262222,175.4924136,194.9262222,2,17.544854635873076,37.9357392547662,41.796359759844044,158.571,2.44231795750963,2.008847700000125,7.587662480776756,12.042235674986395,14.23332013871686,84.538,3.9132823162243078,2.9706201346271066,9.396858617018372,24.256039280082714,26.012568432938192,101.80700000000002,2.5972444887238226,2.0176146628380005,0.009006961316917365,0.3269293967419822,0.32705270141393433,4.386,6.879625180506572,4.1965894023552375,0.010061509832291411,0.4513716259538181,0.4514827258271459,5.231999999999999,6.737799313200426,3.9270875485594345,0.013824829606981335,0.45371766642582745,0.45392720793477925,4.916,5.74100859002581,3.9246000159721763,0.11271859900084628,0.032079869947949514,0.11719469243198229,0.273,2.2867929804546603,7.232333193104889
c6,258,c6/c6/c_6_258.csv,3bf2d54ef4141498ef537f19fd732becf47e14e35dbcac1055b5b15f9b166360,219773,50000,4.39546,4.39544,147.9543008,184.3697084,196.0718569,176.13195536666663,196.0718569,2,17.60642954776064,38.207596800245184,42.06899300279365,161.64,2.5125393420513027,2.009571298823161,7.918680875266753,12.020854981257047,14.394644969007954,86.925,4.07248668697385,2.9642581927946754,9.705787740077263,24.978737300098928,26.798074441174563,102.727,2.550407125333905,2.0131882478498686,-0.0011321499911272083,0.3316779414481908,0.3316791190952481,4.436,7.121340669388674,4.355038110317369,-0.004662720170357596,0.4537383252231382,0.45376124995187045,5.130000000000001,6.243371377129472,3.9552739224742637,-0.005621154554927129,0.4619170640563451,0.4619502144079159,5.5489999999999995,6.407616898270841,4.072217324337029,0.1086390684934,0.032402041621617465,0.11336813806002015,0.275,2.3816215439390453,7.2216305922221276
c6,259,c6/c6/c_6_259.csv,3893a299ea88adb393351d292cf67129e0b69789df174b974daaaa42b8f24f40,219786,50000,4.39572,4.3957,148.1468398,184.9603618,197.2174916,176.77489773333332,197.2174916,2,17.793342883532162,38.701825193794576,42.59609734880552,162.243,2.4687707688072718,2.007846104812404,8.028697564904043,12.188599569729483,14.595248134950205,85.441,3.8959255419465326,2.9398703273911573,9.86873385474962,25.438512649544904,27.285653545550456,103.25300000000001,2.5397595804078064,2.012783432844451,-4.7318755516729545e-07,0.33113691696097475,0.3311361636437821,4.724,7.459167168032692,4.252538113158353,-0.003654245493343525,0.4497920696995139,0.44980589032957863,5.303,6.536152734340192,3.8329370293595795,-0.004103100288462414,0.4645544099834319,0.4645714728152352,5.214,5.760147052904113,4.0209002774963265,0.10924709035152376,0.032784162511400934,0.11406017346835215,0.277,2.3847061750740792,7.521746331112304
c6,260,c6/c6/c_6_260.csv,dfef3b532f43dd0f9699fbd5bf0ec0766abf8215cd8e905409dac0b3ea539596,219718,50000,4.39436,4.39434,148.3506817,185.5510152,198.3631263,177.42160773333333,198.3631263,2,18.02924684368145,39.212356566938176,43.15849454257418,163.091,2.443087997334743,2.004611237063235,8.158118870552252,12.281686634291264,14.744288506856678,86.288,3.9192125122298864,2.9321709511727923,10.053528418245204,25.94543906637334,27.825099788348904,106.664,2.5741147577120733,2.0061049628626373,0.0002973766373260269,0.32366143767434374,0.3236608377487262,4.11,6.361597573316865,4.132974645244903,-0.0032805550751417722,0.4454167595641023,0.44542782668390946,5.1129999999999995,6.364667472855959,3.841948123850636,-0.0037183162053177252,0.4627231341796005,0.46273702066264116,5.089,5.7829822998988885,3.9311415050838483,0.10790621614979201,0.03506290605201616,0.11345991921903748,0.269,2.326812867637785,7.157128664065135
c6,261,c6/c6/c_6_261.csv,b333ed5f97209590dffe7c9340a931a4b39fe8374d70ae846ef3ddc3ab4bd327,219865,50000,4.3973,4.39728,148.5669251,186.1416687,199.5087611,178.07245163333334,199.5087611,2,18.186569076478747,39.68796504338047,43.6563706686594,165.18200000000002,2.4484399037947417,2.001882214434156,8.254918008778114,12.430678403134758,14.921954767753554,87.71000000000001,3.8811268966685617,2.906945644966776,10.222587583289746,26.428574988932503,28.33668463374893,107.66999999999999,2.575389497509647,2.002730895268048,0.00014610783890114387,0.33266978136515457,0.3326690569175667,4.473,7.253454897062837,4.256551374474568,-0.0035099129010984008,0.45180576278808976,0.4518183687620571,5.486000000000001,7.0824920393735225,3.822933202516547,-0.0040328110431401085,0.47287702172910534,0.47289314247400577,6.314,7.7501652504962255,4.126656854549849,0.10891680804129807,0.03397986376792965,0.11409424597255603,0.294,2.5329936451792263,6.688382922463432
c6,262,c6/c6/c_6_262.csv,7a22836668d7561f5c1347e1aa167410048d09145465837636788ae6f387a79a,219807,50000,4.39614,4.39612,148.7966619,186.7323221,200.6543958,178.72779326666668,200.6543958,2,18.411021487031803,40.17167396060167,44.189611440518455,167.471,2.44944448415657,1.9985482497407616,8.402437574781512,12.554926535178442,15.107164538393286,87.975,3.920523924226694,2.9197917981112367,10.387814760221469,26.897230821661488,28.833390886605663,110.649,2.554226115465738,1.9958834370031495,-8.007024344083684e-05,0.3301943865730047,0.3301936451797518,4.479,7.204863069684193,4.289238383653227,-0.004309175776931581,0.4511779006129686,0.4511974522373001,5.0920000000000005,6.4051780116879975,3.749532100660571,-0.004772313893552071,0.4747555143769413,0.47477841989598296,5.6579999999999995,6.059668846428,4.092441614695696,0.10928947212782122,0.034434338692489776,0.11458580629720887,0.28200000000000003,2.4174023725200886,6.954806833675036
c6,263,c6/c6/c_6_263.csv,caee91e10d1259370255699c97eeb535e805f5ed199d55f95c4a3faf40b7ecab,219836,50000,4.39672,4.3967,149.0409732,187.3229755,201.8000305,179.3879930666667,201.8000305,2,18.64643545188231,40.8230151057772,44.87984555067296,168.301,2.4311580991696156,1.9952571097841663,8.472210338616058,12.728542437458852,15.290304235663013,87.669,3.853095340155954,2.942383020572154,10.568687999235795,27.35122717254229,29.322063210576893,112.41300000000001,2.5637350093728624,1.9925661527245029,0.0008595862370130459,0.3336812134618625,0.33368156170679053,3.992,6.014716515153366,4.197159306974306,-0.0028728688658818382,0.454176551098838,0.45418460412519085,5.518000000000001,7.083023006022613,3.9489021206148704,-0.0029830009643552462,0.4790297826020883,0.47903798084609717,5.813000000000001,6.220801103780118,4.011773450807445,0.10842090467439364,0.03305558737991675,0.11334795744542465,0.258,2.2320649238149324,6.148473370880579
c6,264,c6/c6/c_6_264.csv,6407339b5744b1475f48155933ccf3b3d615c5c48eca1eefca79195ed999ec22,219838,50000,4.39676,4.39674,149.3009244,187.9136289,202.9456652,180.0534061666667,202.9456652,2,18.727730424221473,41.01952107413021,45.09236456619309,171.10500000000002,2.453630477452266,1.994285299447464,8.555452251203159,12.707659952915181,15.319257493091175,91.24799999999999,3.9347860056001243,2.9271777065745948,10.627066326112866,27.364259822137516,29.355303577993773,112.90899999999999,2.5813393412427708,1.9963521088172191,-6.071288858159181e-05,0.3263559799823257,0.32635524336407307,4.66,7.222191302042587,4.319660625613887,-0.004151111272846369,0.4485145928227949,0.4485327821219646,5.473000000000001,6.7843424634513125,4.019897754978254,-0.004593295972488832,0.47203222999293365,0.4720535043623902,5.763,6.459013590246153,4.02415488262369,0.11096481500013645,0.03298360070924315,0.11576313374747507,0.325,2.764265182195619,7.143748608174715
c6,265,c6/c6/c_6_265.csv,dc0b8112214c9d8cccf60b3eb2a7d4893f7b25dcd399a28e38c15cc9ac4aed09,219785,50000,4.3957,4.39568,149.5775609,188.5042823,204.0912999,180.72438103333332,204.0912999,2,18.952832013103716,41.66499874323072,45.773071374870526,172.244,2.4254435340546125,1.991028661811605,8.601904342880543,12.818565193244206,15.437215562326577,89.249,3.951619367735658,2.8974766932600233,10.809008831357918,27.77046250740089,29.799828034974887,114.194,2.5503838448597964,1.995425682787136,0.0009504743271833837,0.3255107719810304,0.3255114191269999,4.476,7.391445763877449,4.237099752901202,-0.00282747685237846,0.4496237533482628,0.44963162075795127,5.8309999999999995,7.579538098888773,3.8359960359079888,-0.0029414655231248723,0.4744419376720109,0.4744499765841799,5.277,6.004848014771716,3.8873660955698455,0.10880242964715517,0.034699333590202545,0.11420160668943494,0.288,2.478073717207877,7.201698455111084
c6,266,c6/c6/c_6_266.csv,0c485d38f380b2bddfdf0054a9377927da853cb9e82ed600e66529cd15a8952d,219908,50000,4.39816,4.39814,149.871903,189.0949358,205.2369346,181.40125780000002,205.2369346,2,19.154624060970953,42.22429550124312,46.36574863034619,174.175,2.41514487111526,1.9900778446333476,8.744620200265565,12.94350036495215,15.620557682321195,88.88499999999999,3.8323215609485484,2.8987099773616745,10.96310409353002,28.012848397391476,30.081651522164766,114.424,2.572199200665157,1.9926926962878047,0.0006009831384033326,0.3239191677774651,0.3239189888062674,4.913,8.295283984129336,4.265736546755197,-0.003444995179802462,0.4513521332580179,0.45136425401957386,5.647,6.708550739307521,3.7952503475733357,-0.0036162713498372042,0.4806113282448422,0.4806238403101292,5.643000000000001,6.389612296423737,4.0234249442398955,0.10861749913600234,0.03533970353723416,0.11422193346940988,0.304,2.6177108977066657,8.314049208148202
c6,267,c6/c6/c_6_267.csv,93545a70b523ef02580506b5e3e5e0effaadc2df385a64018320d68cd46ac0a9,219807,50000,4.39614,4.39612,150.1849406,189.6855892,206.3825693,182.08436636666667,206.3825693,2,18.97472633719581,41.99546064391311,46.08308725311746,174.864,2.467282614454359,1.9886875882734703,8.737728188820192,12.895476182815358,15.57692021360139,90.913,3.9383266498619722,2.9510184843600133,10.89603363405169,27.678086676168792,29.745529845416762,112.696,2.5688565776808203,1.9929712962721626,0.0003637873225147515,0.3162355529644169,0.31623504286045806,3.971,6.523628695097905,4.1564686363798975,-0.003240374510365912,0.44827073833593084,0.4482814302191462,5.877000000000001,7.704981217516601,4.006488396097289,-0.0035643223373231976,0.48342890189837745,0.48344094195983167,5.635,5.835252572038867,3.931981368031196,0.10758215161482573,0.03089080101120981,0.11192924815221118,0.316,2.778540954524013,7.442271246441157
c6,268,c6/c6/c_6_268.csv,f385ae5708c7da6b3724bd3f70a1f6c1932bc9d37221dce3a52cf97559c05df5,219776,50000,4.39552,4.3955,150.517628,190.2762426,207.528204,182.77402486666665,207.528204,2,17.47062624217385,37.79728238949091,41.639534542458755,157.86599999999999,2.4383077552529433,2.0125578568464886,7.724467535126673,12.036193774608023,14.301632777769193,86.447,4.002130448277947,2.9855530660474416,9.502634828188702,24.362692361676736,26.150299178502895,101.30499999999999,2.5809647354047582,2.021578285009199,-0.0035694661837507285,0.3348649210258984,0.3348831829170839,4.436,6.993483457722248,4.195728319154583,-0.009862082301980199,0.4591024537456437,0.4592073220862788,5.254,6.243367346527915,3.8257239229124016,-0.011756424723354687,0.4613082340694622,0.4614569666392691,5.619,6.700516458812254,4.063810191851504,0.10889560279557367,0.032200814184245016,0.11355677005088012,0.262,2.263185188208936,7.5748363012920645
c6,269,c6/c6/c_6_269.csv,3a7eb33510218977c530f9ec4eb13c794fee4742fa866cbe2a804a6d451ff178,219807,50000,4.39614,4.39612,150.870878,190.866896,208.6738387,183.47053756666665,208.6738387,2,18.97105254609726,42.20220483191521,46.27006402308409,175.696,2.4516931712781918,1.989121165358734,8.805251793618948,12.917139812283711,15.632792488635227,92.05,3.9030774600480105,2.958620773546038,10.954440372690588,27.622710194260005,29.71549109578448,112.178,2.570780329820535,1.9981973445253518,-8.330034985237017e-05,0.3203182656663282,0.3203175478615879,4.426,7.052376665221395,4.236954816547182,-0.0041275209615708325,0.44684434420199715,0.44686239043735704,5.332000000000001,6.78284873567783,3.794103692656481,-0.00470712488683254,0.48387499845524035,0.4838967926843879,5.9079999999999995,6.424923758541594,4.015897062045333,0.10874454862674984,0.03361851276110206,0.11382256417117147,0.268,2.310613909597827,6.378675249097725
c6,270,c6/c6/c_6_270.csv,480d700ea385012d612b2a63f268d16edc6bebca2937c423ac3b059d11865cbd,219928,50000,4.39856,4.39854,151.245556,191.4575494,209.8194734,184.17419293333333,209.8194734,2,19.012871862609583,42.482573541348195,46.54299243687181,176.585,2.437531281510894,1.9889559130687142,8.808656696737113,12.903816740068805,15.623705135393308,91.488,3.9418306647688564,2.9291620379520613,11.014810506165654,27.723369344298135,29.83132185429027,113.941,2.5357240409754445,2.0059002809437403,0.0005106489396529771,0.33426693843834593,0.33426656854289266,4.731,7.090149668066146,4.2750696033320095,-0.0031992697610126945,0.45716392558511937,0.457174080496255,5.829,7.942270034334861,3.7615265119897052,-0.0035237077589029137,0.4906151029735954,0.4906266414684524,5.6259999999999994,5.755904309533066,3.963148025340141,0.10861056800407405,0.03259671198902633,0.113396632592547,0.266,2.301655649139217,6.5137848052230245
c6,271,c6/c6/c_6_271.csv,9ec18c51f94a9cac0a4deca5a818d9a17925c56d14effd052d1a0d106890839f,219753,50000,4.39506,4.39504,151.6424737,192.0482029,210.9651081,184.88526156666668,210.9651081,2,19.288956146218712,43.267142040123545,47.3719420191797,180.471,2.436463338430782,1.9865948941364966,8.896345055585135,13.094844691395721,15.830954883774734,90.199,3.8421561078630835,2.9196989689787323,11.2036172111416,28.06369049246385,30.217348970085627,114.098,2.539633773828788,2.0026852836151496,0.000635131261006676,0.3197939730328255,0.31979387611703664,4.513,7.611152626040958,4.225951314000344,-0.00329706534154255,0.44518023251699346,0.4451914287228659,5.682,7.138502214916457,3.699820410026694,-0.0038885339449290803,0.4891604864647535,0.4891748290386631,6.519,7.056781737490346,3.959312420484049,0.1092401514427562,0.03430139737025201,0.11449886984009691,0.306,2.6288469084486223,8.408062571888433
c6,272,c6/c6/c_6_272.csv,1d343c8e6d7e059189197de40f088ba7f0ede0ee0f5f677014983002e91c8d69,219816,50000,4.39632,4.3963,152.0623831,192.6388563,212.1107428,185.60399406666667,212.1107428,2,19.3447317893147,43.63160379688805,47.727631801582206,181.211,2.450152994939157,1.9899452137921287,8.938955767551043,13.13767891624257,15.890335186039504,91.224,3.857942534394038,2.9279104348174716,11.301356175164683,28.15126795590299,30.334978715382867,114.872,2.543235672714606,2.009140511740705,0.0004564635877279179,0.3313143483905819,0.331313909215915,5.104,8.457236240492263,4.497791231091519,-0.003614459366015213,0.45162590512938705,0.4516393412961255,5.497999999999999,7.036588067991816,3.712103464864336,-0.0037267487353058923,0.501162055110543,0.5011747714433366,5.834,6.355068494025542,4.126600834799493,0.11587570968446337,0.03457898356027181,0.12092510392537348,0.297,2.414717792429618,6.892917218275895
c6,273,c6/c6/c_6_273.csv,119b8195752707886f9fb199c02ab707c4a23ff52e6355eae55a34a3e8f5b251,219748,50000,4.39496,4.39494,152.5059689,193.2295097,213.2563775,186.33061869999997,213.2563775,2,19.52922120792908,44.17474276969567,48.298959611457775,181.74200000000002,2.4350420991697685,1.990786830634496,9.008920358774596,13.283351273305662,16.05014841449436,88.912,3.676103078692858,2.9134783598665113,11.442449469392212,28.466897186256162,30.680453021012994,114.756,2.510719119670178,2.0079596816432503,0.0005346715328467151,0.3205915381775355,0.32059125457811266,4.237,6.918466952315383,4.110212774834943,-0.0033091905273313067,0.44573671116644953,0.4457479806923997,5.566,7.0577997798513445,3.792584000743373,-0.0036745089830169104,0.49615037759744235,0.4961628553111166,5.683,6.288257910890203,3.9135173146073567,0.1147803483990753,0.03385606168253985,0.11966936147210203,0.318,2.6155399857545683,6.742627152978649
c6,274,c6/c6/c_6_274.csv,6c1b6218aaa54c237522ac707419f4f5157a57a60d280aa45e198add155c8667,219857,50000,4.39714,4.39712,152.9738426,193.8201631,214.4020122,187.0653393,214.4020122,2,19.566977408042504,44.3936047144359,48.514428580122015,183.137,2.422784384770845,1.9912997828764258,9.074660956894709,13.31178917635678,16.110629924461573,90.87899999999999,3.7464705156162412,2.9119586206531385,11.502440895673097,28.528761588150804,30.760245161647866,117.029,2.5360005939504355,2.0124462518854935,0.0006968029218992345,0.31432940296531314,0.314329460449238,4.365,7.240810316497705,4.256056105377256,-0.0035233128806451473,0.4333782248353125,0.4333915610940985,5.707,7.259024592121526,3.809591118493002,-0.004038456815111641,0.4921745905164827,0.4921900394110077,5.87,6.511712434967901,3.960796789369999,0.11414217877984327,0.032239516003726,0.1186078354966808,0.292,2.419738955678283,7.6779208823313825
c6,275,c6/c6/c_6_275.csv,163b9b4affab428cc7f65eac3c4e3b0b53cacf6b6a54e6ff1b2b84c028213b9c,219869,50000,4.39738,4.39736,153.4665341,194.4108165,215.5476469,187.8083325,215.5476469,2,19.886300055942403,45.10767480482717,49.29663276589636,184.45,2.397323982780371,1.9904587326056735,9.172084072788797,13.48749249252838,16.310694424421847,92.849,3.6573550118553286,2.9040108574738976,11.717878195652865,28.954380905759706,31.23557315087467,117.21799999999999,2.535794672869065,2.011231048587727,0.0007149711873888544,0.30862995254403636,0.3086300788443942,4.404,7.442566870347419,4.247155690983087,-0.00307156534118043,0.42960995484845216,0.42961995808874687,5.663,8.402775364673072,3.716238900557037,-0.003299191791475833,0.4977003486004861,0.49771015165251187,5.997999999999999,6.37117806311877,3.9636395052524653,0.11489290895942582,0.034762676497525756,0.12003673900199056,0.315,2.5825426663320075,6.758534111250601
c6,276,c6/c6/c_6_276.csv,0612acce72ff03734ef55a3d42bbd70e4d2c6ed9d8c55bf528e8b4438fbc8552,219935,50000,4.3987,4.39868,153.9844848,195.0014699,216.6932816,188.55974543333332,216.6932816,2,20.096581194443818,45.65792646380712,49.88496112270779,187.423,2.429790407210016,1.9901863657029069,9.249757919385274,13.63590756720237,16.477109920314273,91.898,3.7352424240443565,2.914547389886841,11.8879537090504,29.23273791796961,31.557447997098507,117.791,2.526630163736022,2.0071242832404583,0.0006024461772796509,0.30096783400717136,0.3009677527443194,5.550000000000001,10.270203275318641,4.372404015548955,-0.0032514561120331005,0.42132667502080273,0.4213382630628208,5.344,7.241212743939901,3.6628203754662962,-0.003512287721372223,0.494565773742451,0.49457712098022233,6.17,6.724937039966723,3.9817450856130256,0.1106542251119649,0.03299859862086686,0.11546973670632524,0.279,2.372916123441639,7.633371798177859
c6,277,c6/c6/c_6_277.csv,06f9a75941139bd3ed8f9c88a185eca512510a5b332061ddec36bb9db1698e88,219823,50000,4.39646,4.39644,154.5280396,195.5921234,217.8389164,189.31969313333332,217.8389164,2,20.18535482183393,45.90547022697433,50.14729463927699,189.17399999999998,2.410100103492692,1.9957828011705079,9.332075738207557,13.639620385528689,16.526525210435057,93.16,3.764312171364322,2.9067103494680966,11.948946816302207,29.353094685699816,31.69191660519213,122.06800000000001,2.5649758268858474,2.014405857394837,0.0007959312719779095,0.30135850560107424,0.30135887122831145,5.85,10.250237490635387,4.708270556758226,-0.002826865250678956,0.424209955730912,0.42421840963897445,6.196,8.427262746664995,3.6074549602904,-0.003158140867880067,0.4973415599931288,0.4973504558487,7.436999999999999,7.915947303761359,4.201215313284224,0.11604990833534252,0.03262953944134283,0.1205498371023917,0.329,2.687685091808157,7.827858759632502
c6,278,c6/c6/c_6_278.csv,734a9e1663aff3270d5a23fb759e986259ecd959d2d65b4eead370ac0ed9940b,212554,50000,4.25108,4.25106,155.0974384,196.1827768,218.9845511,190.08825543333333,218.9845511,2,20.350413377306477,46.15625757663956,50.443328748636716,186.87,2.3634443435341694,1.9820557246256065,9.443876294965044,13.42889817521333,16.41710258400411,90.62299999999999,3.682257553711152,2.8386890199824064,12.0503212783575,29.49019606742889,31.85714700776307,119.19200000000001,2.558327020939431,1.9869106543623523,0.0001526859056992576,0.2891880476515191,0.2891874076888724,4.286,7.4346252389838385,4.0675950531898435,-0.003872535920283787,0.4239853774770403,0.42400206499186194,5.888,7.695717236807863,3.554991791159642,-0.004467876398468153,0.479164778211971,0.479184480557953,5.328,6.26689745148542,3.752984690024003,0.11445686272664829,0.02805149734828312,0.11784420319495138,0.28500000000000003,2.376018441372054,8.68594080361513
c6,279,c6/c6/c_6_279.csv,4144c4e54da9caf7ee28a52ab4827bbc668a5eab25185af0af3453403abd3c02,219740,50000,4.3948,4.39478,155.6928081,196.7734302,220.1301858,190.86547469999996,220.1301858,2,17.46019767452444,37.86706238254499,41.69851784910674,159.01999999999998,2.480663710262207,2.0122005103195546,7.771406867206699,11.999236914314078,14.296006294938566,85.373,3.969640109916017,2.9669544711692524,9.582796514062075,24.507095748892365,26.313969633169997,103.60000000000001,2.6034460385499463,2.0193186884684344,-0.0026397333211977793,0.3385629067517689,0.338572427084256,4.282,6.415170953834004,4.257099448577414,-0.007358810412305452,0.46082691782653823,0.46088462098745153,5.063000000000001,6.233664282059486,3.7343102250916465,-0.008527605351779375,0.46480500416416465,0.46488216654370057,5.702,6.722133531672566,4.203252096040032,0.1076109902612178,0.033107373367246846,0.11258871350236972,0.266,2.318171971957976,7.280834990241659
c6,280,c6/c6/c_6_280.csv,b3f51169afeceef80a6bab5ddb88203673733a2084125265a7c78aa25bfeccd8,219906,50000,4.39812,4.3981,156.3141533,197.3640836,221.2758205,191.65135246666668,221.2758205,2,20.36261950560694,46.439425051463616,50.7074616326954,190.91899999999998,2.413057093773042,1.9931078324199496,9.454657726483134,13.64727028593734,16.6023399567273,93.04599999999999,3.701345723564704,2.8815592864054747,12.115044796413013,29.53148170156024,31.919880264265558,119.04,2.5245708734758048,2.014300087727594,0.0005679153820268661,0.2979248637927785,0.29792472769199463,4.721,8.223553710965875,4.611716480453965,-0.0032850172346366177,0.4244804112346667,0.42449215716387295,5.881,8.52548142274135,3.610873670508589,-0.0036543068401953564,0.49411182498355255,0.49412421446017957,6.635999999999999,7.3301406690966555,4.172806160797852,0.11706063499859032,0.03351398936562521,0.12176360146567794,0.341,2.7594453182686935,9.557498156767776
c6,281,c6/c6/c_6_281.csv,faa2bc01f6b5c855ce4e95064fa5db75c6fe166a9f01f8bdca54e40a3e5d532d,219840,50000,4.3968,4.39678,156.9613477,197.954737,222.4214552,192.44584663333333,222.4214552,2,20.50573286481077,46.800486907726324,51.09560345111738,190.018,2.3677183911868327,1.9917177403957285,9.478900372998543,13.723542671456341,16.67885844542273,93.115,3.708167450571132,2.879186921210754,12.220279662481804,29.720513771218386,32.13471885502753,121.547,2.5503568389607367,2.015021816249329,6.639828966521084e-05,0.3077050304482291,0.30770433777275596,5.068,8.257927133534805,4.58656170941833,-0.003925864264919942,0.4286511819400698,0.42866818448635735,5.7010000000000005,7.017082463454275,3.600585949797555,-0.004547561863173217,0.5010826813516126,0.5011021769545053,7.183,8.050254390266286,4.141219255460869,0.1203408751819505,0.03435160183746708,0.1251477263903327,0.382,3.0124398650611215,9.316709114792788
c6,282,c6/c6/c_6_282.csv,22186ac47667de8020172e8224386ad470d50a37c34aa07c0c63f25935da5eb4,219935,50000,4.3987,4.39868,157.634124,198.5453905,223.5670899,193.24886813333333,223.5670899,2,20.62664835974265,47.134306096693386,51.449891471336976,193.01999999999998,2.3867883194352815,1.9917675634461085,9.521215409098142,13.76793098355613,16.73943262365646,95.001,3.685250353875198,2.877647954970406,12.319716479869053,29.851451684405173,32.29366083486704,120.018,2.538176158445973,2.012969051723324,0.0011344215336349375,0.30065251292037865,0.30065396961240887,5.01,9.106814732995945,4.5237826535101,-0.002218146270489008,0.42684205720157925,0.4268468502507767,5.631,7.459349877196866,3.5766967045509963,-0.0022384340827971898,0.4977879769720232,0.4977918781387832,6.6419999999999995,7.239973487464602,4.067899588799483,0.11665874917589288,0.031339905118132755,0.12079507004128763,0.309,2.5166589985509598,8.314143151664233
c6,283,c6/c6/c_6_283.csv,46a954eff1e5fb864870dd54ec25a73bc2763793ad922cd51acbe662a1bef53f,219785,50000,4.3957,4.39568,158.3320649,199.1360439,224.7127246,194.0602778,224.7127246,2,20.777752708328595,47.64967820262122,51.982655856628384,192.325,2.373676334281915,1.98790154366131,9.616850449302726,13.903125908341364,16.90502419713249,95.458,3.7322040633755575,2.881525230651837,12.443909716313671,30.008838921561267,32.48656961151349,121.52000000000001,2.559796278722141,2.01176807659882,0.000628496030211343,0.2952752350361616,0.2952752321793777,5.052,8.737610604714275,4.6370013229286675,-0.0030329958823395596,0.4239016873858021,0.42391157338390806,5.51,7.426077035054359,3.613230102366348,-0.0034810883363286848,0.49448779432611323,0.4944989223244011,6.122,6.774534480789694,3.9591465902274763,0.11946019519075461,0.03356737810964064,0.12408667124829284,0.293,2.3209583841903747,7.869033601872645
c6,284,c6/c6/c_6_284.csv,2378ed991c83d9a3694550c99ad9f10b0d2376ed72549b9a6ec5b28513e0106b,219873,50000,4.39746,4.39744,159.0545922,199.7266973,225.8583593,194.87988293333333,225.8583593,2,20.883078499861288,47.97589139511821,52.32378669911719,191.69,2.3425292344536675,1.986394179483208,9.643145433955056,13.878970176030434,16.900153577110974,94.086,3.6022749569833827,2.859724225493413,12.512252109172112,30.06385135193407,32.563591636059414,121.137,2.5192552749358623,2.0124116584161307,0.0008179130679983445,0.2876501907849556,0.28765069949557726,4.947,8.708478736164224,4.612156535882937,-0.0030427064714630718,0.42167717418772444,0.4216871928243148,6.147,8.677047968882537,3.6160277280075546,-0.003559100025924056,0.4905759169947725,0.49058771179657873,6.369,7.154683893622298,3.918328177380136,0.12262664356242013,0.031897453666050964,0.1267072872187303,0.324,2.517613682702571,9.311677575839017
c6,285,c6/c6/c_6_285.csv,cbab28ed6446e74202bc4bd70f48f649e329fe0dbd38d7cfc71dd3954628c6f0,219810,50000,4.3962,4.39618,159.800957,200.3173507,227.003994,195.70743389999998,227.003994,2,21.094557877257632,48.597006170536574,52.977718303433775,195.648,2.356651135575761,1.9866443222325714,9.714601587734863,13.981008468410193,17.024722979847667,94.691,3.6340679418534414,2.856767912523754,12.67733938856285,30.376994270251863,32.91614371202142,121.47200000000001,2.510196842099212,2.0113480853707952,0.0011826122560393067,0.29803451515522944,0.2980361835390333,5.353,8.982130854757097,4.909605060347968,-0.002666821345707657,0.42728109433018624,0.427288444649603,5.998,8.347990788576347,3.600799472642831,-0.0025198990036850006,0.49690088592437515,0.4969061450947171,7.546,8.629396199523049,4.0643423403533,0.12299968154315093,0.03416325374432635,0.12765596052046788,0.382,2.953250270985609,10.034762010724485
c6,286,c6/c6/c_6_286.csv,4115ccf4b413db375dd187054c3b9ec1fb9dcc704c947b8eb97161edf1e84e59,219870,50000,4.3974,4.39738,160.5702285,200.9080041,228.1496287,196.54262043333333,228.1496287,2,21.31133246009005,49.282844167647774,53.69320789406635,197.223,2.335677172565789,1.9839935771692003,9.82964737799609,14.100929363737716,17.18887059005147,96.40199999999999,3.7743608377358626,2.847559368228279,12.82975742484195,30.708285042531827,33.280582280682516,122.32499999999999,2.505905674865785,2.0118100001996435,0.00034579069450129605,0.292699696124993,0.29269923476049775,5.406000000000001,10.246012438173755,4.434481805176898,-0.0038568381316232323,0.42772704926926614,0.4277434649324555,4.636,6.181275032261477,3.4312415413500585,-0.004424182471460408,0.49386356060695136,0.49388225376958994,6.204000000000001,6.384112763587905,3.7545760723769512,0.12307945604220676,0.03220408376118062,0.12722283911959673,0.326,2.523131870200143,9.226358292773739
c6,287,c6/c6/c_6_287.csv,1b60346e0dced430c61140491707575bacdcce31b0e26a4added80814c5cd6d0,219836,50000,4.39672,4.3967,161.361283,201.4986576,229.2952634,197.38506799999996,229.2952634,2,21.43329370985644,49.75188522502548,54.17217831292064,197.748,2.319825488169937,1.9829908673186791,9.886069865718081,14.169783451909389,17.277622149303284,96.788,3.6518914150778747,2.8459320693467864,12.931242030422679,30.81081307895537,33.41435177866611,121.799,2.489409357721217,2.0096345936610622,0.0009142633599592423,0.30584715720753824,0.3058478280765097,5.0649999999999995,9.128722664336083,4.8026978463764864,-0.002792272421259485,0.4306814393639745,0.43068951142146233,5.399,7.290634939394361,3.4555978735507473,-0.0030680825706435703,0.5030191786626352,0.5030273911493037,6.573,7.2998012923517175,4.0650668269575645,0.12027997234301935,0.032588707902283916,0.12461657513587554,0.317,2.5036797846499246,10.333902061926501
c6,288,c6/c6/c_6_288.csv,524fb52d262f5ea6e1ec970e8f9fc10fc70dbe9438a77fa45b2d9a65db2e7ce6,219843,50000,4.39686,4.39684,162.1727923,202.089311,230.4408981,198.23433380000003,230.4408981,2,21.619384074089233,50.326238366476176,54.773319373856744,201.297,2.3270453837208294,1.9831621798592822,9.956076318099734,14.324318051758553,17.44444352708533,97.02,3.5674396780484696,2.864004229777236,13.07490438631205,31.04684493933942,33.687613760491914,123.268,2.5352938503517457,2.008879225921584,0.0005157726195512252,0.3471766294027173,0.34717622292231265,4.904,7.604207390062974,4.548286114538544,-0.0032571698894210866,0.4451253918763477,0.4451362964133691,5.527,6.890024526671887,3.48208448041641,-0.0037605791405684965,0.5255215076481525,0.5255337674484969,6.689,6.777870844139585,4.228836698027307,0.12336383237128315,0.0342673333727562,0.12803468253757372,0.289,2.218148976287389,8.418462314695494
c6,289,c6/c6/c_6_289.csv,bd2fb5596b189a38aa5c70426cc988fdac07849097fcf966f10ad5ce69afa39e,225120,50000,4.5024,4.50238,163.0032119,203.259123,230.5992333,198.95385606666665,230.5992333,2,19.418857467128642,47.7420720504366,51.540152736980126,195.34,2.368056622238703,1.9935962717577511,7.779134581556503,13.649592282408038,15.710680338699587,90.543,3.5788392856228124,2.864034271416413,11.039305636993605,28.650716732723314,30.70384653277002,113.56200000000001,2.5004033262758054,2.010805410526805,0.007473782871357498,0.34796737371566067,0.34804685424344267,4.654,6.875511072213878,3.970045816502431,0.008077123312011372,0.45574239441210346,0.45581295216503803,6.048,7.125729939380888,3.756190681895652,0.01129497157071784,0.544050930272586,0.5441669562708545,6.604,6.4686029892780725,3.8941813100143485,0.11867096215351812,0.02940443521369443,0.12225961814093525,0.295,2.372001519469015,9.127258208649298
c6,290,c6/c6/c_6_290.csv,d4573acd11ed9404c994f43486e6ad6587ffe50801f900abb28ff5bd09fc1cdb,220207,50000,4.40414,4.40412,163.8507685,204.4289351,230.7575685,199.67909069999996,230.7575685,2,19.73375645642509,48.325062424519814,52.19887160792514,195.365,2.3540738758296,1.9985360611256298,8.183438242199385,13.813770218474723,16.055779101721996,92.257,3.598455087975362,2.8055664728065715,11.403077799524993,29.232098488490255,31.377410422663704,116.345,2.4841119439130264,2.005120280375234,0.00020814052232672,0.32057274549373277,0.3205720851739398,4.745,8.151052823523942,4.2838175209813,-0.0033460743754739858,0.43405798256331257,0.43406989397246837,5.428,6.531206239748603,3.6271319099301236,-0.0037212304785951404,0.5229883922027913,0.5230004434466398,6.433,6.669210406426492,3.947375770413076,0.12250090596575042,0.029345732393411643,0.12596682127209838,0.272,2.12754435885223,9.527321432337681
c6,291,c6/c6/c_6_291.csv,4bc7707840f4e5064d13b1d0564154b66a3fbb1d3ec661f367e2114b2fcde93c,220644,50000,4.41288,4.41286,164.7134478,205.5987472,230.9159037,200.40936623333332,230.9159037,2,19.760770480955745,48.47757755916794,52.3502905915813,196.626,2.3701874163035477,2.0044528726112114,8.238568753285836,13.851052691552326,16.115979841730375,92.59100000000001,3.6363907485322144,2.8149112475719216,11.47488203622124,29.27114584647127,31.439927063088856,116.21199999999999,2.507480371751688,2.011717674815924,0.0005562897699461574,0.3408261229920211,0.34082580463058104,5.605,8.673052215644264,4.541887180746131,-0.0033941145011874333,0.4413440451781218,0.4413560959443522,5.726,7.121233917195698,3.630717784885868,-0.0038070285165243563,0.5305474656911023,0.5305599222467079,7.057,7.748417902715999,4.072715400315671,0.12391753684668516,0.03129422965676068,0.1278079821820913,0.306,2.3629197084868525,9.341049322220774
c6,292,c6/c6/c_6_292.csv,ea8518a14e33cf85ba20a2016d648f2c32b47a9a940c29fe25ac32dc281bb335,220485,50000,4.4097,4.40968,165.5889811,206.7685593,231.0742389,201.14392643333335,231.0742389,2,19.93734711204844,49.001644118718566,52.902249912866566,198.80700000000002,2.3864769496182476,2.0025225001662053,8.396560287547906,13.919561108965297,16.255938218543253,92.732,3.6170166993455193,2.8044913337855752,11.638591536839241,29.53329961573442,31.743796925665144,115.238,2.474940227975069,2.0093843732449126,1.8468376533551175e-05,0.34029789618304757,0.3402971249802692,5.628,8.686526517587804,4.422260966432146,-0.0035840533369616984,0.4409247557621136,0.4409383221303966,5.878,7.100766349526055,3.6103272932415424,-0.003807855409665057,0.5319304878951482,0.5319429108539162,6.884,7.497045112600809,3.924085045882494,0.12709385672494727,0.030190152984174202,0.13063035489735572,0.29,2.1817287430929966,8.951520441102383
c6,293,c6/c6/c_6_293.csv,8f87f911d82bd52a97314f5b36a314e4184f77bcd82e5ff5a18dd4e3bab50daa,220722,50000,4.41444,4.41442,166.4748318,207.9383713,231.2325741,201.88192573333333,231.2325741,2,19.956004000507427,49.22433752346503,53.115595850202304,200.547,2.399295309788276,2.0031494573513697,8.450909401872039,14.009167442944905,16.360738155869797,94.16999999999999,3.593236407790588,2.8107694005203507,11.727159245566822,29.660386689451357,31.894526439619266,118.418,2.513660146413418,2.0113030808928882,0.0010345411875571987,0.3408901233516768,0.34089092095943213,5.366,7.896954229298359,4.328063117413376,-0.0025831271916709705,0.44647097504271666,0.44647743615024066,6.491,7.474061911780671,3.707468554516881,-0.0026769420356828957,0.5305867467707196,0.5305922977262578,6.272,6.23831143833846,3.817521274234886,0.1304299480794846,0.031044158357264182,0.13407351251392668,0.33,2.4240433021119,10.026244583459643
c6,294,c6/c6/c_6_294.csv,40f577a1b89de61d1edf21363e37a78eb475e6f90f873b09dd378deb0555ca5e,220770,50000,4.4154,4.41538,167.3681819,209.1081834,231.3909093,202.62242486666665,231.3909093,2,20.125566956561123,49.72918586007669,53.64717299133775,201.618,2.3771988883848905,2.007336941728306,8.576139402998596,14.15463697505585,16.550015330287707,94.701,3.6368546372188555,2.8015039210218116,11.88828453594238,30.01844850018174,32.28675390790068,119.582,2.514839374426274,2.0109549305691417,0.0002924944512388459,0.35115050981236795,0.3511498363440222,5.281,7.743133325388169,4.488302507995347,-0.0038747067083389954,0.44660736734734985,0.4466231638139976,5.667,6.354350221704856,3.714247639629082,-0.004400154006432034,0.5354061017966175,0.5354229699427463,7.13,7.190576826413867,4.018988139208803,0.13459364044027725,0.030467752871018914,0.13799901379075208,0.308,2.195667865130101,9.137189536144934
c6,295,c6/c6/c_6_295.csv,f5ec6c37f6fd82d9ca05957265f0e37452882bdc2d0cc59ced4fd9b2af77f0cf,220584,50000,4.41168,4.41166,168.2659177,210.2779955,231.5492445,203.3643859,231.5492445,2,20.188843791934136,50.014189502085785,53.93512051735045,202.934,2.3659908196357695,2.008071649897115,8.631215976680085,14.201158720742061,16.618359846258326,96.437,3.6684125608055123,2.802121503329927,11.971140962173141,30.147219174082707,32.43699923922407,118.05000000000001,2.4847859509315087,2.012049097398297,0.0012485538389003738,0.3376475385999336,0.33764908169990965,6.252,9.506911684282123,4.34734698557322,-0.002247189279367497,0.44372793513221803,0.44373261957051346,5.666,6.751813745177925,3.788774591883573,-0.0024655686722518406,0.5302955640314019,0.530300093722196,6.906000000000001,6.69997995863316,3.794394252055118,0.1412453396438545,0.03241640596708633,0.14491744057602818,0.331,2.2495567041771642,9.871336675913417
c6,296,c6/c6/c_6_296.csv,7426ad848cc4627a67c03432c0739c877a776bee5a4ddc702af43d6c04b1c0ac,220646,50000,4.41292,4.4129,169.1646147,211.4478075,231.7075797,204.1066673,231.7075797,2,20.2219176101085,50.2042164560845,54.12372750181028,203.465,2.36495167476628,2.014038102407689,8.68810620632144,14.197322932462846,16.644706497366485,94.406,3.6320255938165684,2.7838751310442396,12.052681090978309,30.201439770340997,32.517532990516344,118.697,2.5127674975783134,2.012304301375137,0.0004966643401647889,0.3297906050827102,0.329790231740842,5.021000000000001,7.929282763156361,4.384130578448153,-0.0034341615075732163,0.44687477076856585,0.44688695344391116,5.303,6.793664430351397,3.61850001812742,-0.0037065616417247546,0.5266128516215127,0.5266247024516689,6.6259999999999994,6.606222579008788,3.7275431297154413,0.14684615175439394,0.0325317215570322,0.15040645064660493,0.325,2.1275683231956064,9.069576118845937
c6,297,c6/c6/c_6_297.csv,b9b81594c3e16ab68f02bed744e3f53d077338a82cc2e0f8f9b95aab8d3243b8,220630,50000,4.4126,4.41258,170.0605234,212.6176196,231.8659149,204.8480193,231.8659149,2,20.048356356796447,49.89100631222937,53.76837194499499,203.25900000000001,2.369422680871389,2.0154456099217155,8.701449535421293,14.112960291384734,16.579806073805656,96.384,3.6800792318311406,2.8018468668812186,12.020521919049994,29.922550902294315,32.24667334026983,119.193,2.496474571206928,2.011142841458277,0.0009842360513076188,0.3282642746406925,0.3282650062344281,4.5280000000000005,7.161896502367512,4.1773893227815115,-0.0027522911662058646,0.4436811643131791,0.4436886954180093,5.443,6.563160229395833,3.7479121435997165,-0.003161047908262702,0.5308674201063991,0.5308756281947392,7.300000000000001,7.267238869336047,3.7809113785795057,0.15290596473734305,0.03346983387517626,0.15652622385554382,0.33,2.07632939704684,8.283329738609178
c6,298,c6/c6/c_6_298.csv,027215292967c55862b5d90574e8da88a6da7c656163530cf99691109effd0fb,220870,50000,4.4174,4.41738,170.9495527,213.7874317,232.0242501,205.58707816666666,232.0242501,2,19.95719076832526,49.78703052573155,53.63792174642621,203.489,2.376117415632192,2.021446393960108,8.706838429845611,14.025229699516556,16.50803480025782,97.827,3.7018337276006705,2.778717784589568,12.008587580929959,29.82751352079374,32.15404656413621,119.42099999999999,2.5174436392800734,2.019994444417522,0.0006464707746638296,0.33386731755446936,0.3338671876379906,4.365,6.685293082529988,4.102431771593703,-0.0032483270702223033,0.4516594933678112,0.4516701517419046,5.109,6.090727911487028,3.5221264335027467,-0.003301770272105763,0.5361102895082692,0.5361192431923848,6.398,6.272858217091076,3.8094428365288575,0.1535459274686467,0.03432769859138688,0.15733638294292956,0.332,2.0783495456267884,8.78618342318042
c6,299,c6/c6/c_6_299.csv,32800f4daf9bc6dca2da16d36b1e8d45e0f78162f4e624b90f0a11acd55b8a63,221026,50000,4.42052,4.4205,171.827255,214.9572437,232.1825853,206.32236133333333,232.1825853,2,19.591281912535177,49.08456645044711,52.84980690694518,201.868,2.396413675134099,2.0241679045651995,8.635446861455213,13.835363955865605,16.30911929714658,99.28999999999999,3.7968328560104383,2.7957585312531954,11.853514708676807,29.272163231105797,31.58103029416419,117.06899999999999,2.5276566108342235,2.0231959236139825,0.0011435894419661034,0.3256021834615203,0.3256034551631885,4.286,6.931744624358544,3.9922270664541477,-0.002410879263073123,0.44343948541406936,0.44344503594071744,5.152,6.235271061574457,3.7886448336316008,-0.00242882737777456,0.5326096516290411,0.5326139847707825,7.170999999999999,7.889391041446999,3.8095815824923687,0.15386174024775365,0.03437572065330783,0.1576550663192151,0.37,2.3151809105897,10.287279301403085
c6,300,c6/c6/c_6_300.csv,90128291aa143bb4de15e5dd63a9ad692a599b464fd95172efc0f72fe9fdbbcb,219807,50000,4.39614,4.39612,172.688809,216.1270558,232.3409205,207.05226176666667,232.3409205,2,19.666994704445266,48.08196619302734,51.94858646720128,194.046,2.347898341314986,1.9950424815970826,8.005072481768098,13.791425596756824,15.94627668482892,90.676,3.6419786980902416,2.8262028733279476,11.254160613629228,29.03185814765172,31.13681236298901,115.983,2.519236686323082,2.0051463179410165,-0.003734084901754721,0.32396912118293586,0.32398990320458826,4.3149999999999995,7.018737243067877,4.261583957119468,-0.009529418990296032,0.43527578216564367,0.43537909275188635,5.47,6.403614795506095,3.5270771144482693,-0.011252503332468938,0.5274008912814555,0.5275197186074456,6.599,6.553309531491713,4.000974016604024,0.11946517171882608,0.03079116562520386,0.1233694403856022,0.306,2.439826257290279,10.524074444752111
c6,301,c6/c6/c_6_301.csv,d66de548105af378f2d5abb84707a57b33f8221c7c92d92dcdd7b14969883b87,220078,50000,4.40156,4.40154,173.5290036,217.2968679,232.4992557,207.7750424,232.4992557,2,19.612978712092985,48.980173662028065,52.760927256653694,201.042,2.411254058920207,2.019994928949406,8.637734993956688,13.777026617363335,16.260875308251165,99.481,3.827407739140551,2.7581379255006677,11.917227819227728,29.296577499304288,31.627612495019676,115.077,2.4996512149770735,2.004819146390349,0.001011868519343142,0.35203030142271713,0.3520309558836331,5.2490000000000006,8.40267013613937,4.070089213258513,-0.0029016530502821735,0.44938298988150926,0.4493913367861674,5.109,5.88796397127486,3.6764550876626036,-0.0029115677169003714,0.5452348583201425,0.5452413934720769,6.482,6.321970490995983,3.8035561983418136,0.1649858232081353,0.03589624215410481,0.16884565794099396,0.37,2.161737556363786,9.649558908496363
c6,302,c6/c6/c_6_302.csv,d3678af8de47d92747a4b35d1b98f5ec091a4449ac12ef203541c27d0b137c15,219777,50000,4.39554,4.39552,174.3422199,218.46668,232.6575909,208.48883026666667,232.6575909,2,19.535085313749846,48.83829301840651,52.600262075814705,200.027,2.3809767301061533,2.0156634110963707,8.609651373892628,13.673238675816663,16.158053781224186,97.518,3.665540466811882,2.7714647815319537,11.894251400283013,29.070129890301924,31.40926333227465,115.994,2.5656443816431285,2.0039940465156247,0.000582149178485465,0.35304373532825456,0.35304341210739887,5.089,7.899878327573953,4.0857884062768,-0.0033941722746238232,0.446371065408873,0.4463829542578525,5.337999999999999,6.525786820966531,3.666924500491629,-0.0037792535160640103,0.5440536515557712,0.5440655399252621,7.311,7.149873893013638,3.8891184231113454,0.1693735968731942,0.033317382403816424,0.17261940284108615,0.342,1.9522718446097456,8.848593945618447
c6,303,c6/c6/c_6_303.csv,387a2238bc881159da5e5369668aa48208ab2ccffffc6c9b2433fcef148723fa,219692,50000,4.39384,4.39382,175.1224141,219.636492,232.8159261,209.1916107333333,232.8159261,2,19.59629740272745,48.950331956058534,52.72702308790283,199.402,2.376200905390111,2.0155677234867757,8.688550980463559,13.658039468878803,16.18740594309175,96.13,3.5628315125199497,2.7668097655394672,11.97362766054294,29.04797162231268,31.418920636491286,116.549,2.5373245924753305,2.0049139383495067,-9.662163392385706e-05,0.3519817805507516,0.3519809927314465,5.085,8.159531506836991,4.07327865028194,-0.0039776414252681025,0.450015971787303,0.45003252625177925,5.606999999999999,6.319543219880223,3.656041098695632,-0.004633122735466015,0.5386653363139021,0.5386840350453415,6.852,6.690378339682275,3.861178849458043,0.17427045135917557,0.034008214481315545,0.17755771907941068,0.343,1.9036063413769884,8.153569411154786
c6,304,c6/c6/c_6_304.csv,02a71622e2ec8676920d091087f9ca4251235bac2f91dde461aa4fc4ac2a4806,219740,50000,4.3948,4.39478,175.8630988,220.8063041,232.9742613,209.8812214,232.9742613,2,19.65879990443251,49.13912799002097,52.92552621010022,200.334,2.386750006009261,2.0143330397557135,8.667561681987804,13.718361292031462,16.22711328650004,94.75200000000001,3.727958197612837,2.7688384559467334,12.054082843360337,29.198165803965743,31.588445985452406,114.606,2.5155716756878608,1.9942831245019046,0.0016334577227632655,0.349916117036627,0.3499191334241218,4.943,7.093067405924545,4.177787517925038,-0.001963306635114226,0.4417100692097876,0.44171342736139435,4.710000000000001,5.336038829699388,3.5841673840171886,-0.001808082279057068,0.5388713168691303,0.5388731240510329,7.789,7.441454808238387,3.9670362317466865,0.1795660553381269,0.03468440580278542,0.18288512996112954,0.377,2.034063677451879,8.635957395285189
c6,305,c6/c6/c_6_305.csv,b4cee1447477bfcfe8ff7c15343d8d2be754b25491b70cf89d5774cea7c5213c,219607,50000,4.39214,4.39212,176.5573244,221.9761162,233.1325965,210.5553457,233.1325965,2,19.7530425031989,49.5637735452284,53.354841860665864,201.095,2.3842259776948467,2.0109542507786786,8.697715605604557,13.760888783186113,16.27917241699397,95.53,3.677029671208143,2.7791642692454293,12.154988424776988,29.345611482225014,31.76326078161938,115.268,2.5095975047413255,1.9968905580930343,0.000718752134494802,0.35723694123653194,0.357236850937438,4.733,7.003756732919384,4.168814182159073,-0.0032123019758022284,0.4389407454324626,0.43895150022464663,4.508,5.1463544351571615,3.4598817617770856,-0.0034337885404381466,0.5367241215651508,0.5367338836039648,7.51,8.145563627628045,3.81783997635798,0.18544849207903208,0.03684416341560044,0.18907307955052738,0.374,1.9516263281753414,7.65185878251095
c6,306,c6/c6/c_6_306.csv,c116c45461b01dc93fb2af932f40dbad75d91ec7e10b4d99edfc4c0e38479313,219645,50000,4.3929,4.39288,177.1976604,223.1459282,233.2909317,211.21150676666664,233.2909317,2,19.73841170980446,49.605032364719136,53.38776011258082,199.38400000000001,2.357281888856458,2.0115644733281366,8.766296414669124,13.743253357593083,16.30104615542697,96.997,3.715221674888492,2.779442843759167,12.20965664139862,29.283092001244,31.72650766204181,116.812,2.525270062921381,1.996615097050395,0.00048010198274488393,0.35477402022476695,0.35477353746839935,5.537,8.845079095786591,4.155238752864979,-0.0036598784402103396,0.43657635412532847,0.43659070069416106,4.696999999999999,5.545239502698318,3.5568807644337666,-0.004015265542124793,0.5349397914058241,0.5349536428088625,7.021,7.109027204734452,3.823283776364448,0.19218650549750738,0.03726041253200032,0.19576512691633796,0.376,1.8951281356589638,7.790630421284046
c6,307,c6/c6/c_6_307.csv,f63b9a1c4880b443db046681ed302d8e436ee33033b022f233d7092b4b18e90b,219592,50000,4.39184,4.39182,177.776175,224.3157403,233.4492669,211.84706073333334,233.4492669,2,19.8481136744508,50.002353763513796,53.79750563458958,200.95600000000002,2.3612618931225122,2.010331239142283,8.800779099420744,13.760554001087351,16.334187977359708,96.133,3.6951944035210245,2.7734562082684087,12.300468364056979,29.379191122398165,31.850187791323993,114.956,2.4915080727284233,1.9957490589910585,0.0007485791832125032,0.3444301021451599,0.34443013137039125,3.8739999999999997,5.783466133100459,3.983103508511846,-0.003231342671864184,0.4320231435781119,0.4320342442497913,5.125,5.967119584413001,3.542738747990894,-0.0034223059127837076,0.5300051013996883,0.5300149436311494,6.4190000000000005,6.7432060981420845,3.6668682709276705,0.19811038653502863,0.03658647137663284,0.2014603907599165,0.385,1.8862268586228046,7.965243194149207
c6,308,c6/c6/c_6_308.csv,9fd250dc3f2413f65ac9a1fbf2acf4b2c2f1bd1c7cc9b175de3536f216e51716,219671,50000,4.39342,4.3934,178.2844153,225.4855524,233.6076021,212.4591899333333,233.6076021,2,19.71789489736925,49.846423031754036,53.604570303226545,203.198,2.388788852809673,2.0116598296803176,8.78492324885852,13.675518067138595,16.25404009868991,95.851,3.7503906493323687,2.776475884449886,12.254306931729722,29.1276170000527,31.60035202742589,115.942,2.5025670578405226,1.9999610865830204,0.0007860118085682677,0.3566792445576755,0.356679298773582,4.542,6.731537289255861,3.9993804748384134,-0.0033057026189164704,0.43239483277867086,0.43240648465126186,4.5280000000000005,5.258940558752243,3.522144069475485,-0.003289651342234524,0.530126414783344,0.5301354148860987,6.308,6.530406954124772,3.7010664853016273,0.20706255263553225,0.04095977058431406,0.2110748584576549,0.414,1.9377011690951915,7.425422463355699
c6,309,c6/c6/c_6_309.csv,01c6f9045b53f5dec6d6b14fc7c293e6e179d60e54f1f1b058c7ed3f3ca0dcf6,219436,50000,4.38872,4.3887,178.7133868,226.6553645,233.7659373,213.0448962,233.7659373,2,19.794042873548552,50.14455772881022,53.909826045742484,202.559,2.3507773868991824,2.007795466917379,8.817691664084288,13.770105887819485,16.351349740596252,100.47399999999999,3.795649960682502,2.7730950438468622,12.319251317012705,29.198243754505068,31.690653294449106,115.91999999999999,2.533680806575994,1.9991677210568717,0.0011068147432508795,0.3474332521829809,0.34743422351559,5.091,7.892141344783099,4.103256019012749,-0.0025797681328496693,0.4328465904666088,0.43285329186039023,4.736000000000001,5.803351960668938,3.5866857249970456,-0.0023796004301937694,0.532724145970133,0.5327282467684046,8.344,8.370121214801065,3.800382895406899,0.21483569696859223,0.03967612944680728,0.21846868143062653,0.412,1.8629672561521844,7.760171921692523
c6,310,c6/c6/c_6_310.csv,140a6246219591549c734daa156a7229509e03af005fbdf871b70f296633809a,219271,50000,4.38542,4.3854,179.0535319,227.8251765,233.9242725,213.60099363333333,233.9242725,2,19.640869754778333,50.02897543710821,53.746169476309284,201.103,2.3365386077486745,2.0053348413416185,8.865444842227198,13.694190000276516,16.31337171670409,96.523,3.6968445914983703,2.780003275769994,12.253274208627682,28.728452171073705,31.23240190943663,113.092,2.4775552077094725,2.0009650826828214,0.0007811064846696552,0.34395759969236844,0.34395770229389566,4.448,6.471725985941108,4.242790563587932,-0.0029511517710960416,0.4190756725324842,0.4190851078939316,4.8309999999999995,6.087069074870696,3.5385346547441334,-0.0030503577764501464,0.5354174119132948,0.5354248801434566,6.592,7.112108796624693,3.863699658409318,0.21946560192638334,0.03958967704916589,0.2230078155800756,0.397,1.7577859277279198,8.155874336407509
c6,311,c6/c6/c_6_311.csv,81dd2710b44d2e6dccbc9a946a66a6568b8ba0fef40b646edec3eee606fc674f,215259,50000,4.30518,4.30516,179.2947081,228.9949886,234.0826077,214.1241014666667,234.0826077,2,19.81999799311527,48.17401152769658,52.09181246594478,194.745,2.364671033101976,1.9849433764917481,8.092143167068508,13.682677330878803,15.89646408024389,89.608,3.60476390917752,2.7853344055392117,11.361202718585517,29.150395571661132,31.28607584289849,113.417,2.45383922181554,1.9799807153766693,-0.0027989259450243663,0.3155367798660741,0.31554846047164425,4.274,6.861069760137685,4.030396526351333,-0.007182082979108888,0.43378972123474546,0.43384816513640484,5.177,6.578338297461009,3.6675298593079497,-0.008715013077269709,0.51876924616247,0.5188412396821841,5.694,6.042310749855471,3.7923864971054613,0.11996892116009086,0.026417438986770552,0.12284307015409075,0.29,2.328173657995115,10.492197230937244
c6,312,c6/c6/c_6_312.csv,50b26963c95151f802136147697cfa6355174a49a9143578882df1f86adc974e,219303,50000,4.38606,4.38604,179.4261663,230.1648007,234.2409429,214.61063663333334,234.2409429,2,19.54529013282992,50.029733821277624,53.71202118045061,200.772,2.3566419065620807,2.0055929359393225,8.837620438388896,13.685414112107516,16.290894401673135,101.709,3.8274755493839625,2.8102239674470555,12.243493454261912,28.61712564988221,31.12618316049697,112.434,2.4926281388225706,1.9998008477391356,0.0004619818242340508,0.3480259259168413,0.3480254390600332,4.773999999999999,7.200623054361619,4.225159178705747,-0.0033466391248637727,0.41914705546559883,0.41915946010567745,4.786,5.744830378856059,3.5276938801310327,-0.0035422406442228334,0.5428179708638302,0.5428282908807193,8.616999999999999,9.15574977114099,4.085637158661017,0.2250492104531174,0.041279696099304486,0.22880374268243564,0.49,2.1197205706252267,8.54351451380514
c6,313,c6/c6/c_6_313.csv,655fb0ee4fd77a4e8437815aa2749ba059cd381e27560e5238bf32a5ff09f277,219102,50000,4.38204,4.38202,179.4365275,231.3346127,234.3992781,215.0568061,234.3992781,2,19.44813418864273,49.922678988391844,53.57697663968526,200.216,2.365568345753235,2.0076578639599196,8.848214169656142,13.673983097065673,16.287045599139084,100.218,3.8458171937156562,2.8156022871572164,12.243198263822329,28.47880954659016,30.998948292667038,113.083,2.5345375997348163,2.0023981937560174,0.0008100884519538844,0.34159717878897317,0.34159735980116845,4.333,6.756492501415712,4.123678145796601,-0.003223530593057115,0.41675252803047313,0.41676404363491787,4.484999999999999,5.545104082981829,3.492739732541785,-0.0033070624640578364,0.535653509491728,0.5356624957419609,6.478999999999999,7.056682202035104,3.8233001469877093,0.23263231280408211,0.04214990900904142,0.23641996464221657,0.45,1.8822437465187665,8.773444734409878
c6,314,c6/c6/c_6_314.csv,fb4b3b7a64cb78e539c0c32c401c2131749f42240f1cc5281e1abb910ad40a03,219040,50000,4.3808,4.38078,179.4365275,232.5044248,234.5576133,215.4995218666667,234.5576133,2,19.5704800812637,50.34198767640266,54.012108306541435,202.63,2.388168209763772,2.010713418512054,8.931804592768446,13.739965517848589,16.3878895478637,94.702,3.67197983756514,2.816295455634038,12.365563038714392,28.719807210348858,31.26868577054354,112.16400000000002,2.46428649305719,2.0025396066434076,0.0008471101168736306,0.34593659797204784,0.3459368454844506,5.234999999999999,7.65168566040757,4.3124497142884355,-0.003145375273922571,0.41723156870147887,0.4172424721382793,4.348,5.294283654009005,3.4206017096831483,-0.0034103679693206724,0.532876146934107,0.5328858435073642,8.108,8.579698739804893,3.873959214116129,0.24007361669101537,0.041931466822350084,0.24370798368932287,0.395,1.600275846921655,8.553544343009786
c6,315,c6/c6/c_6_315.csv,b2d3c140549581650400b38cf5043e09d260c8870e30063985ca7b7f82b6acbb,218837,50000,4.37674,4.37672,179.4365275,233.6742369,234.7159485,215.94223763333332,234.7159485,2,19.749731169774762,50.68382672478098,54.39568396572476,201.432,2.3711440062279854,2.0130400846604988,9.033950374022675,13.860411810774709,16.544557928573507,106.094,3.8386036226642015,2.8401796067959357,12.523346961437051,28.93766076545368,31.531232185794604,111.449,2.433238242892554,1.9887520037168378,0.0003606794097890212,0.3502411087617198,0.35024049424274173,5.623,8.976689022774686,4.372148831539867,-0.0038754918044023633,0.41614320562648366,0.41616030046441405,4.789,5.956839220928956,3.4061280839789596,-0.00402167823539895,0.5342716788607549,0.534285594369015,8.254,9.184226660266049,3.951520165717234,0.24932040742653208,0.045365798279258615,0.25341411130466324,0.468,1.8270490053466888,8.314929602983604
